{
"type": "FeatureCollection",
"name": "changbaishan_faults",
"crs": { "type": "name", "properties": { "name": "urn:ogc:def:crs:OGC:1.3:CRS84" } },
"features": [
{ "type": "Feature", "properties": { "CHFCAC": "K5214D08D00001", "GZEE": "521", "SHEET": "K5214" }, "geometry": { "type": "LineString", "coordinates": [ [ 127.897361861611358, 42.620339852097381 ], [ 127.910943749671134, 42.62865258751593 ] ] } },
{ "type": "Feature", "properties": { "CHFCAC": "K5214D08D00002", "GZEE": "522", "SHEET": "K5214" }, "geometry": { "type": "LineString", "coordinates": [ [ 127.454035869721693, 42.083365234496789 ], [ 127.455361622391763, 42.084202331958238 ], [ 127.459183571595887, 42.086063255744556 ], [ 127.463053735497141, 42.087843674291605 ] ] } },
{ "type": "Feature", "properties": { "CHFCAC": "K5214D08D00003", "GZEE": "522", "SHEET": "K5214" }, "geometry": { "type": "LineString", "coordinates": [ [ 127.081430460198206, 42.023251563786097 ], [ 127.085265470933265, 42.025192656109446 ], [ 127.089075357861219, 42.026714583253018 ], [ 127.091161764571936, 42.027438006924655 ], [ 127.093885805461426, 42.02839706751115 ], [ 127.096982261451856, 42.029812351881688 ], [ 127.100514359620135, 42.03110871318453 ], [ 127.101902124693993, 42.031568302558512 ], [ 127.102879367639702, 42.031877047465123 ], [ 127.104431498577739, 42.032483364693711 ], [ 127.10647269055562, 42.033084262019372 ], [ 127.112645603222404, 42.034603835402926 ], [ 127.121318328404328, 42.036803282317187 ], [ 127.124737039706872, 42.037822448500719 ], [ 127.125774532682371, 42.038113978309688 ], [ 127.132550692476585, 42.039961991134369 ], [ 127.142368517918683, 42.043191203713178 ], [ 127.144945778868802, 42.044115152158618 ], [ 127.146392190187342, 42.044539142270871 ], [ 127.148639152649494, 42.04553422545137 ], [ 127.151563761440826, 42.046612155742281 ], [ 127.156367885019989, 42.048661011521268 ] ] } },
{ "type": "Feature", "properties": { "CHFCAC": "K5214D08D00004", "GZEE": "100", "SHEET": "K5214" }, "geometry": { "type": "LineString", "coordinates": [ [ 127.070896683592053, 42.098776950942288 ], [ 127.073427857077533, 42.100061860287127 ], [ 127.078432048316742, 42.102738499528648 ], [ 127.08452964779039, 42.106103832506733 ], [ 127.091722931531692, 42.110027287753574 ], [ 127.098563493367749, 42.113674306474032 ], [ 127.104135686571752, 42.116822898571044 ], [ 127.109815724513268, 42.119567821677109 ], [ 127.116310645361892, 42.122523935457245 ], [ 127.122094957435451, 42.124792867786446 ], [ 127.126896875352656, 42.127081480502135 ], [ 127.131685637213195, 42.129117610038364 ] ] } },
{ "type": "Feature", "properties": { "CHFCAC": "K5214D08D00005", "GZEE": "522", "SHEET": "K5214" }, "geometry": { "type": "LineString", "coordinates": [ [ 127.046641002938941, 42.457242998320559 ], [ 127.048075933109487, 42.458784243380073 ] ] } },
{ "type": "Feature", "properties": { "CHFCAC": "K5214D08D00006", "GZEE": "522", "SHEET": "K5214" }, "geometry": { "type": "LineString", "coordinates": [ [ 127.483997905426804, 42.648687939284571 ], [ 127.485233132653946, 42.652611052678296 ], [ 127.486391147009314, 42.658117478197831 ], [ 127.487056668810041, 42.663333825506733 ], [ 127.487444733323557, 42.66696669604994 ] ] } },
{ "type": "Feature", "properties": { "CHFCAC": "K5214D08D00007", "GZEE": "522", "SHEET": "K5214" }, "geometry": { "type": "LineString", "coordinates": [ [ 127.077627757033753, 42.298880743238108 ], [ 127.078417872699021, 42.301342562743848 ], [ 127.079091436561697, 42.303095770124585 ] ] } },
{ "type": "Feature", "properties": { "CHFCAC": "K5214D08D00008", "GZEE": "522", "SHEET": "K5214" }, "geometry": { "type": "LineString", "coordinates": [ [ 127.045179595961329, 42.335600806189838 ], [ 127.046038341591384, 42.336754214072272 ], [ 127.05048875166213, 42.344459270338866 ], [ 127.054421753029487, 42.353901787333577 ], [ 127.057067422219845, 42.361121337766527 ], [ 127.0640280981507, 42.376866671679615 ] ] } },
{ "type": "Feature", "properties": { "CHFCAC": "K5214D08D00009", "GZEE": "522", "SHEET": "K5214" }, "geometry": { "type": "LineString", "coordinates": [ [ 127.042226112696042, 42.403497902836911 ], [ 127.042181490500184, 42.405320029078077 ] ] } },
{ "type": "Feature", "properties": { "CHFCAC": "K5214D08D00010", "GZEE": "522", "SHEET": "K5214" }, "geometry": { "type": "LineString", "coordinates": [ [ 127.039835577553376, 42.395436231313759 ], [ 127.040892341049656, 42.399185635781613 ], [ 127.042000183574473, 42.402116718964216 ] ] } },
{ "type": "Feature", "properties": { "CHFCAC": "K5214D08D00011", "GZEE": "522", "SHEET": "K5214" }, "geometry": { "type": "LineString", "coordinates": [ [ 127.141837603355285, 42.32253495790831 ], [ 127.144183217737961, 42.323108584991786 ] ] } },
{ "type": "Feature", "properties": { "CHFCAC": "K5214D08D00012", "GZEE": "521", "SHEET": "K5214" }, "geometry": { "type": "LineString", "coordinates": [ [ 127.298600642963336, 42.467292564084005 ], [ 127.303673088646903, 42.461043821505911 ], [ 127.305585964174838, 42.458691081980703 ], [ 127.305994128817716, 42.458012961084691 ], [ 127.308981092167912, 42.453713588707188 ], [ 127.312242016251417, 42.447500759384013 ], [ 127.313072429157259, 42.445555022435236 ], [ 127.313933954747753, 42.442110906100588 ], [ 127.314261927280739, 42.439095519849616 ], [ 127.314464664981202, 42.433638768456532 ], [ 127.314210818169784, 42.430376249099936 ], [ 127.31381191217352, 42.426634526402466 ], [ 127.312739596418993, 42.422653304786607 ], [ 127.312116534132542, 42.42041610954081 ], [ 127.311669392642969, 42.419108718988518 ] ] } },
{ "type": "Feature", "properties": { "CHFCAC": "K5214D08D00013", "GZEE": "522", "SHEET": "K5214" }, "geometry": { "type": "LineString", "coordinates": [ [ 127.118773272501926, 42.349372258838137 ], [ 127.117267507368382, 42.356670753484849 ], [ 127.116211871955315, 42.363648024955445 ], [ 127.114719833828829, 42.372652571780513 ], [ 127.114645606683766, 42.376418737880634 ], [ 127.113798125044312, 42.394057859459345 ], [ 127.113693759521425, 42.39749489191675 ] ] } },
{ "type": "Feature", "properties": { "CHFCAC": "K5214D08D00014", "GZEE": "521", "SHEET": "K5214" }, "geometry": { "type": "LineString", "coordinates": [ [ 127.069152384483758, 42.349456298214854 ], [ 127.074305781587171, 42.346113213044504 ], [ 127.07747425131106, 42.344041888415205 ], [ 127.083362726944614, 42.340526173331732 ], [ 127.085847993445185, 42.338852800304331 ], [ 127.088020549465057, 42.337489214223247 ] ] } },
{ "type": "Feature", "properties": { "CHFCAC": "K5214D08D00015", "GZEE": "522", "SHEET": "K5214" }, "geometry": { "type": "LineString", "coordinates": [ [ 127.063709832419974, 42.34412976661983 ], [ 127.064266523871822, 42.341839116077587 ], [ 127.064757274896294, 42.339632919257554 ], [ 127.066693793851883, 42.328345440522305 ] ] } },
{ "type": "Feature", "properties": { "CHFCAC": "K5214D08D00016", "GZEE": "522", "SHEET": "K5214" }, "geometry": { "type": "LineString", "coordinates": [ [ 127.069015996476921, 42.398114614885699 ], [ 127.069785014706838, 42.401215297673595 ] ] } },
{ "type": "Feature", "properties": { "CHFCAC": "K5214D08D00017", "GZEE": "522", "SHEET": "K5214" }, "geometry": { "type": "LineString", "coordinates": [ [ 127.045914459207992, 42.418040548232327 ], [ 127.047525139753716, 42.419944916788296 ] ] } },
{ "type": "Feature", "properties": { "CHFCAC": "K5214D08D00018", "GZEE": "521", "SHEET": "K5214" }, "geometry": { "type": "LineString", "coordinates": [ [ 127.878444754906326, 42.611617802827432 ], [ 127.885387329804672, 42.614116115349781 ], [ 127.891109473027498, 42.616651681829069 ], [ 127.891181564108436, 42.61670190037529 ], [ 127.891455007412176, 42.616844068214718 ], [ 127.897135552359686, 42.620198152126285 ], [ 127.897361861611358, 42.620339852097381 ] ] } },
{ "type": "Feature", "properties": { "CHFCAC": "K5214D08D00019", "GZEE": "521", "SHEET": "K5214" }, "geometry": { "type": "LineString", "coordinates": [ [ 127.957989153823632, 42.652040756320261 ], [ 127.959467856393701, 42.651694119230996 ], [ 127.960839331942267, 42.651369004320927 ] ] } },
{ "type": "Feature", "properties": { "CHFCAC": "K5214D08D00020", "GZEE": "522", "SHEET": "K5214" }, "geometry": { "type": "LineString", "coordinates": [ [ 127.08034739775178, 42.305263824609725 ], [ 127.081453492818014, 42.307024293154029 ] ] } },
{ "type": "Feature", "properties": { "CHFCAC": "K5214D08D00021", "GZEE": "522", "SHEET": "K5214" }, "geometry": { "type": "LineString", "coordinates": [ [ 127.082211465230998, 42.309242488108865 ], [ 127.085662910358977, 42.315957253287642 ], [ 127.088496284046698, 42.322661638412782 ], [ 127.089735906966212, 42.325459479680184 ] ] } },
{ "type": "Feature", "properties": { "CHFCAC": "K5214D08D00022", "GZEE": "522", "SHEET": "K5214" }, "geometry": { "type": "LineString", "coordinates": [ [ 127.077966576748835, 42.322062448644409 ], [ 127.080379163151719, 42.326225853681031 ], [ 127.081779537256054, 42.328342325497324 ], [ 127.082562486199961, 42.329543672578346 ] ] } },
{ "type": "Feature", "properties": { "CHFCAC": "K5214D08D00023", "GZEE": "522", "SHEET": "K5214" }, "geometry": { "type": "LineString", "coordinates": [ [ 127.073775256329299, 42.316289273376761 ], [ 127.076860963838328, 42.321175198858228 ] ] } },
{ "type": "Feature", "properties": { "CHFCAC": "K5214D08D00024", "GZEE": "522", "SHEET": "K5214" }, "geometry": { "type": "LineString", "coordinates": [ [ 127.072301614107474, 42.305857983813524 ], [ 127.071957284450022, 42.310546815510691 ] ] } },
{ "type": "Feature", "properties": { "CHFCAC": "K5214D08D00025", "GZEE": "522", "SHEET": "K5214" }, "geometry": { "type": "LineString", "coordinates": [ [ 127.037449474147962, 42.36933454665391 ], [ 127.036145319882081, 42.372687974815889 ] ] } },
{ "type": "Feature", "properties": { "CHFCAC": "K5214D08D00026", "GZEE": "522", "SHEET": "K5214" }, "geometry": { "type": "LineString", "coordinates": [ [ 127.02464387821135, 42.368587897413846 ], [ 127.029038797087708, 42.370472990035879 ], [ 127.031821745941528, 42.371799105514746 ] ] } },
{ "type": "Feature", "properties": { "CHFCAC": "K5214D08D00027", "GZEE": "522", "SHEET": "K5214" }, "geometry": { "type": "LineString", "coordinates": [ [ 127.020398444421559, 42.366619716343038 ], [ 127.022675265049372, 42.367802314305095 ] ] } },
{ "type": "Feature", "properties": { "CHFCAC": "K5214D08D00028", "GZEE": "522", "SHEET": "K5214" }, "geometry": { "type": "LineString", "coordinates": [ [ 127.021534734085293, 42.369335466574562 ], [ 127.025846916750083, 42.370787155049399 ], [ 127.030285011061864, 42.372452359065356 ] ] } },
{ "type": "Feature", "properties": { "CHFCAC": "K5214D08D00029", "GZEE": "522", "SHEET": "K5214" }, "geometry": { "type": "LineString", "coordinates": [ [ 127.017647175363791, 42.368017007220743 ], [ 127.019642481004723, 42.368722153909083 ] ] } },
{ "type": "Feature", "properties": { "CHFCAC": "K5214D08D00030", "GZEE": "522", "SHEET": "K5214" }, "geometry": { "type": "LineString", "coordinates": [ [ 127.045337444465844, 42.455141304316861 ], [ 127.046001202451436, 42.456457905991734 ] ] } },
{ "type": "Feature", "properties": { "CHFCAC": "K5214D08D00031", "GZEE": "522", "SHEET": "K5214" }, "geometry": { "type": "LineString", "coordinates": [ [ 127.055952187693975, 42.505507506698251 ], [ 127.059604272931821, 42.512316319516799 ], [ 127.062556842145071, 42.517753903122724 ] ] } },
{ "type": "Feature", "properties": { "CHFCAC": "K5214D08D00032", "GZEE": "520", "SHEET": "K5214" }, "geometry": { "type": "LineString", "coordinates": [ [ 127.023421706574354, 42.028775793529149 ], [ 127.024347830864897, 42.025015170078611 ] ] } },
{ "type": "Feature", "properties": { "CHFCAC": "K5214D08D00033", "GZEE": "520", "SHEET": "K5214" }, "geometry": { "type": "LineString", "coordinates": [ [ 127.017825868641637, 42.036930038897104 ], [ 127.020393465756342, 42.032432638626354 ], [ 127.022837814217041, 42.028909790931117 ] ] } },
{ "type": "Feature", "properties": { "CHFCAC": "K5214D08D00034", "GZEE": "521", "SHEET": "K5214" }, "geometry": { "type": "LineString", "coordinates": [ [ 127.013069629644164, 42.030140906020087 ], [ 127.016869450364553, 42.029671013190288 ], [ 127.018763762795132, 42.029460671026925 ], [ 127.020279793858251, 42.029284282481051 ], [ 127.021474262869276, 42.029066302034799 ], [ 127.022837814217041, 42.028909790931117 ], [ 127.023421706574354, 42.028775793529149 ], [ 127.025804334826944, 42.028708766412791 ], [ 127.027577868365654, 42.02872579877485 ], [ 127.029465618361314, 42.028758217485958 ], [ 127.031026553792586, 42.028906531341661 ], [ 127.033828033932068, 42.028990599101697 ], [ 127.03663387846224, 42.028998117374343 ], [ 127.040364365305436, 42.029106920926047 ] ] } },
{ "type": "Feature", "properties": { "CHFCAC": "K5214D08D00035", "GZEE": "520", "SHEET": "K5214" }, "geometry": { "type": "LineString", "coordinates": [ [ 127.014871334837764, 42.032904387817716 ], [ 127.014171967621621, 42.033229862098402 ], [ 127.013566405300281, 42.03366048493163 ], [ 127.013010240334751, 42.034213511073069 ], [ 127.012285926818691, 42.034925683846332 ], [ 127.011505098462834, 42.035794381515565 ], [ 127.010889156449082, 42.036467929425605 ], [ 127.010159310319295, 42.037463519005648 ], [ 127.009267734507063, 42.038370826015026 ], [ 127.008647296309874, 42.039282797412014 ], [ 127.008081569192512, 42.040078734834765 ], [ 127.007523672021804, 42.040672214532478 ], [ 127.007293712738488, 42.041136350248948 ] ] } },
{ "type": "Feature", "properties": { "CHFCAC": "K5214D08D00036", "GZEE": "520", "SHEET": "K5214" }, "geometry": { "type": "LineString", "coordinates": [ [ 127.000971722169965, 42.047994277132631 ], [ 127.001674466046538, 42.048510640687887 ], [ 127.003029672660318, 42.050024164397833 ], [ 127.004179258736954, 42.05143503315913 ], [ 127.006400130997562, 42.054498494132261 ], [ 127.007744272213472, 42.056452855554525 ], [ 127.009493209043953, 42.0592559728805 ], [ 127.010783071938377, 42.061204872418301 ], [ 127.012173016390847, 42.063398557788773 ], [ 127.013147646833261, 42.065062891389097 ], [ 127.013918904564548, 42.066323086494982 ], [ 127.014807823704132, 42.067832879957344 ] ] } },
{ "type": "Feature", "properties": { "CHFCAC": "K5214D08D00037", "GZEE": "520", "SHEET": "K5214" }, "geometry": { "type": "LineString", "coordinates": [ [ 127.000971186202705, 42.031245139195576 ], [ 127.00483405864685, 42.036956924703361 ], [ 127.007293712738488, 42.041136350248948 ], [ 127.007962465575417, 42.042273239719023 ], [ 127.009826186190779, 42.044835282335619 ], [ 127.012788248902396, 42.049032303843525 ], [ 127.014944004942834, 42.052107960134791 ], [ 127.017522852010515, 42.056091099914681 ], [ 127.020366494076455, 42.060155322840323 ], [ 127.022744686416573, 42.06361275455685 ], [ 127.025065391383706, 42.067181694552751 ], [ 127.026533016025098, 42.069664622222987 ] ] } },
{ "type": "Feature", "properties": { "CHFCAC": "K5214D08D00038", "GZEE": "521", "SHEET": "K5214" }, "geometry": { "type": "LineString", "coordinates": [ [ 127.000971078011403, 42.029719213481052 ], [ 127.006176911548607, 42.030066366261082 ], [ 127.011343973123658, 42.030435117100588 ] ] } },
{ "type": "Feature", "properties": { "CHFCAC": "K5214D08D00039", "GZEE": "520", "SHEET": "K5214" }, "geometry": { "type": "LineString", "coordinates": [ [ 127.012601923717924, 42.029489161048481 ], [ 127.011343973123658, 42.030435117100588 ], [ 127.00483405864685, 42.036956924703361 ] ] } },
{ "type": "Feature", "properties": { "CHFCAC": "K5214D08D00040", "GZEE": "520", "SHEET": "K5214" }, "geometry": { "type": "LineString", "coordinates": [ [ 127.011754702632956, 42.027691951510583 ], [ 127.012601923717924, 42.029489161048481 ], [ 127.013069629644164, 42.030140906020087 ], [ 127.014871334837764, 42.032904387817716 ], [ 127.016736180891812, 42.035506817907695 ], [ 127.017825868641637, 42.036930038897104 ], [ 127.018493905884199, 42.037990386661917 ], [ 127.020675762427814, 42.040755804621888 ], [ 127.029290399090044, 42.054169269558997 ], [ 127.040084493134557, 42.071454396460439 ] ] } },
{ "type": "Feature", "properties": { "CHFCAC": "K5214D08D00041", "GZEE": "520", "SHEET": "K5214" }, "geometry": { "type": "LineString", "coordinates": [ [ 127.130856746667732, 42.012309995154538 ], [ 127.135638519317695, 42.012477794602617 ], [ 127.138387643911813, 42.012477397787485 ], [ 127.143454416401269, 42.012356958694681 ], [ 127.152860901923475, 42.011941563337928 ], [ 127.16002094491374, 42.011574970584327 ], [ 127.166013459734771, 42.011189260589866 ], [ 127.171008539337691, 42.010877354016053 ], [ 127.175311048948544, 42.010846820418351 ] ] } },
{ "type": "Feature", "properties": { "CHFCAC": "K5214D08D00042", "GZEE": "520", "SHEET": "K5214" }, "geometry": { "type": "LineString", "coordinates": [ [ 127.127577758854201, 42.108268510476286 ], [ 127.129442034880114, 42.108141366208528 ], [ 127.134461831821469, 42.107831521101573 ], [ 127.139029772150977, 42.10784268396398 ], [ 127.143430570963659, 42.108004018064655 ], [ 127.1475412125193, 42.108462064631517 ], [ 127.150035256948073, 42.108889419467076 ], [ 127.151928161260585, 42.109131488813247 ], [ 127.154553063277177, 42.109371801660622 ] ] } },
{ "type": "Feature", "properties": { "CHFCAC": "K5214D08D00043", "GZEE": "520", "SHEET": "K5214" }, "geometry": { "type": "LineString", "coordinates": [ [ 127.108387610635859, 42.128326166065378 ], [ 127.114259420803236, 42.127909728179318 ], [ 127.121278386553342, 42.127484760213243 ], [ 127.126896875352656, 42.127081480502135 ] ] } },
{ "type": "Feature", "properties": { "CHFCAC": "K5214D08D00044", "GZEE": "522", "SHEET": "K5214" }, "geometry": { "type": "LineString", "coordinates": [ [ 127.140386433247301, 42.129677629662645 ], [ 127.14164827684867, 42.127893074685645 ], [ 127.143209966737501, 42.125829798418337 ], [ 127.144607776740074, 42.123970905482267 ], [ 127.145012732180234, 42.123320292396279 ], [ 127.145142231649501, 42.123182864746589 ], [ 127.146240647212792, 42.121602670068434 ], [ 127.147428575662573, 42.120073423495029 ], [ 127.147682860082853, 42.119681454259492 ], [ 127.148456605840281, 42.118685670975992 ], [ 127.148791969903129, 42.118087886688805 ], [ 127.149305197026919, 42.117317455422956 ], [ 127.150454743162754, 42.115625528474467 ], [ 127.152339036229336, 42.112856160072766 ], [ 127.153024557602052, 42.111732888670709 ], [ 127.153112148171928, 42.111554217317149 ], [ 127.154553063277177, 42.109371801660622 ], [ 127.156290233880711, 42.10709511750332 ], [ 127.156552783355849, 42.106815774987759 ], [ 127.157136796572104, 42.106041926801055 ], [ 127.15768786879606, 42.105353070047798 ], [ 127.158280660244316, 42.104727929845446 ], [ 127.160133059282842, 42.102597058426632 ] ] } },
{ "type": "Feature", "properties": { "CHFCAC": "K5214D08D00045", "GZEE": "100", "SHEET": "K5214" }, "geometry": { "type": "LineString", "coordinates": [ [ 127.000973330563085, 42.067057003225706 ], [ 127.001655935510897, 42.067037404399002 ], [ 127.010800179590774, 42.067641961983256 ], [ 127.014807823704132, 42.067832879957344 ], [ 127.018170540833708, 42.068363649164681 ], [ 127.020712758551355, 42.06881716692638 ], [ 127.023702871727366, 42.069332325323956 ], [ 127.026533016025098, 42.069664622222987 ], [ 127.028867047161626, 42.069898336069755 ], [ 127.0309930884073, 42.070146369015838 ], [ 127.033362361060739, 42.070322045898344 ], [ 127.040084493134557, 42.071454396460439 ], [ 127.044707035651442, 42.072618072098294 ], [ 127.048433335626981, 42.073293655430881 ], [ 127.052786756883165, 42.074317390620628 ], [ 127.057058831881818, 42.075001990556125 ], [ 127.061333250547705, 42.075546966658841 ], [ 127.06433388202602, 42.076002745972993 ], [ 127.074065598183566, 42.077458355361479 ], [ 127.081059241645818, 42.078795386759204 ], [ 127.085222461179654, 42.07958968236732 ], [ 127.093653051669023, 42.081652081668551 ], [ 127.102946755769864, 42.084142319007228 ], [ 127.105123148401049, 42.08491197379837 ], [ 127.107784556998837, 42.08568960492088 ], [ 127.10853941606284, 42.086026159157036 ], [ 127.113462800510661, 42.088294832176231 ], [ 127.117277808061729, 42.090162470942083 ] ] } },
{ "type": "Feature", "properties": { "CHFCAC": "K5214D08D00046", "GZEE": "521", "SHEET": "K5214" }, "geometry": { "type": "LineString", "coordinates": [ [ 127.131890217803189, 42.131565135178271 ], [ 127.131685637213195, 42.129117610038364 ], [ 127.131597921521461, 42.127972904612569 ], [ 127.131408153135212, 42.124598367641809 ], [ 127.131103978249556, 42.122981991385046 ], [ 127.130805757233773, 42.120596001918472 ], [ 127.130646471082272, 42.119778684782609 ], [ 127.130520597495391, 42.11787258297268 ], [ 127.129949197492664, 42.115482120746016 ], [ 127.128687785577114, 42.111653527523721 ], [ 127.128347813180213, 42.110765740059463 ], [ 127.12821844417536, 42.110070456159249 ], [ 127.127577758854201, 42.108268510476286 ], [ 127.126611971524696, 42.106087633412038 ], [ 127.126224378511054, 42.10500549203978 ], [ 127.12587141426431, 42.104234549104909 ], [ 127.125541903857624, 42.103513436452353 ], [ 127.124852033699199, 42.102088774199991 ], [ 127.12411176933206, 42.100928889119352 ], [ 127.123576891891346, 42.099929836707915 ], [ 127.121757304714322, 42.096749209741901 ], [ 127.120841159203863, 42.095361344962434 ], [ 127.119639184001301, 42.092690419632746 ], [ 127.118274377027603, 42.089404608500843 ], [ 127.117509624422709, 42.087420517704459 ] ] } },
{ "type": "Feature", "properties": { "CHFCAC": "K5214D08D00047", "GZEE": "100", "SHEET": "K5214" }, "geometry": { "type": "LineString", "coordinates": [ [ 127.001655935510897, 42.067037404399002 ], [ 127.00996401901223, 42.070877345689937 ], [ 127.028600445045214, 42.079760428176485 ], [ 127.04275469632897, 42.085980401204246 ], [ 127.055654615212759, 42.091430191928978 ], [ 127.06474774696477, 42.095932136543027 ], [ 127.070896683592053, 42.098776950942288 ] ] } },
{ "type": "Feature", "properties": { "CHFCAC": "K5214D08D00048", "GZEE": "522", "SHEET": "K5214" }, "geometry": { "type": "LineString", "coordinates": [ [ 127.043174609762303, 42.023118668971769 ], [ 127.040364365305436, 42.029106920926047 ], [ 127.033894002991389, 42.043584817308464 ], [ 127.031786426053699, 42.049071695962503 ], [ 127.029290399090044, 42.054169269558997 ] ] } },
{ "type": "Feature", "properties": { "CHFCAC": "K5214D08D00049", "GZEE": "522", "SHEET": "K5214" }, "geometry": { "type": "LineString", "coordinates": [ [ 127.043174609762303, 42.023118668971769 ], [ 127.053562768629661, 42.020792687159073 ], [ 127.054549910697318, 42.020579829397882 ], [ 127.061178911242536, 42.019125587646435 ], [ 127.065127094473141, 42.018607082689009 ], [ 127.072579205706958, 42.017877258257549 ], [ 127.073714643152144, 42.017662241687951 ] ] } },
{ "type": "Feature", "properties": { "CHFCAC": "K5214D08D00050", "GZEE": "200", "SHEET": "K5214" }, "geometry": { "type": "LineString", "coordinates": [ [ 127.020829218716017, 42.025436165636435 ], [ 127.024347830864897, 42.025015170078611 ], [ 127.02749544259342, 42.024344638081139 ], [ 127.033447602260452, 42.022160147651235 ], [ 127.040743983455499, 42.020056874376813 ], [ 127.049170741648368, 42.018206355690573 ], [ 127.054308118837255, 42.017249288537563 ], [ 127.056967848676777, 42.016839729162776 ], [ 127.062074425903617, 42.016228406597001 ], [ 127.065754760076302, 42.015898893148005 ], [ 127.071596621396836, 42.015272513240433 ] ] } },
{ "type": "Feature", "properties": { "CHFCAC": "K5214D08D00051", "GZEE": "200", "SHEET": "K5214" }, "geometry": { "type": "LineString", "coordinates": [ [ 127.075755352996808, 42.019388963084872 ], [ 127.081747046050253, 42.018143402923421 ], [ 127.084746513522603, 42.01753181862432 ], [ 127.087789856910405, 42.017060443234982 ], [ 127.093900623744005, 42.016167313599084 ], [ 127.096953929439493, 42.015740889203876 ], [ 127.100033240621769, 42.015409274589842 ], [ 127.106212793306227, 42.014858740896095 ], [ 127.112364039697056, 42.014167867951137 ], [ 127.118517736449334, 42.013494726154711 ], [ 127.124691763252955, 42.012920581476507 ], [ 127.130856746667732, 42.012309995154538 ], [ 127.136986341122494, 42.011509398682513 ], [ 127.140054499238985, 42.011127028920157 ], [ 127.14313524505117, 42.010825852672532 ], [ 127.149330745436245, 42.010385765950488 ], [ 127.161736945821318, 42.00970743795699 ], [ 127.167937856972941, 42.009315930135138 ], [ 127.174114018216173, 42.008770696181593 ] ] } },
{ "type": "Feature", "properties": { "CHFCAC": "K5214D08D00052", "GZEE": "200", "SHEET": "K5214" }, "geometry": { "type": "LineString", "coordinates": [ [ 127.174388141917191, 42.009202666378144 ], [ 127.175995156874208, 42.00922822117316 ], [ 127.177951504953256, 42.009340356104886 ], [ 127.179681495248815, 42.009538829954138 ], [ 127.18288603266123, 42.009927232877075 ], [ 127.185747642491407, 42.010346135650714 ], [ 127.189017988956692, 42.010856927493386 ], [ 127.191468164763748, 42.011336697835688 ], [ 127.1935119180784, 42.011742467331899 ], [ 127.194100763207359, 42.011904780418931 ], [ 127.195124367408368, 42.01215045174353 ] ] } },
{ "type": "Feature", "properties": { "CHFCAC": "K5214D08D00053", "GZEE": "522", "SHEET": "K5214" }, "geometry": { "type": "LineString", "coordinates": [ [ 127.175852295961306, 42.011859249916078 ], [ 127.179036266127142, 42.012301417657589 ], [ 127.184548429236997, 42.013063968677038 ], [ 127.188812685995003, 42.013599489280153 ], [ 127.190752867839635, 42.013670575958969 ] ] } },
{ "type": "Feature", "properties": { "CHFCAC": "K5214D08D00054", "GZEE": "521", "SHEET": "K5214" }, "geometry": { "type": "LineString", "coordinates": [ [ 127.17258400332372, 42.00632465045377 ], [ 127.174114018216173, 42.008770696181593 ], [ 127.174388141917191, 42.009202666378144 ], [ 127.174819794079269, 42.010015299564877 ], [ 127.175311048948544, 42.010846820418351 ], [ 127.175852295961306, 42.011859249916078 ], [ 127.176131528527037, 42.012507344090409 ], [ 127.176444789520403, 42.013187519287705 ], [ 127.177194934041765, 42.01494144472192 ], [ 127.177412071674311, 42.015327505040517 ], [ 127.178106780858684, 42.017067039688278 ], [ 127.17832117498132, 42.017511571651738 ], [ 127.179129695693234, 42.019180901383329 ], [ 127.179343902047009, 42.01965245207542 ], [ 127.179990340381167, 42.021022101495738 ], [ 127.180315811033608, 42.02170692873748 ], [ 127.181136356219397, 42.02360600081763 ], [ 127.181285821931382, 42.024166515793127 ], [ 127.18160159052438, 42.02471167670037 ] ] } },
{ "type": "Feature", "properties": { "CHFCAC": "K5214D08D00055", "GZEE": "521", "SHEET": "K5214" }, "geometry": { "type": "LineString", "coordinates": [ [ 127.064050666406828, 42.005355177143819 ], [ 127.06706238238246, 42.009574138215164 ], [ 127.069729323778262, 42.013057978433508 ], [ 127.071596621396836, 42.015272513240433 ], [ 127.073714643152144, 42.017662241687951 ], [ 127.075755352996808, 42.019388963084872 ], [ 127.078037496756139, 42.021214252764807 ], [ 127.079426745226897, 42.022155741552552 ], [ 127.079965642160474, 42.022448374320682 ], [ 127.081430460198206, 42.023251563786097 ] ] } },
{ "type": "Feature", "properties": { "CHFCAC": "K5214D08D00056", "GZEE": "522", "SHEET": "K5214" }, "geometry": { "type": "LineString", "coordinates": [ [ 127.000969082914295, 42.011664654294471 ], [ 127.001931118590988, 42.01136182072549 ], [ 127.01586739461527, 42.007831585283704 ], [ 127.030297846277222, 42.004722214314675 ], [ 127.036738128154383, 42.003617255179186 ], [ 127.044715622591269, 42.002142023816511 ], [ 127.052033750774569, 42.000317413802001 ] ] } },
{ "type": "Feature", "properties": { "CHFCAC": "K5214D08D00057", "GZEE": "522", "SHEET": "K5214" }, "geometry": { "type": "LineString", "coordinates": [ [ 127.303982521977105, 42.253025747360354 ], [ 127.303878868447597, 42.254824711828327 ], [ 127.30203445810389, 42.262994008097436 ], [ 127.301705545174187, 42.264897644566929 ], [ 127.300712779886751, 42.269249046155799 ], [ 127.300533574181813, 42.270092637477013 ], [ 127.299533022269557, 42.274191829806917 ], [ 127.299378912475319, 42.274612652607665 ], [ 127.297477775796366, 42.279679757330925 ], [ 127.295687277762312, 42.283267578046583 ], [ 127.294719506776374, 42.28513018090203 ], [ 127.29266772616235, 42.287899342015933 ], [ 127.291693609730643, 42.289113628707753 ], [ 127.290603675178971, 42.290924876467358 ], [ 127.289943655567967, 42.29190076857595 ], [ 127.288975090385065, 42.292885585585204 ], [ 127.283215505147183, 42.298975012035726 ], [ 127.282519025118248, 42.299639780258168 ], [ 127.281647552791441, 42.300423407003677 ], [ 127.280445199114837, 42.301836723973238 ], [ 127.279141200943712, 42.303063985871191 ], [ 127.278640836493324, 42.303619130250802 ], [ 127.277730735472559, 42.304420135815128 ], [ 127.277330836407771, 42.304999289154289 ], [ 127.275577595045206, 42.306552826427158 ] ] } },
{ "type": "Feature", "properties": { "CHFCAC": "K5214D08D00058", "GZEE": "521", "SHEET": "K5214" }, "geometry": { "type": "LineString", "coordinates": [ [ 127.249903119866957, 42.248783233146867 ], [ 127.253553984206363, 42.252759393767199 ] ] } },
{ "type": "Feature", "properties": { "CHFCAC": "K5214D08D00059", "GZEE": "521", "SHEET": "K5214" }, "geometry": { "type": "LineString", "coordinates": [ [ 127.074521600917976, 42.292396545255457 ], [ 127.095301600928309, 42.300580078503714 ], [ 127.097343224109551, 42.301478190665854 ], [ 127.112446811113742, 42.308682070542318 ] ] } },
{ "type": "Feature", "properties": { "CHFCAC": "K5214D08D00060", "GZEE": "521", "SHEET": "K5214" }, "geometry": { "type": "LineString", "coordinates": [ [ 127.11816891302567, 42.311530794641435 ], [ 127.12146319666995, 42.313151236601733 ] ] } },
{ "type": "Feature", "properties": { "CHFCAC": "K5214D08D00061", "GZEE": "521", "SHEET": "K5214" }, "geometry": { "type": "LineString", "coordinates": [ [ 127.109651260109246, 42.351414177499699 ], [ 127.111418369094181, 42.350939172913719 ], [ 127.115439062140084, 42.349952136429998 ], [ 127.118773272501926, 42.349372258838137 ], [ 127.151809305491824, 42.342244349108057 ], [ 127.171413546234177, 42.337810129855363 ], [ 127.179305630957174, 42.335883262731336 ], [ 127.183864652049238, 42.334609760859763 ], [ 127.188133505096502, 42.333448550441226 ] ] } },
{ "type": "Feature", "properties": { "CHFCAC": "K5214D08D00062", "GZEE": "520", "SHEET": "K5214" }, "geometry": { "type": "LineString", "coordinates": [ [ 127.233535688966114, 42.26793219417965 ], [ 127.240849536096505, 42.269503029594389 ], [ 127.245034306302813, 42.270309818307702 ], [ 127.248955706424312, 42.270819888702206 ] ] } },
{ "type": "Feature", "properties": { "CHFCAC": "K5214D08D00063", "GZEE": "520", "SHEET": "K5214" }, "geometry": { "type": "LineString", "coordinates": [ [ 127.21882900268902, 42.266916984394854 ], [ 127.228127396873205, 42.268568940720961 ], [ 127.233045776345435, 42.269311012751963 ] ] } },
{ "type": "Feature", "properties": { "CHFCAC": "K5214D08D00064", "GZEE": "521", "SHEET": "K5214" }, "geometry": { "type": "LineString", "coordinates": [ [ 127.231992950646514, 42.273656388439001 ], [ 127.232009190962827, 42.273062488427875 ], [ 127.232021280005199, 42.272617061974465 ], [ 127.233045776345435, 42.269311012751963 ], [ 127.233535688966114, 42.26793219417965 ], [ 127.234581760867172, 42.265157611346844 ], [ 127.234842390853771, 42.264684471761498 ], [ 127.235561165329557, 42.262764558317841 ], [ 127.236120492096035, 42.261143733053004 ], [ 127.236349405139862, 42.260742181704643 ], [ 127.237564540837482, 42.257839588450942 ], [ 127.238379143757811, 42.255624036107356 ], [ 127.241072863012491, 42.249489803404963 ] ] } },
{ "type": "Feature", "properties": { "CHFCAC": "K5214D08D00065", "GZEE": "521", "SHEET": "K5214" }, "geometry": { "type": "LineString", "coordinates": [ [ 127.216417307803496, 42.272132306696633 ], [ 127.217483339315024, 42.269772284414529 ], [ 127.21882900268902, 42.266916984394854 ], [ 127.2205328334787, 42.263279479396779 ], [ 127.222211716110039, 42.260546321102211 ], [ 127.222702712917467, 42.259595188741599 ], [ 127.223678527670884, 42.25807541905418 ], [ 127.225357371155837, 42.255180200431099 ], [ 127.226262884236718, 42.253857338853884 ], [ 127.228125178299322, 42.251604063127751 ] ] } },
{ "type": "Feature", "properties": { "CHFCAC": "K5214D08D00066", "GZEE": "521", "SHEET": "K5214" }, "geometry": { "type": "LineString", "coordinates": [ [ 127.260708867759945, 42.299085915491766 ], [ 127.265358636522762, 42.296343141816607 ], [ 127.266412070824089, 42.295661385328302 ], [ 127.270164125633372, 42.293575519878196 ], [ 127.272239688394521, 42.292211465969238 ], [ 127.275566429682982, 42.289250321349307 ], [ 127.278315012118782, 42.286924030091527 ], [ 127.283324708893332, 42.282304427808434 ], [ 127.284670897324204, 42.28125330356076 ], [ 127.289073084071831, 42.27713301237938 ], [ 127.289403461866286, 42.276642815420708 ], [ 127.289725210938613, 42.276328033629504 ], [ 127.292081124239346, 42.272802770075721 ], [ 127.292597873710037, 42.272216284257581 ], [ 127.295093200925521, 42.268400441254322 ], [ 127.295395583517902, 42.268121379068319 ], [ 127.297275359173327, 42.265174013866329 ], [ 127.297890760999337, 42.264516994173341 ], [ 127.298713424767811, 42.263565969845281 ], [ 127.29893844010904, 42.263087654278436 ], [ 127.301154784038488, 42.258043214880786 ] ] } },
{ "type": "Feature", "properties": { "CHFCAC": "K5214D08D00067", "GZEE": "521", "SHEET": "K5214" }, "geometry": { "type": "LineString", "coordinates": [ [ 127.277647413898507, 42.32190575700497 ], [ 127.281618018458872, 42.321173132423837 ], [ 127.284043540770583, 42.320610815871198 ], [ 127.285185077443671, 42.3204793603391 ], [ 127.289446133111468, 42.319732818603789 ], [ 127.293106259779123, 42.319233736039585 ] ] } },
{ "type": "Feature", "properties": { "CHFCAC": "K5214D08D00068", "GZEE": "522", "SHEET": "K5214" }, "geometry": { "type": "LineString", "coordinates": [ [ 127.280545865907328, 42.34593118330536 ], [ 127.289429705922942, 42.348094079156873 ], [ 127.2937557995497, 42.348973238804909 ], [ 127.297676377228129, 42.349954284835782 ], [ 127.300808491562677, 42.350630895696227 ], [ 127.302646554201601, 42.351063226535615 ] ] } },
{ "type": "Feature", "properties": { "CHFCAC": "K5214D08D00069", "GZEE": "522", "SHEET": "K5214" }, "geometry": { "type": "LineString", "coordinates": [ [ 127.201833598844786, 42.335788792602152 ], [ 127.219228271581642, 42.33897252891061 ], [ 127.230232078256151, 42.340853345165819 ], [ 127.243300365580154, 42.343448959921609 ] ] } },
{ "type": "Feature", "properties": { "CHFCAC": "K5214D08D00070", "GZEE": "522", "SHEET": "K5214" }, "geometry": { "type": "LineString", "coordinates": [ [ 127.193737177219816, 42.334306672516497 ], [ 127.195709487513469, 42.334603266680965 ], [ 127.198753125082106, 42.335204783292376 ] ] } },
{ "type": "Feature", "properties": { "CHFCAC": "K5214D08D00071", "GZEE": "522", "SHEET": "K5214" }, "geometry": { "type": "LineString", "coordinates": [ [ 127.263984112819088, 42.346275671377931 ], [ 127.265525437352593, 42.351317753510664 ], [ 127.266761866570505, 42.354896803491641 ], [ 127.268559272925685, 42.359213520024447 ] ] } },
{ "type": "Feature", "properties": { "CHFCAC": "K5214D08D00072", "GZEE": "522", "SHEET": "K5214" }, "geometry": { "type": "LineString", "coordinates": [ [ 127.248574509447039, 42.344317341764345 ], [ 127.25965713551561, 42.34573744368565 ], [ 127.263984112819088, 42.346275671377931 ], [ 127.268553208775145, 42.346745375714519 ] ] } },
{ "type": "Feature", "properties": { "CHFCAC": "K5214D08D00073", "GZEE": "522", "SHEET": "K5214" }, "geometry": { "type": "LineString", "coordinates": [ [ 127.307902261534437, 42.420052423361973 ], [ 127.307078272274197, 42.419108536701721 ], [ 127.305329896929706, 42.416598115508961 ], [ 127.303684342190792, 42.414440241612553 ], [ 127.302905874265477, 42.413393488791819 ], [ 127.299617884741906, 42.410058967227812 ], [ 127.297212045297343, 42.407651190170363 ], [ 127.295337497299656, 42.405728407809264 ], [ 127.292584342299364, 42.403058776261702 ], [ 127.291073714739682, 42.401393374196552 ], [ 127.290420977951058, 42.400654482444956 ], [ 127.28924479173493, 42.399142579226087 ], [ 127.287950916436913, 42.397682903577227 ], [ 127.286775493176393, 42.395981941319526 ], [ 127.285475131935783, 42.394378151172369 ], [ 127.283288902255606, 42.39141070079463 ], [ 127.281012763211507, 42.387231101878925 ], [ 127.279228138457256, 42.383382913403814 ], [ 127.277074267014925, 42.378745988643729 ], [ 127.276173778794572, 42.376760963026811 ], [ 127.27532058608378, 42.374929693206923 ], [ 127.274381857142842, 42.373236647264939 ], [ 127.272384453729927, 42.369065565734864 ], [ 127.271026405535991, 42.365835847680195 ], [ 127.269470963976829, 42.361824384257368 ] ] } },
{ "type": "Feature", "properties": { "CHFCAC": "K5214D08D00074", "GZEE": "521", "SHEET": "K5214" }, "geometry": { "type": "LineString", "coordinates": [ [ 127.295613931146647, 42.42413282210839 ], [ 127.297357630381924, 42.423519578037073 ], [ 127.298413819790923, 42.42324269688708 ], [ 127.305582934661444, 42.420796807800997 ], [ 127.307902261534437, 42.420052423361973 ], [ 127.311669392642969, 42.419108718988518 ], [ 127.316402498630083, 42.417828032196354 ] ] } },
{ "type": "Feature", "properties": { "CHFCAC": "K5214D08D00075", "GZEE": "522", "SHEET": "K5214" }, "geometry": { "type": "LineString", "coordinates": [ [ 127.146027852661817, 42.469570516490052 ], [ 127.148257758456324, 42.459348848079649 ], [ 127.150042246773026, 42.451978026761388 ] ] } },
{ "type": "Feature", "properties": { "CHFCAC": "K5214D08D00076", "GZEE": "522", "SHEET": "K5214" }, "geometry": { "type": "LineString", "coordinates": [ [ 127.151130341367278, 42.452652765934666 ], [ 127.154733436585374, 42.446819009192964 ], [ 127.155232221022402, 42.446061886541159 ], [ 127.162024418236768, 42.43688996280742 ] ] } },
{ "type": "Feature", "properties": { "CHFCAC": "K5214D08D00077", "GZEE": "521", "SHEET": "K5214" }, "geometry": { "type": "LineString", "coordinates": [ [ 127.098115959268071, 42.416699813223005 ], [ 127.09997868385139, 42.418243050800605 ], [ 127.103965959072312, 42.421225743085664 ], [ 127.112894710726721, 42.427503510991798 ], [ 127.122066546300218, 42.433397447293579 ], [ 127.126209367153464, 42.436035336585114 ], [ 127.134324862774676, 42.441888556781173 ], [ 127.141376849947434, 42.446499620050673 ], [ 127.150042246773026, 42.451978026761388 ], [ 127.151130341367278, 42.452652765934666 ], [ 127.161177103171397, 42.460006986902009 ], [ 127.16579220455499, 42.464230885323325 ] ] } },
{ "type": "Feature", "properties": { "CHFCAC": "K5214D08D00078", "GZEE": "522", "SHEET": "K5214" }, "geometry": { "type": "LineString", "coordinates": [ [ 127.103965959072312, 42.421225743085664 ], [ 127.10726217706376, 42.412723849142154 ], [ 127.112219874765103, 42.397470656121797 ] ] } },
{ "type": "Feature", "properties": { "CHFCAC": "K5214D08D00079", "GZEE": "522", "SHEET": "K5214" }, "geometry": { "type": "LineString", "coordinates": [ [ 127.103487891692396, 42.397803579445799 ], [ 127.112219874765103, 42.397470656121797 ], [ 127.113693759521425, 42.39749489191675 ], [ 127.118302825300873, 42.397228583781619 ] ] } },
{ "type": "Feature", "properties": { "CHFCAC": "K5214D08D00080", "GZEE": "522", "SHEET": "K5214" }, "geometry": { "type": "LineString", "coordinates": [ [ 127.082085784809479, 42.426379856790525 ], [ 127.086187424605157, 42.424616559444608 ], [ 127.093463915283905, 42.421465591652534 ], [ 127.09997868385139, 42.418243050800605 ] ] } },
{ "type": "Feature", "properties": { "CHFCAC": "K5214D08D00081", "GZEE": "522", "SHEET": "K5214" }, "geometry": { "type": "LineString", "coordinates": [ [ 127.062067615969241, 42.441972071029618 ], [ 127.065673748572905, 42.43934143260298 ], [ 127.071253299788495, 42.434461894796172 ], [ 127.076558179827757, 42.429572933775262 ], [ 127.080150742675087, 42.426428471772724 ], [ 127.081564126322917, 42.425344897521256 ] ] } },
{ "type": "Feature", "properties": { "CHFCAC": "K5214D08D00082", "GZEE": "522", "SHEET": "K5214" }, "geometry": { "type": "LineString", "coordinates": [ [ 127.059482350097312, 42.442040826079321 ], [ 127.06138393363949, 42.441181819675727 ] ] } },
{ "type": "Feature", "properties": { "CHFCAC": "K5214D08D00083", "GZEE": "522", "SHEET": "K5214" }, "geometry": { "type": "LineString", "coordinates": [ [ 127.054234776789983, 42.431316050957811 ], [ 127.056438834659147, 42.434148550371411 ], [ 127.05856535832703, 42.436907694420761 ], [ 127.06138393363949, 42.441181819675727 ], [ 127.062067615969241, 42.441972071029618 ], [ 127.063425017944013, 42.443669401516082 ] ] } },
{ "type": "Feature", "properties": { "CHFCAC": "K5214D08D00084", "GZEE": "522", "SHEET": "K5214" }, "geometry": { "type": "LineString", "coordinates": [ [ 127.075118875434441, 42.412827558160664 ], [ 127.077389693039748, 42.417101155911332 ], [ 127.080134591093653, 42.422156755035715 ], [ 127.081564126322917, 42.425344897521256 ], [ 127.082085784809479, 42.426379856790525 ], [ 127.083698078228792, 42.429143435420734 ] ] } },
{ "type": "Feature", "properties": { "CHFCAC": "K5214D08D00085", "GZEE": "522", "SHEET": "K5214" }, "geometry": { "type": "LineString", "coordinates": [ [ 127.018396424457976, 42.452986195856383 ], [ 127.020914087679103, 42.455514206178712 ], [ 127.023336120660545, 42.457986551449437 ], [ 127.02479460229064, 42.459447509417579 ] ] } },
{ "type": "Feature", "properties": { "CHFCAC": "K5214D08D00086", "GZEE": "522", "SHEET": "K5214" }, "geometry": { "type": "LineString", "coordinates": [ [ 127.039113297865427, 42.445632414468776 ], [ 127.039919087852724, 42.447271052075777 ], [ 127.040750787130236, 42.448824608329396 ], [ 127.041150404704595, 42.44963711436602 ] ] } },
{ "type": "Feature", "properties": { "CHFCAC": "K5214D08D00087", "GZEE": "522", "SHEET": "K5214" }, "geometry": { "type": "LineString", "coordinates": [ [ 127.045148676426493, 42.453936342680038 ], [ 127.046012506732225, 42.453775539365132 ], [ 127.046756982789248, 42.453689194373602 ] ] } },
{ "type": "Feature", "properties": { "CHFCAC": "K5214D08D00088", "GZEE": "522", "SHEET": "K5214" }, "geometry": { "type": "LineString", "coordinates": [ [ 127.039835351326332, 42.457599374503623 ], [ 127.041009065795791, 42.457016301424893 ], [ 127.041855359259415, 42.456549181380659 ] ] } },
{ "type": "Feature", "properties": { "CHFCAC": "K5214D08D00089", "GZEE": "522", "SHEET": "K5214" }, "geometry": { "type": "LineString", "coordinates": [ [ 127.032053448367847, 42.475208715715354 ], [ 127.035077054822182, 42.477263567342241 ], [ 127.03781122509578, 42.479209826338852 ], [ 127.040765194058324, 42.481452340500276 ], [ 127.044178245630917, 42.484008646434745 ] ] } },
{ "type": "Feature", "properties": { "CHFCAC": "K5214D08D00090", "GZEE": "522", "SHEET": "K5214" }, "geometry": { "type": "LineString", "coordinates": [ [ 127.025843172786495, 42.470807988381679 ], [ 127.027595369582485, 42.472143424647619 ], [ 127.028924612723941, 42.47308452845094 ] ] } },
{ "type": "Feature", "properties": { "CHFCAC": "K5214D08D00091", "GZEE": "522", "SHEET": "K5214" }, "geometry": { "type": "LineString", "coordinates": [ [ 127.138055104246646, 42.321010762121233 ], [ 127.138709283981342, 42.321264411990981 ], [ 127.139308562990081, 42.321485691920941 ] ] } },
{ "type": "Feature", "properties": { "CHFCAC": "K5214D08D00092", "GZEE": "522", "SHEET": "K5214" }, "geometry": { "type": "LineString", "coordinates": [ [ 127.148324535985793, 42.324719427533985 ], [ 127.149780937588659, 42.325305579503947 ], [ 127.152660222724009, 42.326796864739919 ], [ 127.15378771747433, 42.327517230643913 ] ] } },
{ "type": "Feature", "properties": { "CHFCAC": "K5214D08D00093", "GZEE": "522", "SHEET": "K5214" }, "geometry": { "type": "LineString", "coordinates": [ [ 127.178344773957647, 42.330885312397704 ], [ 127.182296818975757, 42.331929285454443 ], [ 127.188133505096502, 42.333448550441226 ] ] } },
{ "type": "Feature", "properties": { "CHFCAC": "K5214D08D00094", "GZEE": "521", "SHEET": "K5214" }, "geometry": { "type": "LineString", "coordinates": [ [ 127.306050255018704, 42.345653723890592 ], [ 127.309151710394616, 42.344349182073984 ], [ 127.310242480189345, 42.343897165843309 ], [ 127.312406534881219, 42.342988328676164 ], [ 127.313813093546401, 42.342549884794757 ], [ 127.315612706274933, 42.341883200909429 ] ] } },
{ "type": "Feature", "properties": { "CHFCAC": "K5214D08D00095", "GZEE": "521", "SHEET": "K5214" }, "geometry": { "type": "LineString", "coordinates": [ [ 127.651529374132167, 42.555717610134074 ], [ 127.654590044296768, 42.557653021482366 ], [ 127.661668009801474, 42.561755338338806 ], [ 127.664360398813102, 42.563542164540536 ], [ 127.669116049536825, 42.566086555418465 ], [ 127.673774276799634, 42.568175042080469 ], [ 127.678142859616997, 42.569935901832579 ], [ 127.681176431915276, 42.571181645886128 ], [ 127.686592538081953, 42.572783210349577 ], [ 127.694377170536171, 42.575460259335905 ], [ 127.69994307846197, 42.577121401680181 ], [ 127.703427405898253, 42.578520192474819 ] ] } },
{ "type": "Feature", "properties": { "CHFCAC": "K5214D08D00096", "GZEE": "520", "SHEET": "K5214" }, "geometry": { "type": "LineString", "coordinates": [ [ 127.891181564108436, 42.61670190037529 ], [ 127.889957805425411, 42.617612745075455 ], [ 127.887714406328456, 42.620030528360665 ], [ 127.885513697905751, 42.621962593221191 ], [ 127.882751747654211, 42.624753295180284 ], [ 127.878728751615043, 42.628094245974566 ], [ 127.873766944431551, 42.632731094367998 ], [ 127.869846852925932, 42.636378815632447 ], [ 127.866638587191133, 42.6394212713776 ], [ 127.863315107215399, 42.642480535419736 ], [ 127.85948859013439, 42.647231522416291 ], [ 127.855292528244959, 42.651956199230355 ], [ 127.85454905447601, 42.652835468595541 ], [ 127.854208589546147, 42.653453187612634 ], [ 127.853862694200316, 42.654318414648998 ], [ 127.852929421089115, 42.657261708928672 ], [ 127.852244917858513, 42.660585578244181 ], [ 127.851776592871559, 42.664168163715168 ], [ 127.8513846810026, 42.667013323565548 ] ] } },
{ "type": "Feature", "properties": { "CHFCAC": "K5214D08D00097", "GZEE": "520", "SHEET": "K5214" }, "geometry": { "type": "LineString", "coordinates": [ [ 127.953570897838304, 42.618765106885029 ], [ 127.956895659043596, 42.621644568193787 ], [ 127.960770192275874, 42.625384112200479 ], [ 127.962417616335571, 42.626785373606417 ] ] } },
{ "type": "Feature", "properties": { "CHFCAC": "K5214D08D00098", "GZEE": "520", "SHEET": "K5214" }, "geometry": { "type": "LineString", "coordinates": [ [ 127.975102403956981, 42.640690624581673 ], [ 127.97561024561162, 42.64111375983618 ], [ 127.976314413221928, 42.641772708204435 ] ] } },
{ "type": "Feature", "properties": { "CHFCAC": "K5214D08D00099", "GZEE": "   ", "SHEET": "K5214" }, "geometry": { "type": "LineString", "coordinates": [ [ 127.973073979316183, 42.638764035325835 ], [ 127.973605480226979, 42.639110874690651 ], [ 127.97409852262119, 42.639403346220845 ] ] } },
{ "type": "Feature", "properties": { "CHFCAC": "K5214D08D00100", "GZEE": "520", "SHEET": "K5214" }, "geometry": { "type": "LineString", "coordinates": [ [ 127.970270505927829, 42.636483859377542 ], [ 127.971233223124713, 42.637577250142144 ], [ 127.971709749580597, 42.638031637573626 ] ] } },
{ "type": "Feature", "properties": { "CHFCAC": "K5214D08D00101", "GZEE": "521", "SHEET": "K5214" }, "geometry": { "type": "LineString", "coordinates": [ [ 127.962959343391361, 42.650389006875038 ], [ 127.966183625856274, 42.649292904620992 ], [ 127.967560012889535, 42.648801198524566 ], [ 127.969008499125138, 42.648350633693603 ] ] } },
{ "type": "Feature", "properties": { "CHFCAC": "K5214D08D00102", "GZEE": "522", "SHEET": "K5214" }, "geometry": { "type": "LineString", "coordinates": [ [ 127.991169354710536, 42.659561866160104 ], [ 127.992840292947946, 42.657519628747508 ], [ 127.996461609683251, 42.653158438831959 ], [ 127.999669744865571, 42.647335209597472 ], [ 128.000852886551826, 42.644550417012219 ] ] } },
{ "type": "Feature", "properties": { "CHFCAC": "K5214D08D00103", "GZEE": "522", "SHEET": "K5214" }, "geometry": { "type": "LineString", "coordinates": [ [ 127.984716949810746, 42.666962982029702 ], [ 127.985236373727403, 42.665392251217476 ], [ 127.986844730955625, 42.663142486640666 ], [ 127.98867902028735, 42.660435610814233 ], [ 127.989899070375685, 42.658564973477581 ] ] } },
{ "type": "Feature", "properties": { "CHFCAC": "K5214D08D00104", "GZEE": "520", "SHEET": "K5214" }, "geometry": { "type": "LineString", "coordinates": [ [ 127.983952405514316, 42.65350727424746 ], [ 127.989899070375685, 42.658564973477581 ], [ 127.991169354710536, 42.659561866160104 ], [ 127.99623557291703, 42.66422438208118 ] ] } },
{ "type": "Feature", "properties": { "CHFCAC": "K5214D08D00105", "GZEE": "522", "SHEET": "K5214" }, "geometry": { "type": "LineString", "coordinates": [ [ 127.582352987241038, 42.145232233901723 ], [ 127.585021474444474, 42.14589987695777 ], [ 127.588024971674216, 42.14684616175775 ], [ 127.590699798893752, 42.147972859633718 ], [ 127.592077792880147, 42.148475934039503 ], [ 127.593781552242376, 42.149104496510368 ] ] } },
{ "type": "Feature", "properties": { "CHFCAC": "K5214D08D00106", "GZEE": "522", "SHEET": "K5214" }, "geometry": { "type": "LineString", "coordinates": [ [ 127.574595291469009, 42.143578649284983 ], [ 127.576201946587261, 42.143715635715274 ], [ 127.577784641315517, 42.144050384984247 ], [ 127.578959808600771, 42.14443403095482 ] ] } },
{ "type": "Feature", "properties": { "CHFCAC": "K5214D08D00107", "GZEE": "520", "SHEET": "K5214" }, "geometry": { "type": "LineString", "coordinates": [ [ 127.201616240637847, 42.596915096691156 ], [ 127.202385420572753, 42.598529492060798 ] ] } },
{ "type": "Feature", "properties": { "CHFCAC": "K5214D08D00108", "GZEE": "520", "SHEET": "K5214" }, "geometry": { "type": "LineString", "coordinates": [ [ 127.202999708185104, 42.599493322269609 ], [ 127.205101704992387, 42.603568120536195 ] ] } },
{ "type": "Feature", "properties": { "CHFCAC": "K5214D08D00109", "GZEE": "522", "SHEET": "K5214" }, "geometry": { "type": "LineString", "coordinates": [ [ 127.418652568819923, 42.039202063881703 ], [ 127.420963481079156, 42.040665316397437 ], [ 127.42365879244619, 42.042075285993093 ], [ 127.424689372195658, 42.042413522150802 ] ] } },
{ "type": "Feature", "properties": { "CHFCAC": "K5214D08D00110", "GZEE": "522", "SHEET": "K5214" }, "geometry": { "type": "LineString", "coordinates": [ [ 127.449238295005273, 42.079244793972094 ], [ 127.450480233101786, 42.08067949181855 ], [ 127.451226504688279, 42.081306276913772 ], [ 127.452414410409176, 42.082146021953896 ] ] } },
{ "type": "Feature", "properties": { "CHFCAC": "K5214D08D00111", "GZEE": "522", "SHEET": "K5214" }, "geometry": { "type": "LineString", "coordinates": [ [ 127.459905134926089, 42.079383995621406 ], [ 127.463032722303979, 42.08120844812268 ], [ 127.46464640837722, 42.082067287403355 ], [ 127.466277049964148, 42.082786829561471 ] ] } },
{ "type": "Feature", "properties": { "CHFCAC": "K5214D08D00112", "GZEE": "522", "SHEET": "K5214" }, "geometry": { "type": "LineString", "coordinates": [ [ 127.451382311428873, 42.076149828682112 ], [ 127.452658846723438, 42.076374112358074 ], [ 127.453882056234136, 42.076714697910916 ], [ 127.456318612840704, 42.077422732167676 ] ] } },
{ "type": "Feature", "properties": { "CHFCAC": "K5215D08D00001", "GZEE": "522", "SHEET": "K5215" }, "geometry": { "type": "LineString", "coordinates": [ [ 128.136766555777371, 42.635726029598899 ], [ 128.139560805261709, 42.639568414894072 ], [ 128.141987602871012, 42.64311539749739 ] ] } },
{ "type": "Feature", "properties": { "CHFCAC": "K5215D08D00002", "GZEE": "101", "SHEET": "K5215" }, "geometry": { "type": "LineString", "coordinates": [ [ 128.705823367361916, 42.405598812942884 ], [ 128.709580846337786, 42.403713374500803 ], [ 128.711804272253715, 42.402332601112299 ], [ 128.714204105895419, 42.399309273301022 ] ] } },
{ "type": "Feature", "properties": { "CHFCAC": "K5215D08D00003", "GZEE": "101", "SHEET": "K5215" }, "geometry": { "type": "LineString", "coordinates": [ [ 128.234933636737765, 42.635293920764056 ], [ 128.236505198545359, 42.636965291264104 ], [ 128.239219801492368, 42.640908245292302 ], [ 128.242501321186694, 42.644364271517901 ], [ 128.246983785488879, 42.648188190806394 ], [ 128.255164206217131, 42.655200231041235 ], [ 128.259039535221376, 42.659330287182513 ] ] } },
{ "type": "Feature", "properties": { "CHFCAC": "K5215D08D00004", "GZEE": "522", "SHEET": "K5215" }, "geometry": { "type": "LineString", "coordinates": [ [ 128.920131931318195, 42.125950793601803 ], [ 128.922637892688499, 42.125160252964953 ], [ 128.924763936454639, 42.12459898301347 ] ] } },
{ "type": "Feature", "properties": { "CHFCAC": "K5215D08D00005", "GZEE": "103", "SHEET": "K5215" }, "geometry": { "type": "LineString", "coordinates": [ [ 128.27449834077305, 42.659055665679581 ], [ 128.271529078826319, 42.659108837964844 ], [ 128.267818902671735, 42.659211212121612 ], [ 128.266053691171635, 42.659132387825828 ], [ 128.259039535221376, 42.659330287182513 ], [ 128.254839536200933, 42.659532594649839 ] ] } },
{ "type": "Feature", "properties": { "CHFCAC": "K5215D08D00006", "GZEE": "101", "SHEET": "K5215" }, "geometry": { "type": "LineString", "coordinates": [ [ 128.383489930511217, 42.533695639086964 ], [ 128.387761286822723, 42.528879839131704 ], [ 128.394362102697102, 42.523603580822417 ], [ 128.402025678811384, 42.517400757536755 ], [ 128.410491667727911, 42.512385348383724 ], [ 128.417531038988898, 42.508113741476542 ], [ 128.424178461078526, 42.5045554318204 ] ] } },
{ "type": "Feature", "properties": { "CHFCAC": "K5215D08D00007", "GZEE": "101", "SHEET": "K5215" }, "geometry": { "type": "LineString", "coordinates": [ [ 128.855932804197977, 42.170186864227489 ], [ 128.864241551276535, 42.16400752986533 ], [ 128.872404277629869, 42.157957967318517 ], [ 128.881927057267575, 42.150144659414032 ], [ 128.891617074388648, 42.142200165976718 ] ] } },
{ "type": "Feature", "properties": { "CHFCAC": "K5215D08D00008", "GZEE": "522", "SHEET": "K5215" }, "geometry": { "type": "LineString", "coordinates": [ [ 128.899013570773633, 42.195953972754815 ], [ 128.886772507518145, 42.200106346067493 ], [ 128.881504016553976, 42.201113840863378 ], [ 128.876011429691516, 42.202453955253993 ] ] } },
{ "type": "Feature", "properties": { "CHFCAC": "K5215D08D00009", "GZEE": "101", "SHEET": "K5215" }, "geometry": { "type": "LineString", "coordinates": [ [ 128.851570316456247, 42.165895941806127 ], [ 128.855932804197977, 42.170186864227489 ], [ 128.86004054070969, 42.174490808954339 ], [ 128.865094685205889, 42.180065122006255 ], [ 128.868870624970839, 42.184904022584924 ], [ 128.870538886333264, 42.189146249382532 ], [ 128.873071808955558, 42.195964215327919 ], [ 128.876011429691516, 42.202453955253993 ], [ 128.884068133776253, 42.219806256394698 ], [ 128.893048909779708, 42.234710056785474 ], [ 128.896779563573546, 42.240772323828892 ], [ 128.907597468462313, 42.25921013726709 ], [ 128.910679414938272, 42.265469462744029 ], [ 128.916414193616447, 42.277118774491562 ] ] } },
{ "type": "Feature", "properties": { "CHFCAC": "K5215D08D00010", "GZEE": "521", "SHEET": "K5215" }, "geometry": { "type": "LineString", "coordinates": [ [ 128.966440424959643, 42.378059065471859 ], [ 128.97003693056152, 42.378168092710347 ], [ 128.972836903120964, 42.378308328946183 ], [ 128.974811671467904, 42.37831778257187 ], [ 128.976553413915241, 42.378376668642879 ], [ 129.001030729234031, 42.378532104223439 ] ] } },
{ "type": "Feature", "properties": { "CHFCAC": "K5215D08D00011", "GZEE": "101", "SHEET": "K5215" }, "geometry": { "type": "LineString", "coordinates": [ [ 128.965391118245975, 42.367755350151391 ], [ 128.965811850642751, 42.37197316675487 ], [ 128.965816339712433, 42.372202732828725 ], [ 128.966440424959643, 42.378059065471859 ], [ 128.967488996830639, 42.386337187246561 ], [ 128.968091163601997, 42.388277398623778 ], [ 128.969916165300759, 42.395988539063758 ], [ 128.972196002774297, 42.40302906660952 ], [ 128.97359990842449, 42.407305579114535 ], [ 128.97535610884438, 42.411816212842659 ], [ 128.977175978187262, 42.418500924171312 ], [ 128.977798576002385, 42.42674279748632 ], [ 128.978423431311825, 42.449068955271947 ], [ 128.979880826314968, 42.465881210363214 ], [ 128.979890447099052, 42.474361457551709 ], [ 128.979255069275268, 42.479825784812007 ], [ 128.977315600284442, 42.483804463404581 ], [ 128.975874817753407, 42.486815458244422 ] ] } },
{ "type": "Feature", "properties": { "CHFCAC": "K5215D08D00012", "GZEE": "102", "SHEET": "K5215" }, "geometry": { "type": "LineString", "coordinates": [ [ 128.917308851065087, 42.552270937591096 ], [ 128.924462051245968, 42.553482177383096 ], [ 128.927320806347637, 42.554015160344989 ], [ 128.942442046358053, 42.555761186324034 ], [ 128.943333821042131, 42.555874159905116 ], [ 128.946620810694583, 42.556294341765827 ], [ 128.948795345628866, 42.556664426709993 ] ] } },
{ "type": "Feature", "properties": { "CHFCAC": "K5215D08D00013", "GZEE": "511", "SHEET": "K5215" }, "geometry": { "type": "LineString", "coordinates": [ [ 128.764408071391955, 42.575261840463973 ], [ 128.764632978249068, 42.569901483037725 ], [ 128.764972514989097, 42.560841442233638 ], [ 128.764974221153778, 42.560386832872169 ], [ 128.764289122451004, 42.552958572684837 ], [ 128.761894235838668, 42.546359471891712 ], [ 128.760380699706985, 42.541693150163681 ], [ 128.759550456701334, 42.535884947662154 ], [ 128.75957889138536, 42.529088282569916 ], [ 128.759286800293353, 42.52540573399051 ], [ 128.759617190564057, 42.519289368152506 ] ] } },
{ "type": "Feature", "properties": { "CHFCAC": "K5215D08D00014", "GZEE": "101", "SHEET": "K5215" }, "geometry": { "type": "LineString", "coordinates": [ [ 128.641760013031842, 42.446386616292955 ], [ 128.649819665273895, 42.441077599549935 ], [ 128.658309416823357, 42.436003346953676 ], [ 128.660287487209843, 42.434758471759629 ] ] } },
{ "type": "Feature", "properties": { "CHFCAC": "K5215D08D00015", "GZEE": "101", "SHEET": "K5215" }, "geometry": { "type": "LineString", "coordinates": [ [ 128.693001455651057, 42.413388338620436 ], [ 128.696628833688123, 42.411192396957759 ], [ 128.705823367361916, 42.405598812942884 ] ] } },
{ "type": "Feature", "properties": { "CHFCAC": "K5215D08D00016", "GZEE": "522", "SHEET": "K5215" }, "geometry": { "type": "LineString", "coordinates": [ [ 128.704753796711174, 42.415440261209746 ], [ 128.70493007388049, 42.414301903839416 ], [ 128.705823367361916, 42.405598812942884 ], [ 128.707212088823297, 42.400047840828115 ], [ 128.709280778281169, 42.395254776886425 ] ] } },
{ "type": "Feature", "properties": { "CHFCAC": "K5215D08D00017", "GZEE": "522", "SHEET": "K5215" }, "geometry": { "type": "LineString", "coordinates": [ [ 128.705070951342464, 42.420108856079395 ], [ 128.700478699448723, 42.417828331184403 ], [ 128.698950084986109, 42.417063614286661 ], [ 128.693001455651057, 42.413388338620436 ], [ 128.689096138446644, 42.410348484661405 ] ] } },
{ "type": "Feature", "properties": { "CHFCAC": "K5215D08D00018", "GZEE": "522", "SHEET": "K5215" }, "geometry": { "type": "LineString", "coordinates": [ [ 128.696669886031287, 42.430187670959114 ], [ 128.690381932708419, 42.425750665208753 ], [ 128.689363662266175, 42.424991702517914 ], [ 128.68339429145837, 42.420204077361092 ], [ 128.67951594796051, 42.417010930661228 ] ] } },
{ "type": "Feature", "properties": { "CHFCAC": "K5215D08D00019", "GZEE": "522", "SHEET": "K5215" }, "geometry": { "type": "LineString", "coordinates": [ [ 128.724731894815676, 42.408044933563929 ], [ 128.714204105895419, 42.399309273301022 ], [ 128.710808097073141, 42.396649524517429 ], [ 128.709280778281169, 42.395254776886425 ], [ 128.699296020316041, 42.388427641867182 ], [ 128.696880088626671, 42.38689085170175 ] ] } },
{ "type": "Feature", "properties": { "CHFCAC": "K5215D08D00020", "GZEE": "101", "SHEET": "K5215" }, "geometry": { "type": "LineString", "coordinates": [ [ 128.68339429145837, 42.420204077361092 ], [ 128.693001455651057, 42.413388338620436 ] ] } },
{ "type": "Feature", "properties": { "CHFCAC": "K5215D08D00021", "GZEE": "101", "SHEET": "K5215" }, "geometry": { "type": "LineString", "coordinates": [ [ 128.836173166234431, 42.189759526720138 ], [ 128.841802653810532, 42.18623381880095 ], [ 128.848208078701845, 42.18263683887934 ], [ 128.853210009964357, 42.179370816728202 ], [ 128.857616744979879, 42.176040819926826 ], [ 128.860076899502047, 42.174468346185428 ] ] } },
{ "type": "Feature", "properties": { "CHFCAC": "K5215D08D00022", "GZEE": "101", "SHEET": "K5215" }, "geometry": { "type": "LineString", "coordinates": [ [ 128.8035816254677, 42.214222985329911 ], [ 128.799103921566513, 42.217631785657069 ], [ 128.794708717604294, 42.221643740494841 ] ] } },
{ "type": "Feature", "properties": { "CHFCAC": "K5215D08D00023", "GZEE": "101", "SHEET": "K5215" }, "geometry": { "type": "LineString", "coordinates": [ [ 128.779077134976831, 42.296193158976763 ], [ 128.778114984919682, 42.280261082770409 ], [ 128.776307714773452, 42.262234186370193 ], [ 128.775435329413313, 42.250389408644573 ], [ 128.775683398256945, 42.240122278270746 ] ] } },
{ "type": "Feature", "properties": { "CHFCAC": "K5215D08D00024", "GZEE": "101", "SHEET": "K5215" }, "geometry": { "type": "LineString", "coordinates": [ [ 128.780686333357579, 42.322826026678399 ], [ 128.778849474545325, 42.312320948472099 ], [ 128.778192500746343, 42.305630724178499 ], [ 128.77805645949536, 42.296443260506003 ] ] } },
{ "type": "Feature", "properties": { "CHFCAC": "K5215D08D00025", "GZEE": "101", "SHEET": "K5215" }, "geometry": { "type": "LineString", "coordinates": [ [ 128.785964773759332, 42.32245789082436 ], [ 128.785247332264987, 42.332683508304719 ], [ 128.783841710055555, 42.344942386327951 ], [ 128.783299521000487, 42.354110480626296 ], [ 128.782062043829654, 42.366729713695861 ], [ 128.782366931116542, 42.3774568067196 ], [ 128.782498998426888, 42.380986045758988 ], [ 128.782676537960867, 42.385789227957623 ] ] } },
{ "type": "Feature", "properties": { "CHFCAC": "K5215D08D00026", "GZEE": "522", "SHEET": "K5215" }, "geometry": { "type": "LineString", "coordinates": [ [ 128.768258081491808, 42.323431766143408 ], [ 128.780686333357579, 42.322826026678399 ], [ 128.785964773759332, 42.32245789082436 ], [ 128.802989644587626, 42.321480111590482 ] ] } },
{ "type": "Feature", "properties": { "CHFCAC": "K5215D08D00027", "GZEE": "522", "SHEET": "K5215" }, "geometry": { "type": "LineString", "coordinates": [ [ 128.733320797733484, 42.301393937520629 ], [ 128.742680175219078, 42.301037211679656 ], [ 128.766478488503083, 42.298184790389143 ], [ 128.77805645949536, 42.296443260506003 ], [ 128.779077134976831, 42.296193158976763 ], [ 128.789291071336862, 42.294695433136603 ] ] } },
{ "type": "Feature", "properties": { "CHFCAC": "K5215D08D00028", "GZEE": "101", "SHEET": "K5215" }, "geometry": { "type": "LineString", "coordinates": [ [ 128.693007403916397, 42.342732102861852 ], [ 128.689590515434503, 42.345374155412813 ], [ 128.685657126612938, 42.348770910636375 ], [ 128.681544669797091, 42.353553427875568 ], [ 128.677987235308052, 42.357351571621059 ], [ 128.677263202123015, 42.357961712013712 ], [ 128.671542477170789, 42.363049903002924 ], [ 128.670321186085317, 42.364077194230859 ], [ 128.66459667644321, 42.369912234343978 ], [ 128.65483656507746, 42.379137854292793 ], [ 128.647481461201892, 42.384287415902321 ], [ 128.6401287675655, 42.388432735847701 ], [ 128.632894424578552, 42.392974062985871 ], [ 128.626728477434426, 42.398508679212526 ], [ 128.621760201052325, 42.40278657596879 ], [ 128.618273730180192, 42.405255207090669 ] ] } },
{ "type": "Feature", "properties": { "CHFCAC": "K5215D08D00029", "GZEE": "522", "SHEET": "K5215" }, "geometry": { "type": "LineString", "coordinates": [ [ 128.684493251931428, 42.342835027618484 ], [ 128.693007403916397, 42.342732102861852 ], [ 128.723142828355662, 42.343943144559077 ], [ 128.747033032058226, 42.345794354982374 ], [ 128.748507281295815, 42.34592813305612 ], [ 128.757698592036405, 42.346672631304351 ], [ 128.764848951299911, 42.346818057679926 ], [ 128.771149726581115, 42.346452700225072 ], [ 128.779156038343729, 42.34570768261721 ], [ 128.783841710055555, 42.344942386327951 ] ] } },
{ "type": "Feature", "properties": { "CHFCAC": "K5215D08D00030", "GZEE": "101", "SHEET": "K5215" }, "geometry": { "type": "LineString", "coordinates": [ [ 128.710808097073141, 42.396649524517429 ], [ 128.714912390189511, 42.393504430686072 ], [ 128.719874989582934, 42.388718334336446 ], [ 128.724494855423245, 42.384187767164711 ], [ 128.727067747761794, 42.38078646511201 ], [ 128.73339504418135, 42.375120765046837 ], [ 128.738189074917926, 42.3697032849769 ], [ 128.744692624563982, 42.362295357093885 ], [ 128.750682248164338, 42.355241534699324 ], [ 128.754446521385489, 42.350329762532084 ], [ 128.757698592036405, 42.346672631304351 ] ] } },
{ "type": "Feature", "properties": { "CHFCAC": "K5215D08D00031", "GZEE": "522", "SHEET": "K5215" }, "geometry": { "type": "LineString", "coordinates": [ [ 128.804376807755744, 42.354125873441106 ], [ 128.804592741349211, 42.352888385783451 ], [ 128.805467234013946, 42.345566282146791 ], [ 128.806502092892515, 42.34074715523068 ] ] } },
{ "type": "Feature", "properties": { "CHFCAC": "K5215D08D00032", "GZEE": "522", "SHEET": "K5215" }, "geometry": { "type": "LineString", "coordinates": [ [ 128.800169378262524, 42.35148986573121 ], [ 128.804376807755744, 42.354125873441106 ], [ 128.808994753245429, 42.357014478379647 ], [ 128.809518153887694, 42.357312430150202 ], [ 128.815296092025193, 42.360850884960747 ], [ 128.819888808185311, 42.363261874032062 ] ] } },
{ "type": "Feature", "properties": { "CHFCAC": "K5215D08D00033", "GZEE": "522", "SHEET": "K5215" }, "geometry": { "type": "LineString", "coordinates": [ [ 128.804670857792161, 42.381413075585741 ], [ 128.805888738182688, 42.373461412696393 ], [ 128.808843518386198, 42.360115603328268 ], [ 128.809518153887694, 42.357312430150202 ] ] } },
{ "type": "Feature", "properties": { "CHFCAC": "K5215D08D00034", "GZEE": "102", "SHEET": "K5215" }, "geometry": { "type": "LineString", "coordinates": [ [ 128.916484248294125, 42.529679138258402 ], [ 128.921338974917745, 42.530875378022202 ], [ 128.925653104486457, 42.531634448795536 ], [ 128.930925059694886, 42.53174127469083 ], [ 128.939343269025443, 42.532097128215355 ], [ 128.941697390602712, 42.532539462078383 ], [ 128.943039102307949, 42.532814706532101 ], [ 128.94546792409011, 42.53350006166486 ], [ 128.946971266380785, 42.534270462406845 ], [ 128.949006351021552, 42.535176115399182 ], [ 128.950477317416386, 42.535860934296949 ] ] } },
{ "type": "Feature", "properties": { "CHFCAC": "K5215D08D00035", "GZEE": "101", "SHEET": "K5215" }, "geometry": { "type": "LineString", "coordinates": [ [ 128.787168429750579, 42.628153626919655 ], [ 128.792775791794412, 42.624954642574515 ], [ 128.797132622635615, 42.622081759710582 ], [ 128.799042864339498, 42.620523252992797 ], [ 128.801817588807523, 42.616688669547656 ] ] } },
{ "type": "Feature", "properties": { "CHFCAC": "K5215D08D00036", "GZEE": "102", "SHEET": "K5215" }, "geometry": { "type": "LineString", "coordinates": [ [ 128.94690935323851, 42.570995127761719 ], [ 128.948135878191579, 42.571225246213345 ], [ 128.9510979604064, 42.571906217428499 ], [ 128.952734156661904, 42.572284996961343 ], [ 128.963222563690948, 42.573999265420532 ], [ 128.964488188913066, 42.574175208256918 ], [ 128.970382140502977, 42.575293157879528 ], [ 128.981050585924123, 42.577424443121338 ], [ 128.986176544563818, 42.578762004975225 ], [ 128.98928866440005, 42.579460009637394 ] ] } },
{ "type": "Feature", "properties": { "CHFCAC": "K5215D08D00037", "GZEE": "102", "SHEET": "K5215" }, "geometry": { "type": "LineString", "coordinates": [ [ 128.977431052936765, 42.593924823768646 ], [ 128.975374585926858, 42.594086439660607 ], [ 128.973611899423076, 42.593996024914141 ], [ 128.96355629549771, 42.593201075723925 ], [ 128.96158634106925, 42.592975377136305 ], [ 128.951796792058474, 42.591562834403611 ] ] } },
{ "type": "Feature", "properties": { "CHFCAC": "K5215D08D00038", "GZEE": "520", "SHEET": "K5215" }, "geometry": { "type": "LineString", "coordinates": [ [ 128.984845667626786, 42.637010357288126 ], [ 128.985870721245163, 42.631424669548402 ], [ 128.987407546770243, 42.624178129760402 ], [ 128.990171656603138, 42.616778635414434 ], [ 128.993649972663519, 42.609379106655624 ], [ 128.994467760111434, 42.605845798450524 ], [ 128.995287872858512, 42.601619314631819 ], [ 128.996516370206479, 42.598369571792411 ], [ 128.998664371791023, 42.595277366666323 ], [ 128.999991910883864, 42.59391804411581 ] ] } },
{ "type": "Feature", "properties": { "CHFCAC": "K5215D08D00039", "GZEE": "102", "SHEET": "K5215" }, "geometry": { "type": "LineString", "coordinates": [ [ 128.94608296892585, 42.634428566402235 ], [ 128.947390513359181, 42.634028579734817 ], [ 128.951302740419493, 42.633224619180247 ], [ 128.955175521982795, 42.632339490731184 ], [ 128.956420850162829, 42.632096912947496 ], [ 128.958875293856408, 42.631719731631115 ], [ 128.963070918703039, 42.631118018140072 ], [ 128.966961134880137, 42.631191222460146 ], [ 128.975513322413661, 42.631958550615934 ], [ 128.977483514512443, 42.632301036083668 ], [ 128.982511886173029, 42.633085099057304 ] ] } },
{ "type": "Feature", "properties": { "CHFCAC": "K5215D08D00040", "GZEE": "321", "SHEET": "K5215" }, "geometry": { "type": "LineString", "coordinates": [ [ 128.897050917644549, 42.566505078849254 ], [ 128.897598740057987, 42.574783113235668 ], [ 128.898101080260801, 42.579388194548606 ], [ 128.898693256423144, 42.58524015265278 ], [ 128.898637080302052, 42.586045801726023 ], [ 128.898860903637541, 42.588211028228145 ], [ 128.898839199132709, 42.593873387992211 ], [ 128.898193258579681, 42.607704659729436 ], [ 128.897515863102939, 42.619577899432791 ] ] } },
{ "type": "Feature", "properties": { "CHFCAC": "K5215D08D00041", "GZEE": "522", "SHEET": "K5215" }, "geometry": { "type": "LineString", "coordinates": [ [ 128.866903159272312, 42.586589472957883 ], [ 128.874681491162505, 42.589726507435287 ], [ 128.880095260169725, 42.591208660322934 ], [ 128.88359258262409, 42.592134992425322 ], [ 128.885093241584599, 42.592343556556735 ], [ 128.890409191895657, 42.593181466936997 ], [ 128.891227187181329, 42.593335283612952 ], [ 128.898839199132709, 42.593873387992211 ] ] } },
{ "type": "Feature", "properties": { "CHFCAC": "K5215D08D00042", "GZEE": "101", "SHEET": "K5215" }, "geometry": { "type": "LineString", "coordinates": [ [ 128.829410938114108, 42.590406233273789 ], [ 128.836351094072029, 42.586243835632665 ], [ 128.839820695299522, 42.584407790160817 ], [ 128.852305028045777, 42.575921978300379 ] ] } },
{ "type": "Feature", "properties": { "CHFCAC": "K5215D08D00043", "GZEE": "101", "SHEET": "K5215" }, "geometry": { "type": "LineString", "coordinates": [ [ 128.805896858505207, 42.609750493027484 ], [ 128.810117023242498, 42.604927902449475 ], [ 128.814733125009184, 42.600479385019113 ], [ 128.821498194004789, 42.595282363778736 ], [ 128.829978710226897, 42.590681641008899 ] ] } },
{ "type": "Feature", "properties": { "CHFCAC": "K5215D08D00044", "GZEE": "102", "SHEET": "K5215" }, "geometry": { "type": "LineString", "coordinates": [ [ 128.914377752123073, 42.627338084532809 ], [ 128.905909348375701, 42.62307793302233 ], [ 128.897515863102939, 42.619577899432791 ], [ 128.877997638431395, 42.611947457395594 ], [ 128.875542712060991, 42.610887065410459 ], [ 128.863627514350696, 42.606881041106028 ], [ 128.854217760386632, 42.602746461144108 ], [ 128.853199519607131, 42.602209534331898 ], [ 128.847550773298025, 42.599438487189829 ], [ 128.839885475345142, 42.595377050546219 ], [ 128.829978710226897, 42.590681641008899 ], [ 128.829410938114108, 42.590406233273789 ], [ 128.823564564341041, 42.587651709550471 ], [ 128.81298284596798, 42.583304871166661 ], [ 128.812105805616483, 42.58281731414165 ], [ 128.806889968251113, 42.580945187915773 ], [ 128.802835680150764, 42.579160345913834 ], [ 128.796197939393153, 42.576128494217897 ], [ 128.78598772127242, 42.572337951396705 ], [ 128.781078038448015, 42.570343683303641 ], [ 128.778931200330533, 42.56916027249833 ], [ 128.764972514989097, 42.560841442233638 ] ] } },
{ "type": "Feature", "properties": { "CHFCAC": "K5215D08D00045", "GZEE": "103", "SHEET": "K5215" }, "geometry": { "type": "LineString", "coordinates": [ [ 128.924477600970732, 42.66699945667898 ], [ 128.91883088406712, 42.657345365958328 ], [ 128.917606563717442, 42.655003947846481 ], [ 128.916892276839917, 42.652586370480897 ], [ 128.916490628748392, 42.647904986062983 ], [ 128.916496395104531, 42.642845806914359 ], [ 128.916600354794781, 42.641788134510627 ], [ 128.916811960771383, 42.636805616865466 ], [ 128.916407619249526, 42.633195471116956 ], [ 128.914676071018476, 42.628288033048094 ], [ 128.914377752123073, 42.627338084532809 ], [ 128.913459678170767, 42.619829610460954 ] ] } },
{ "type": "Feature", "properties": { "CHFCAC": "K5215D08D00046", "GZEE": "522", "SHEET": "K5215" }, "geometry": { "type": "LineString", "coordinates": [ [ 128.277077216711149, 42.666971235946768 ], [ 128.275860515015353, 42.665253168009301 ], [ 128.273138669330848, 42.661612616690874 ], [ 128.271529078826319, 42.659108837964844 ] ] } },
{ "type": "Feature", "properties": { "CHFCAC": "K5215D08D00047", "GZEE": "522", "SHEET": "K5215" }, "geometry": { "type": "LineString", "coordinates": [ [ 128.292071022309017, 42.653350286230562 ], [ 128.28887195472069, 42.655594483623673 ], [ 128.286707048938723, 42.656940330642797 ], [ 128.28422926480377, 42.658738784186525 ], [ 128.275860515015353, 42.665253168009301 ] ] } },
{ "type": "Feature", "properties": { "CHFCAC": "K5215D08D00048", "GZEE": "101", "SHEET": "K5215" }, "geometry": { "type": "LineString", "coordinates": [ [ 128.270588916599905, 42.643452800801242 ], [ 128.273518786226532, 42.64672115762189 ], [ 128.277456591960458, 42.651350606827755 ], [ 128.28422926480377, 42.658738784186525 ] ] } },
{ "type": "Feature", "properties": { "CHFCAC": "K5215D08D00049", "GZEE": "522", "SHEET": "K5215" }, "geometry": { "type": "LineString", "coordinates": [ [ 128.26873459401537, 42.644498719541552 ], [ 128.270054173984875, 42.643791472580411 ], [ 128.270588916599905, 42.643452800801242 ], [ 128.281828238904808, 42.636052118173403 ] ] } },
{ "type": "Feature", "properties": { "CHFCAC": "K5215D08D00050", "GZEE": "101", "SHEET": "K5215" }, "geometry": { "type": "LineString", "coordinates": [ [ 128.253627329277577, 42.624344708807513 ], [ 128.25562860568769, 42.627882028428637 ], [ 128.25996935288282, 42.63273976644399 ], [ 128.264710212853316, 42.637937482572511 ], [ 128.270054173984875, 42.643791472580411 ] ] } },
{ "type": "Feature", "properties": { "CHFCAC": "K5215D08D00051", "GZEE": "520", "SHEET": "K5215" }, "geometry": { "type": "LineString", "coordinates": [ [ 128.077768250984491, 42.592263418118392 ], [ 128.078823853135475, 42.595512662445877 ], [ 128.080134240138193, 42.598952977044462 ] ] } },
{ "type": "Feature", "properties": { "CHFCAC": "K5215D08D00052", "GZEE": "520", "SHEET": "K5215" }, "geometry": { "type": "LineString", "coordinates": [ [ 128.067674336360454, 42.568362137182916 ], [ 128.069255782337024, 42.57069304984693 ], [ 128.069951312935387, 42.572103036892699 ] ] } },
{ "type": "Feature", "properties": { "CHFCAC": "K5215D08D00053", "GZEE": "102", "SHEET": "K5215" }, "geometry": { "type": "LineString", "coordinates": [ [ 128.943486924490713, 42.650262029989101 ], [ 128.945400687524256, 42.650663551503747 ], [ 128.946037346522758, 42.650852897246516 ], [ 128.94890164858063, 42.651322320690724 ], [ 128.95195939491893, 42.651557698271368 ], [ 128.955847318114365, 42.651653783888086 ], [ 128.959605240798595, 42.651466126931197 ], [ 128.963874367780932, 42.65113897579625 ], [ 128.96750411361424, 42.650577432331879 ], [ 128.971009815055908, 42.649871707702687 ], [ 128.974195314699273, 42.649075783591982 ], [ 128.976170302388738, 42.648603601081426 ], [ 128.977635632683075, 42.648185298737999 ], [ 128.978291799692528, 42.647820839965206 ], [ 128.980947867501925, 42.646633034642385 ], [ 128.983942956659689, 42.645035619449203 ], [ 128.98728777030243, 42.643460670537486 ] ] } },
{ "type": "Feature", "properties": { "CHFCAC": "K5215D08D00054", "GZEE": "522", "SHEET": "K5215" }, "geometry": { "type": "LineString", "coordinates": [ [ 128.946259338077681, 42.32265855277047 ], [ 128.95488712500719, 42.33031449003537 ], [ 128.963304868560385, 42.33859088034243 ], [ 128.972144508685943, 42.34530929834073 ], [ 128.979093410404687, 42.349523982160328 ] ] } },
{ "type": "Feature", "properties": { "CHFCAC": "K5215D08D00055", "GZEE": "520", "SHEET": "K5215" }, "geometry": { "type": "LineString", "coordinates": [ [ 128.075517957479519, 42.586772016430793 ], [ 128.076586133327652, 42.589485760905866 ], [ 128.077300433587766, 42.591210915782717 ] ] } },
{ "type": "Feature", "properties": { "CHFCAC": "K5215D08D00056", "GZEE": "520", "SHEET": "K5215" }, "geometry": { "type": "LineString", "coordinates": [ [ 128.070799155317019, 42.573514238512473 ], [ 128.072032265949048, 42.575945793718965 ], [ 128.073557566417833, 42.57993707915557 ], [ 128.075058078561113, 42.585728546003523 ] ] } },
{ "type": "Feature", "properties": { "CHFCAC": "K5215D08D00057", "GZEE": "101", "SHEET": "K5215" }, "geometry": { "type": "LineString", "coordinates": [ [ 128.818859871647817, 42.201486670795809 ], [ 128.821902376348817, 42.208329058116277 ], [ 128.82494291786054, 42.215022807931156 ], [ 128.828321304939919, 42.221590941434414 ], [ 128.833401121915614, 42.228544066170052 ], [ 128.840009724286546, 42.2367549825588 ], [ 128.841535404213545, 42.238688188345741 ] ] } },
{ "type": "Feature", "properties": { "CHFCAC": "K5215D08D00058", "GZEE": "101", "SHEET": "K5215" }, "geometry": { "type": "LineString", "coordinates": [ [ 128.774141379119101, 42.236810744351615 ], [ 128.768575235623359, 42.237731437162054 ], [ 128.762794194590811, 42.238601892246052 ], [ 128.755135452190274, 42.24035033937561 ], [ 128.746117109750429, 42.242855995527357 ], [ 128.736990586097278, 42.245738816655695 ], [ 128.727276077465234, 42.251648919564268 ], [ 128.718915854747223, 42.258065675880417 ], [ 128.713636283664584, 42.25956507276485 ], [ 128.703764283028022, 42.261309033623469 ], [ 128.689290018884549, 42.265434480347196 ], [ 128.680074322196333, 42.271846063253257 ], [ 128.671531310562102, 42.279271629186923 ], [ 128.661961060598117, 42.287067140831681 ] ] } },
{ "type": "Feature", "properties": { "CHFCAC": "K5215D08D00059", "GZEE": "522", "SHEET": "K5215" }, "geometry": { "type": "LineString", "coordinates": [ [ 128.822612932000112, 42.364022333395162 ], [ 128.82873768230678, 42.366682895238839 ] ] } },
{ "type": "Feature", "properties": { "CHFCAC": "K5215D08D00060", "GZEE": "101", "SHEET": "K5215" }, "geometry": { "type": "LineString", "coordinates": [ [ 128.220526797433507, 42.638027959252327 ], [ 128.208445970742446, 42.627484720101833 ], [ 128.200695223411742, 42.61886993717372 ], [ 128.198037516664925, 42.616015716408782 ] ] } },
{ "type": "Feature", "properties": { "CHFCAC": "K5215D08D00061", "GZEE": "101", "SHEET": "K5215" }, "geometry": { "type": "LineString", "coordinates": [ [ 128.25190443951189, 42.666944634536243 ], [ 128.248637483762423, 42.662930853132352 ], [ 128.234435321453731, 42.64557993244906 ], [ 128.228162385581953, 42.639722519177383 ], [ 128.224714976034335, 42.637120159789696 ] ] } },
{ "type": "Feature", "properties": { "CHFCAC": "K5215D08D00062", "GZEE": "101", "SHEET": "K5215" }, "geometry": { "type": "LineString", "coordinates": [ [ 128.209687836305164, 42.61613718677534 ], [ 128.212942883141409, 42.619607384494749 ], [ 128.219581670587985, 42.624964024224603 ], [ 128.226976854031477, 42.629726744981696 ], [ 128.234080975318875, 42.634455532978698 ], [ 128.234933636737765, 42.635293920764056 ] ] } },
{ "type": "Feature", "properties": { "CHFCAC": "K5215D08D00063", "GZEE": "521", "SHEET": "K5215" }, "geometry": { "type": "LineString", "coordinates": [ [ 128.200695223411742, 42.61886993717372 ], [ 128.204516170016063, 42.617735271121994 ], [ 128.209687836305164, 42.61613718677534 ] ] } },
{ "type": "Feature", "properties": { "CHFCAC": "K5215D08D00064", "GZEE": "522", "SHEET": "K5215" }, "geometry": { "type": "LineString", "coordinates": [ [ 128.212942883141409, 42.619607384494749 ], [ 128.21537433522164, 42.616603872259368 ], [ 128.218372207758591, 42.614054276653107 ], [ 128.221779013232009, 42.611741413555386 ], [ 128.22424868556206, 42.61039886059514 ] ] } },
{ "type": "Feature", "properties": { "CHFCAC": "K5215D08D00065", "GZEE": "522", "SHEET": "K5215" }, "geometry": { "type": "LineString", "coordinates": [ [ 128.198237625570698, 42.628701025627294 ], [ 128.194389835850046, 42.625577322761742 ], [ 128.190456024297504, 42.621093583401375 ], [ 128.184281601138025, 42.614316234903562 ], [ 128.183504459465865, 42.613054894481969 ], [ 128.181203526078519, 42.609113564380856 ], [ 128.179544382015877, 42.604807697850873 ], [ 128.178073489047705, 42.601016289096478 ] ] } },
{ "type": "Feature", "properties": { "CHFCAC": "K5215D08D00066", "GZEE": "521", "SHEET": "K5215" }, "geometry": { "type": "LineString", "coordinates": [ [ 128.218559527012502, 42.638374624967923 ], [ 128.220526797433507, 42.638027959252327 ], [ 128.224714976034335, 42.637120159789696 ], [ 128.232101084742936, 42.635639558842968 ], [ 128.234933636737765, 42.635293920764056 ], [ 128.238882821814769, 42.635095175408075 ] ] } },
{ "type": "Feature", "properties": { "CHFCAC": "K5215D08D00067", "GZEE": "522", "SHEET": "K5215" }, "geometry": { "type": "LineString", "coordinates": [ [ 128.132754515359323, 42.630033428432441 ], [ 128.135560698816022, 42.634128076966377 ] ] } },
{ "type": "Feature", "properties": { "CHFCAC": "K5215D08D00068", "GZEE": "522", "SHEET": "K5215" }, "geometry": { "type": "LineString", "coordinates": [ [ 128.130064002501172, 42.624724340587846 ], [ 128.131556618779712, 42.627832363035289 ] ] } },
{ "type": "Feature", "properties": { "CHFCAC": "K5215D08D00069", "GZEE": "522", "SHEET": "K5215" }, "geometry": { "type": "LineString", "coordinates": [ [ 128.116151279070039, 42.595869722545707 ], [ 128.11810979934009, 42.602001734816824 ], [ 128.120873956483194, 42.609116610155965 ], [ 128.125358657886039, 42.617531862411802 ], [ 128.128363914741868, 42.622087304031901 ] ] } },
{ "type": "Feature", "properties": { "CHFCAC": "K5215D08D00070", "GZEE": "521", "SHEET": "K5215" }, "geometry": { "type": "LineString", "coordinates": [ [ 128.142142326859471, 42.609583918938966 ], [ 128.148232492381879, 42.605474906156729 ], [ 128.154108181219954, 42.60212015051799 ], [ 128.154424689291034, 42.601991949230538 ], [ 128.160186964674097, 42.598996118419421 ] ] } },
{ "type": "Feature", "properties": { "CHFCAC": "K5215D08D00071", "GZEE": "520", "SHEET": "K5215" }, "geometry": { "type": "LineString", "coordinates": [ [ 128.122217751859353, 42.652885835894892 ], [ 128.118005738132183, 42.645471832536145 ], [ 128.112817452511621, 42.638086117754128 ], [ 128.108134079107543, 42.632581017129475 ], [ 128.098202791540757, 42.620706090914645 ], [ 128.093678456516528, 42.615098130528587 ], [ 128.087662628959805, 42.609181019479465 ] ] } },
{ "type": "Feature", "properties": { "CHFCAC": "K5215D08D00072", "GZEE": "522", "SHEET": "K5215" }, "geometry": { "type": "LineString", "coordinates": [ [ 128.132062447453023, 42.6478477148679 ], [ 128.141987602871012, 42.64311539749739 ], [ 128.151682069827388, 42.637678354842137 ] ] } },
{ "type": "Feature", "properties": { "CHFCAC": "K5215D08D00073", "GZEE": "101", "SHEET": "K5215" }, "geometry": { "type": "LineString", "coordinates": [ [ 128.123050064885632, 42.655655826388809 ], [ 128.125617837982787, 42.658907173901262 ], [ 128.13049674180786, 42.665178193325794 ], [ 128.131938304395646, 42.667016530592001 ] ] } },
{ "type": "Feature", "properties": { "CHFCAC": "K5215D08D00074", "GZEE": "101", "SHEET": "K5215" }, "geometry": { "type": "LineString", "coordinates": [ [ 128.084858983602317, 42.651886829084589 ], [ 128.089784095854185, 42.657660326368102 ], [ 128.096540242288341, 42.664586846786364 ], [ 128.099031418493524, 42.667009981836031 ] ] } },
{ "type": "Feature", "properties": { "CHFCAC": "K5215D08D00075", "GZEE": "520", "SHEET": "K5215" }, "geometry": { "type": "LineString", "coordinates": [ [ 128.083366195773152, 42.65692949887891 ], [ 128.089784095854185, 42.657660326368102 ] ] } },
{ "type": "Feature", "properties": { "CHFCAC": "K5215D08D00076", "GZEE": "520", "SHEET": "K5215" }, "geometry": { "type": "LineString", "coordinates": [ [ 128.077776943379718, 42.656038457410638 ], [ 128.082660873693499, 42.656167685175426 ] ] } },
{ "type": "Feature", "properties": { "CHFCAC": "K5215D08D00077", "GZEE": "101", "SHEET": "K5215" }, "geometry": { "type": "LineString", "coordinates": [ [ 128.087095595257409, 42.660884149270032 ], [ 128.083366195773152, 42.65692949887891 ], [ 128.082660873693499, 42.656167685175426 ], [ 128.080745667328614, 42.654117888777058 ] ] } },
{ "type": "Feature", "properties": { "CHFCAC": "K5215D08D00078", "GZEE": "101", "SHEET": "K5215" }, "geometry": { "type": "LineString", "coordinates": [ [ 128.063923618849202, 42.663267198588393 ], [ 128.06719279041738, 42.663595450281449 ], [ 128.071377306561601, 42.664534141122772 ], [ 128.077753656755192, 42.667079204389566 ] ] } },
{ "type": "Feature", "properties": { "CHFCAC": "K5215D08D00079", "GZEE": "101", "SHEET": "K5215" }, "geometry": { "type": "LineString", "coordinates": [ [ 128.001006889010426, 42.662330689013565 ], [ 128.007148449457389, 42.66052066199471 ], [ 128.011967754132968, 42.660035717492413 ], [ 128.015957330297312, 42.660218593082163 ], [ 128.029141613978396, 42.661613878884083 ], [ 128.040794330788771, 42.662621267173925 ], [ 128.050510717413459, 42.663305343620991 ], [ 128.057449020944716, 42.664388871302727 ] ] } },
{ "type": "Feature", "properties": { "CHFCAC": "K5215D08D00080", "GZEE": "101", "SHEET": "K5215" }, "geometry": { "type": "LineString", "coordinates": [ [ 128.660287487209843, 42.434758471759629 ], [ 128.660510189568697, 42.434619011283836 ], [ 128.666587865564964, 42.430563253343244 ], [ 128.677175535730072, 42.423531139828981 ], [ 128.68339429145837, 42.420204077361092 ] ] } },
{ "type": "Feature", "properties": { "CHFCAC": "K5220D08D00001", "GZEE": "522", "SHEET": "K5220" }, "geometry": { "type": "LineString", "coordinates": [ [ 127.253390566818169, 41.544977363589048 ], [ 127.257200482663464, 41.544949622890051 ], [ 127.263204799684971, 41.544878446295641 ] ] } },
{ "type": "Feature", "properties": { "CHFCAC": "K5220D08D00002", "GZEE": "520", "SHEET": "K5220" }, "geometry": { "type": "LineString", "coordinates": [ [ 127.227040061723116, 41.537546889517145 ], [ 127.234912867872652, 41.536947752497966 ], [ 127.240376371470703, 41.536670902563081 ] ] } },
{ "type": "Feature", "properties": { "CHFCAC": "K5220D08D00003", "GZEE": "522", "SHEET": "K5220" }, "geometry": { "type": "LineString", "coordinates": [ [ 127.119460834701059, 41.815661684247637 ], [ 127.116820698611562, 41.814047417397909 ], [ 127.114860415034187, 41.81285838465157 ], [ 127.112786054626895, 41.811577415070097 ], [ 127.107996865123155, 41.808536696793936 ] ] } },
{ "type": "Feature", "properties": { "CHFCAC": "K5220D08D00004", "GZEE": "522", "SHEET": "K5220" }, "geometry": { "type": "LineString", "coordinates": [ [ 127.107996865123155, 41.808536696793936 ], [ 127.104810910575168, 41.806318954080893 ], [ 127.101953455369397, 41.804381140664923 ] ] } },
{ "type": "Feature", "properties": { "CHFCAC": "K5220D08D00005", "GZEE": "522", "SHEET": "K5220" }, "geometry": { "type": "LineString", "coordinates": [ [ 127.362804475979999, 41.998230740681848 ], [ 127.367080462425676, 41.999660076611519 ], [ 127.368925909208471, 42.000339017939559 ] ] } },
{ "type": "Feature", "properties": { "CHFCAC": "K5220D08D00006", "GZEE": "100", "SHEET": "K5220" }, "geometry": { "type": "LineString", "coordinates": [ [ 127.828305279070776, 41.458748377728767 ], [ 127.829375741313129, 41.458385642381366 ], [ 127.830963822508181, 41.457717499341001 ], [ 127.834337915173293, 41.456221095771404 ], [ 127.836658045022816, 41.455065093902363 ], [ 127.837349728101799, 41.454648931450237 ] ] } },
{ "type": "Feature", "properties": { "CHFCAC": "K5220D08D00007", "GZEE": "522", "SHEET": "K5220" }, "geometry": { "type": "LineString", "coordinates": [ [ 127.856466474902945, 41.448258822144446 ], [ 127.858380853262076, 41.448322836755928 ], [ 127.863837972904548, 41.448881098754157 ], [ 127.867828702895451, 41.449235569310829 ], [ 127.874182537572779, 41.449797651400281 ], [ 127.878712579514314, 41.449922933440128 ], [ 127.879517082206945, 41.449939776696247 ], [ 127.882558029392058, 41.450023361590944 ], [ 127.88815750789847, 41.450442274855476 ], [ 127.889746995248913, 41.450664724248185 ], [ 127.892110645066111, 41.450989140666437 ], [ 127.896975060775958, 41.451945280863981 ], [ 127.900631423909729, 41.452912156550816 ], [ 127.902399161842069, 41.453424245975704 ], [ 127.904287334536434, 41.454013987664716 ], [ 127.905479190257751, 41.454290955823467 ], [ 127.907107600035985, 41.454635086714347 ], [ 127.909370973485053, 41.454913158075769 ], [ 127.910227607754393, 41.455015816839989 ], [ 127.911372042916966, 41.45517071418324 ], [ 127.913153843361869, 41.455138061888235 ], [ 127.916851527498125, 41.455046878479529 ], [ 127.920298719272552, 41.45492621385943 ], [ 127.923010133469617, 41.454663511798046 ], [ 127.926257758713575, 41.454365244698074 ], [ 127.928261493531423, 41.454190340886626 ] ] } },
{ "type": "Feature", "properties": { "CHFCAC": "K5220D08D00008", "GZEE": "520", "SHEET": "K5220" }, "geometry": { "type": "LineString", "coordinates": [ [ 127.340936845825794, 41.530094992895336 ], [ 127.343565426733491, 41.53353620798967 ], [ 127.345147508252708, 41.535805324156193 ] ] } },
{ "type": "Feature", "properties": { "CHFCAC": "K5220D08D00009", "GZEE": "520", "SHEET": "K5220" }, "geometry": { "type": "LineString", "coordinates": [ [ 127.345147508252708, 41.535805324156193 ], [ 127.346942681666718, 41.53901833680267 ] ] } },
{ "type": "Feature", "properties": { "CHFCAC": "K5220D08D00010", "GZEE": "520", "SHEET": "K5220" }, "geometry": { "type": "LineString", "coordinates": [ [ 127.193397104504044, 41.541844390595834 ], [ 127.206046038539782, 41.539967195852249 ], [ 127.219550531410206, 41.538119880352355 ], [ 127.225454408254606, 41.537666493248913 ] ] } },
{ "type": "Feature", "properties": { "CHFCAC": "K5220D08D00011", "GZEE": "200", "SHEET": "K5220" }, "geometry": { "type": "LineString", "coordinates": [ [ 127.013610086766462, 41.784111557844199 ], [ 127.018641689728639, 41.784887196638046 ], [ 127.027692205988188, 41.786483462974601 ], [ 127.02771418981915, 41.786488341956407 ], [ 127.02860673562833, 41.786692727107145 ], [ 127.028828701454501, 41.786741568679297 ], [ 127.031388540183841, 41.787366145264599 ] ] } },
{ "type": "Feature", "properties": { "CHFCAC": "K5220D08D00012", "GZEE": "522", "SHEET": "K5220" }, "geometry": { "type": "LineString", "coordinates": [ [ 127.263024523277323, 41.966897428866176 ], [ 127.26640920474523, 41.96613388494405 ], [ 127.267514958677012, 41.965884970319962 ], [ 127.269613067724634, 41.965416969420644 ], [ 127.271402328152504, 41.965016300846486 ], [ 127.27419916365136, 41.964396687607909 ] ] } },
{ "type": "Feature", "properties": { "CHFCAC": "K5220D08D00013", "GZEE": "200", "SHEET": "K5220" }, "geometry": { "type": "LineString", "coordinates": [ [ 127.054310387838825, 42.000320044997039 ], [ 127.055790723892571, 41.999480854500284 ], [ 127.059334222380187, 41.998271506665752 ], [ 127.060820520810893, 41.997783468963036 ], [ 127.067748833628201, 41.995636172420589 ], [ 127.069035822395833, 41.99521670897159 ], [ 127.076554768088755, 41.992858301047285 ], [ 127.083180966751357, 41.990939069660087 ], [ 127.084512481387677, 41.990632724353979 ], [ 127.092583510186302, 41.989380724529866 ], [ 127.096981595514919, 41.988684051719432 ], [ 127.10079896877366, 41.988220621534055 ] ] } },
{ "type": "Feature", "properties": { "CHFCAC": "K5220D08D00014", "GZEE": "522", "SHEET": "K5220" }, "geometry": { "type": "LineString", "coordinates": [ [ 127.142769661746073, 41.829810957112443 ], [ 127.139860867821454, 41.82791375249294 ], [ 127.136716684267157, 41.825553541205366 ], [ 127.131030404816713, 41.821396337825028 ], [ 127.124950087278251, 41.818060683443093 ], [ 127.119460834701059, 41.815661684247637 ] ] } },
{ "type": "Feature", "properties": { "CHFCAC": "K5220D08D00015", "GZEE": "522", "SHEET": "K5220" }, "geometry": { "type": "LineString", "coordinates": [ [ 127.310556708165308, 41.827572032146001 ], [ 127.312730964422599, 41.827820055297963 ], [ 127.315285833062276, 41.827857550840577 ], [ 127.317842055582133, 41.827791490007947 ], [ 127.320700546582998, 41.82768480730865 ] ] } },
{ "type": "Feature", "properties": { "CHFCAC": "K5220D08D00016", "GZEE": "522", "SHEET": "K5220" }, "geometry": { "type": "LineString", "coordinates": [ [ 127.338454849569416, 41.868532796467534 ], [ 127.332136763090787, 41.864578943987837 ], [ 127.324739793727346, 41.859906809611509 ], [ 127.318880980381294, 41.856427079685027 ], [ 127.317194866748295, 41.85528343125867 ] ] } },
{ "type": "Feature", "properties": { "CHFCAC": "K5220D08D00017", "GZEE": "522", "SHEET": "K5220" }, "geometry": { "type": "LineString", "coordinates": [ [ 127.249526678577169, 41.826594902335472 ], [ 127.254093149403047, 41.828631575874034 ], [ 127.259913594865253, 41.831218219092918 ] ] } },
{ "type": "Feature", "properties": { "CHFCAC": "K5220D08D00018", "GZEE": "522", "SHEET": "K5220" }, "geometry": { "type": "LineString", "coordinates": [ [ 127.249424833466151, 41.815389183543985 ], [ 127.251859028526894, 41.815687349701442 ], [ 127.256275287924524, 41.815979565786542 ], [ 127.258590909963402, 41.815992196035012 ], [ 127.259332740503154, 41.816030466811817 ], [ 127.261400936163454, 41.816228366726619 ] ] } },
{ "type": "Feature", "properties": { "CHFCAC": "K5220D08D00019", "GZEE": "522", "SHEET": "K5220" }, "geometry": { "type": "LineString", "coordinates": [ [ 127.22404754292252, 41.803277705461419 ], [ 127.228374285159106, 41.803839696113144 ], [ 127.232216233623248, 41.804358081381409 ], [ 127.233138413475018, 41.804426259867157 ], [ 127.236330944610529, 41.805051521897944 ] ] } },
{ "type": "Feature", "properties": { "CHFCAC": "K5220D08D00020", "GZEE": "522", "SHEET": "K5220" }, "geometry": { "type": "LineString", "coordinates": [ [ 127.212329656455012, 41.801538420734651 ], [ 127.213259519517592, 41.801485369431333 ], [ 127.214092046962307, 41.801466808737011 ], [ 127.215617433775165, 41.801580549225996 ], [ 127.216661386126518, 41.801767789896438 ] ] } },
{ "type": "Feature", "properties": { "CHFCAC": "K5220D08D00021", "GZEE": "200", "SHEET": "K5220" }, "geometry": { "type": "LineString", "coordinates": [ [ 127.184886967671844, 41.792496622412365 ], [ 127.190797308771408, 41.791622097751741 ], [ 127.194627261085074, 41.791254696962042 ], [ 127.195858329822101, 41.791111989657935 ], [ 127.202156829713033, 41.791237785839961 ], [ 127.205230500222754, 41.791515420576452 ], [ 127.211591618362732, 41.792262897054833 ], [ 127.213382346188197, 41.792290737490887 ], [ 127.216367978511727, 41.792053551803711 ], [ 127.217561825166598, 41.79195054678538 ], [ 127.224875567815658, 41.79039379012012 ], [ 127.227203843779506, 41.789768050595811 ] ] } },
{ "type": "Feature", "properties": { "CHFCAC": "K5220D08D00022", "GZEE": "200", "SHEET": "K5220" }, "geometry": { "type": "LineString", "coordinates": [ [ 127.111458532412328, 41.802507700107093 ], [ 127.116871908240924, 41.802749646315718 ], [ 127.126413312380237, 41.802374573502874 ], [ 127.127685538278357, 41.80239529019039 ], [ 127.138491953395842, 41.802255883274917 ], [ 127.139481487452741, 41.802217901711423 ], [ 127.143093529354132, 41.80228535072343 ], [ 127.149589693493752, 41.801800549604167 ], [ 127.15669198569249, 41.800739857228614 ], [ 127.159873916258761, 41.800273219006847 ], [ 127.161007681399028, 41.800133829083826 ], [ 127.169753129474046, 41.798000303017169 ], [ 127.170960666704829, 41.797704454922112 ], [ 127.176177835210993, 41.796261415743885 ] ] } },
{ "type": "Feature", "properties": { "CHFCAC": "K5220D08D00023", "GZEE": "200", "SHEET": "K5220" }, "geometry": { "type": "LineString", "coordinates": [ [ 127.081409991341928, 41.797260594606129 ], [ 127.086356824070975, 41.798355957403381 ], [ 127.092676136891157, 41.799410890816432 ], [ 127.095582454650241, 41.799747233201536 ] ] } },
{ "type": "Feature", "properties": { "CHFCAC": "K5220D08D00024", "GZEE": "200", "SHEET": "K5220" }, "geometry": { "type": "LineString", "coordinates": [ [ 127.074689922465339, 41.802194232133573 ], [ 127.080505529261544, 41.804308229054755 ], [ 127.089846419064529, 41.806287080651458 ], [ 127.093893947440662, 41.807245635841419 ], [ 127.097377599220721, 41.807704001452031 ], [ 127.10157268109208, 41.808219105565193 ], [ 127.107996865123155, 41.808536696793936 ] ] } },
{ "type": "Feature", "properties": { "CHFCAC": "K5220D08D00025", "GZEE": "200", "SHEET": "K5220" }, "geometry": { "type": "LineString", "coordinates": [ [ 127.050335392195208, 41.793919334468235 ], [ 127.052753418602606, 41.794563586406539 ], [ 127.058477088555463, 41.795884851812346 ], [ 127.062963132086452, 41.796743857017894 ], [ 127.065304977113584, 41.797237995827032 ], [ 127.072190152448002, 41.799100324281852 ] ] } },
{ "type": "Feature", "properties": { "CHFCAC": "K5220D08D00026", "GZEE": "200", "SHEET": "K5220" }, "geometry": { "type": "LineString", "coordinates": [ [ 127.048518983983925, 41.79635526441637 ], [ 127.050390894629672, 41.796949737737471 ], [ 127.057496614812251, 41.79842058129185 ], [ 127.05876153016375, 41.798653537919812 ], [ 127.066402273078793, 41.800177888472909 ], [ 127.067782629679485, 41.800435196741972 ], [ 127.071505940752658, 41.801290035892777 ] ] } },
{ "type": "Feature", "properties": { "CHFCAC": "K5220D08D00027", "GZEE": "200", "SHEET": "K5220" }, "geometry": { "type": "LineString", "coordinates": [ [ 127.000967490974105, 41.794610075654838 ], [ 127.00276327826505, 41.794605328271651 ], [ 127.004792649100807, 41.794613562031728 ], [ 127.006191302331132, 41.79471887973866 ], [ 127.015555906508283, 41.794588513083959 ], [ 127.025603944296719, 41.794109020336947 ], [ 127.026884589174728, 41.794130996910368 ], [ 127.036625087232153, 41.79490115115793 ], [ 127.037766183599558, 41.795019686136889 ], [ 127.044750278031515, 41.79604358083688 ] ] } },
{ "type": "Feature", "properties": { "CHFCAC": "K5220D08D00028", "GZEE": "522", "SHEET": "K5220" }, "geometry": { "type": "LineString", "coordinates": [ [ 127.324602968406538, 41.592674482450192 ], [ 127.320975981623477, 41.591316108296695 ], [ 127.30717152915598, 41.585968214311585 ], [ 127.298823395541788, 41.58219412580344 ], [ 127.291178902325981, 41.578911601372063 ], [ 127.28266851229094, 41.575372502516039 ], [ 127.274763825340941, 41.573043808170894 ], [ 127.272546101955015, 41.572492841618867 ] ] } },
{ "type": "Feature", "properties": { "CHFCAC": "K5220D08D00029", "GZEE": "522", "SHEET": "K5220" }, "geometry": { "type": "LineString", "coordinates": [ [ 127.137007379813241, 41.539418327968377 ], [ 127.141963129714071, 41.538800763397411 ], [ 127.146741327305449, 41.537581420736586 ], [ 127.148579330363006, 41.537129361084304 ] ] } },
{ "type": "Feature", "properties": { "CHFCAC": "K5220D08D00030", "GZEE": "522", "SHEET": "K5220" }, "geometry": { "type": "LineString", "coordinates": [ [ 127.267953015618218, 41.545508304764134 ], [ 127.269127338114927, 41.547682260537378 ], [ 127.269187028801795, 41.547795731060297 ], [ 127.270658079573053, 41.549605001254541 ] ] } },
{ "type": "Feature", "properties": { "CHFCAC": "K5220D08D00031", "GZEE": "522", "SHEET": "K5220" }, "geometry": { "type": "LineString", "coordinates": [ [ 127.270658079573053, 41.549605001254541 ], [ 127.272544855040508, 41.552028255184908 ], [ 127.27360381009818, 41.553196604390649 ] ] } },
{ "type": "Feature", "properties": { "CHFCAC": "K5220D08D00032", "GZEE": "522", "SHEET": "K5220" }, "geometry": { "type": "LineString", "coordinates": [ [ 127.27360381009818, 41.553196604390649 ], [ 127.276387407356367, 41.556299505750793 ] ] } },
{ "type": "Feature", "properties": { "CHFCAC": "K5220D08D00033", "GZEE": "520", "SHEET": "K5220" }, "geometry": { "type": "LineString", "coordinates": [ [ 127.270658079573053, 41.549605001254541 ], [ 127.275967476752626, 41.549131058262617 ], [ 127.283291960248619, 41.547903657870044 ], [ 127.288240604404095, 41.546996084881258 ] ] } },
{ "type": "Feature", "properties": { "CHFCAC": "K5220D08D00034", "GZEE": "520", "SHEET": "K5220" }, "geometry": { "type": "LineString", "coordinates": [ [ 127.279309028982951, 41.552404301944122 ], [ 127.283088529603745, 41.551641507652832 ], [ 127.288919769225231, 41.550143876251838 ] ] } },
{ "type": "Feature", "properties": { "CHFCAC": "K5220D08D00035", "GZEE": "520", "SHEET": "K5220" }, "geometry": { "type": "LineString", "coordinates": [ [ 127.27360381009818, 41.553196604390649 ], [ 127.276997492349764, 41.552770357933895 ] ] } },
{ "type": "Feature", "properties": { "CHFCAC": "K5220D08D00036", "GZEE": "520", "SHEET": "K5220" }, "geometry": { "type": "LineString", "coordinates": [ [ 127.289058777449142, 41.546292498333273 ], [ 127.286890010753879, 41.543280091992905 ], [ 127.286535559756686, 41.542428509443852 ] ] } },
{ "type": "Feature", "properties": { "CHFCAC": "K5220D08D00037", "GZEE": "520", "SHEET": "K5220" }, "geometry": { "type": "LineString", "coordinates": [ [ 127.286535559756686, 41.542428509443852 ], [ 127.283255136820131, 41.537418706498414 ] ] } },
{ "type": "Feature", "properties": { "CHFCAC": "K5220D08D00038", "GZEE": "520", "SHEET": "K5220" }, "geometry": { "type": "LineString", "coordinates": [ [ 127.283255136820131, 41.537418706498414 ], [ 127.280857189908303, 41.534087674183233 ], [ 127.280586892407896, 41.533709962582144 ] ] } },
{ "type": "Feature", "properties": { "CHFCAC": "K5220D08D00039", "GZEE": "520", "SHEET": "K5220" }, "geometry": { "type": "LineString", "coordinates": [ [ 127.280586892407896, 41.533709962582144 ], [ 127.278602111501996, 41.530087919754159 ], [ 127.278317337020468, 41.529619997183971 ] ] } },
{ "type": "Feature", "properties": { "CHFCAC": "K5220D08D00040", "GZEE": "520", "SHEET": "K5220" }, "geometry": { "type": "LineString", "coordinates": [ [ 127.273165298828275, 41.544546800867643 ], [ 127.275317470848705, 41.544232494736953 ], [ 127.276399799771653, 41.544077663433455 ], [ 127.280559363982903, 41.543469187281801 ], [ 127.283385311807095, 41.542975719676669 ], [ 127.284439884422042, 41.542793402856972 ], [ 127.286535559756686, 41.542428509443852 ] ] } },
{ "type": "Feature", "properties": { "CHFCAC": "K5220D08D00041", "GZEE": "520", "SHEET": "K5220" }, "geometry": { "type": "LineString", "coordinates": [ [ 127.271631099433719, 41.53516476554713 ], [ 127.276356859569987, 41.534438917126906 ], [ 127.280586892407896, 41.533709962582144 ] ] } },
{ "type": "Feature", "properties": { "CHFCAC": "K5220D08D00042", "GZEE": "520", "SHEET": "K5220" }, "geometry": { "type": "LineString", "coordinates": [ [ 127.345147508252708, 41.535805324156193 ], [ 127.332687257031395, 41.535805349621782 ], [ 127.327778525265259, 41.535743088873652 ], [ 127.319898660954905, 41.535925287609814 ], [ 127.314106100469118, 41.536178132148962 ], [ 127.313563552117557, 41.536201672010627 ], [ 127.310525938561625, 41.536229100532537 ], [ 127.306500417104274, 41.536331934489269 ], [ 127.30380817566558, 41.536458807682266 ], [ 127.303131430177402, 41.536489336303106 ], [ 127.299107755815314, 41.536672998292254 ], [ 127.29715713092277, 41.536779143716984 ], [ 127.294477802516852, 41.53692399609519 ], [ 127.292611884250263, 41.537022347116753 ], [ 127.287192561317966, 41.537252351492143 ], [ 127.283255136820131, 41.537418706498414 ] ] } },
{ "type": "Feature", "properties": { "CHFCAC": "K5220D08D00043", "GZEE": "522", "SHEET": "K5220" }, "geometry": { "type": "LineString", "coordinates": [ [ 127.324189813790099, 41.551941891841885 ], [ 127.328343895425945, 41.550998497145081 ], [ 127.331866810248414, 41.550549983413681 ], [ 127.334478942842296, 41.550137688457767 ], [ 127.335470154454271, 41.549940465344619 ], [ 127.33716239301576, 41.549910934625288 ], [ 127.34069741692177, 41.549885512095891 ], [ 127.346091315762095, 41.549850696191825 ], [ 127.349003902773489, 41.550090621311199 ], [ 127.351420076075243, 41.550467409146009 ], [ 127.353528690526133, 41.550749722425742 ] ] } },
{ "type": "Feature", "properties": { "CHFCAC": "K5220D08D00044", "GZEE": "522", "SHEET": "K5220" }, "geometry": { "type": "LineString", "coordinates": [ [ 127.355964055432608, 41.558252874535007 ], [ 127.355180015935048, 41.5553200797995 ], [ 127.354659337433432, 41.553516441509764 ], [ 127.354371646899878, 41.552643497936351 ], [ 127.354013531290477, 41.551562496222218 ], [ 127.353528690526133, 41.550749722425742 ] ] } },
{ "type": "Feature", "properties": { "CHFCAC": "K5220D08D00045", "GZEE": "522", "SHEET": "K5220" }, "geometry": { "type": "LineString", "coordinates": [ [ 127.353528690526133, 41.550749722425742 ], [ 127.3519597096019, 41.548125264307053 ], [ 127.350079507662912, 41.545109172539703 ] ] } },
{ "type": "Feature", "properties": { "CHFCAC": "K5220D08D00046", "GZEE": "520", "SHEET": "K5220" }, "geometry": { "type": "LineString", "coordinates": [ [ 127.362569085242043, 41.559238477981424 ], [ 127.367551286528339, 41.558832156211629 ], [ 127.369100768131787, 41.558507547354871 ], [ 127.374412023538753, 41.557403331686466 ], [ 127.378049940910373, 41.556617373317785 ] ] } },
{ "type": "Feature", "properties": { "CHFCAC": "K5220D08D00047", "GZEE": "522", "SHEET": "K5220" }, "geometry": { "type": "LineString", "coordinates": [ [ 127.395216263563029, 41.538158228288154 ], [ 127.398925099887222, 41.539546931643535 ], [ 127.40310733200694, 41.540527962517707 ], [ 127.40905332931024, 41.541069585920198 ], [ 127.412317065947946, 41.541411788822316 ] ] } },
{ "type": "Feature", "properties": { "CHFCAC": "K5220D08D00048", "GZEE": "522", "SHEET": "K5220" }, "geometry": { "type": "LineString", "coordinates": [ [ 127.433172327382167, 41.543296011343052 ], [ 127.441473009327808, 41.542931653986351 ], [ 127.450612593500722, 41.54296067840091 ], [ 127.452594617442998, 41.542978355217542 ] ] } },
{ "type": "Feature", "properties": { "CHFCAC": "K5220D08D00049", "GZEE": "522", "SHEET": "K5220" }, "geometry": { "type": "LineString", "coordinates": [ [ 127.452594617442998, 41.542978355217542 ], [ 127.460781342207937, 41.543079234349534 ], [ 127.463259107758461, 41.543112380138318 ] ] } },
{ "type": "Feature", "properties": { "CHFCAC": "K5220D08D00050", "GZEE": "522", "SHEET": "K5220" }, "geometry": { "type": "LineString", "coordinates": [ [ 127.443636469208442, 41.546296761580507 ], [ 127.449621457677807, 41.544009696001986 ], [ 127.452594617442998, 41.542978355217542 ] ] } },
{ "type": "Feature", "properties": { "CHFCAC": "K5220D08D00051", "GZEE": "522", "SHEET": "K5220" }, "geometry": { "type": "LineString", "coordinates": [ [ 127.479905584576883, 41.543828883129734 ], [ 127.479703336751442, 41.541719400030949 ], [ 127.480043997432858, 41.539671102108883 ], [ 127.480886258112875, 41.536724596014103 ], [ 127.481942768446672, 41.534582233158567 ] ] } },
{ "type": "Feature", "properties": { "CHFCAC": "K5220D08D00052", "GZEE": "522", "SHEET": "K5220" }, "geometry": { "type": "LineString", "coordinates": [ [ 127.955940674723209, 41.460400913858194 ], [ 127.960253459454933, 41.458760781949984 ], [ 127.963816091928422, 41.457410839261975 ], [ 127.965219518181883, 41.456959777728208 ], [ 127.967305827851192, 41.456622877429268 ] ] } },
{ "type": "Feature", "properties": { "CHFCAC": "K5220D08D00053", "GZEE": "522", "SHEET": "K5220" }, "geometry": { "type": "LineString", "coordinates": [ [ 127.816015293530072, 41.462021445650173 ], [ 127.813014744350497, 41.463296070540643 ], [ 127.812323935156982, 41.463631060341058 ] ] } },
{ "type": "Feature", "properties": { "CHFCAC": "K5220D08D00054", "GZEE": "522", "SHEET": "K5220" }, "geometry": { "type": "LineString", "coordinates": [ [ 127.934660184781535, 41.46505432689338 ], [ 127.940655457117202, 41.463543033362228 ], [ 127.945339547751161, 41.462118462076049 ], [ 127.948504206162198, 41.461692744728893 ], [ 127.94948590916303, 41.461701714870138 ] ] } },
{ "type": "Feature", "properties": { "CHFCAC": "K5220D08D00055", "GZEE": "522", "SHEET": "K5220" }, "geometry": { "type": "LineString", "coordinates": [ [ 127.840436195136576, 41.471400010720053 ], [ 127.839231919163709, 41.470280424981219 ], [ 127.837945548265196, 41.46827308938574 ], [ 127.836325126195391, 41.466631532955702 ], [ 127.835565497971515, 41.466002587521999 ], [ 127.83494359257142, 41.465384035896868 ], [ 127.833621848523904, 41.464218182366487 ], [ 127.832473229317984, 41.462968494928802 ], [ 127.831094397877678, 41.461558911451888 ], [ 127.830949669908634, 41.461413380747608 ], [ 127.829553304936752, 41.460012624514981 ], [ 127.828305279070776, 41.458748377728767 ] ] } },
{ "type": "Feature", "properties": { "CHFCAC": "K5220D08D00056", "GZEE": "522", "SHEET": "K5220" }, "geometry": { "type": "LineString", "coordinates": [ [ 127.828305279070776, 41.458748377728767 ], [ 127.827187786196205, 41.457679069541399 ] ] } },
{ "type": "Feature", "properties": { "CHFCAC": "K5220D08D00057", "GZEE": "522", "SHEET": "K5220" }, "geometry": { "type": "LineString", "coordinates": [ [ 127.827187786196205, 41.457679069541399 ], [ 127.822001018156399, 41.453416816438079 ] ] } },
{ "type": "Feature", "properties": { "CHFCAC": "K5220D08D00058", "GZEE": "522", "SHEET": "K5220" }, "geometry": { "type": "LineString", "coordinates": [ [ 127.822001018156399, 41.453416816438079 ], [ 127.820862371637503, 41.452504754412971 ] ] } },
{ "type": "Feature", "properties": { "CHFCAC": "K5220D08D00059", "GZEE": "522", "SHEET": "K5220" }, "geometry": { "type": "LineString", "coordinates": [ [ 127.820862371637503, 41.452504754412971 ], [ 127.818151429216087, 41.45021248953352 ], [ 127.816129654999557, 41.448404454347624 ], [ 127.810049376294202, 41.442898945686366 ], [ 127.806770179280562, 41.440168371592776 ], [ 127.800838457344625, 41.435726347744087 ], [ 127.795521803677602, 41.432686042679862 ], [ 127.793634154254818, 41.431788415983029 ], [ 127.792889720373438, 41.431433940632985 ], [ 127.790764452858355, 41.430421215608035 ], [ 127.783451865036497, 41.428129176451982 ], [ 127.778945947561738, 41.426154640447876 ], [ 127.776708776647595, 41.425099929985926 ] ] } },
{ "type": "Feature", "properties": { "CHFCAC": "K5220D08D00060", "GZEE": "100", "SHEET": "K5220" }, "geometry": { "type": "LineString", "coordinates": [ [ 127.819795760780281, 41.4602730678928 ], [ 127.822051356012039, 41.459427319163325 ], [ 127.825058137135272, 41.458391119461226 ], [ 127.827187786196205, 41.457679069541399 ] ] } },
{ "type": "Feature", "properties": { "CHFCAC": "K5220D08D00061", "GZEE": "522", "SHEET": "K5220" }, "geometry": { "type": "LineString", "coordinates": [ [ 127.822001018156399, 41.453416816438079 ], [ 127.82392249107464, 41.452166929908266 ], [ 127.826852538875542, 41.450139493882887 ], [ 127.829277409678298, 41.448732622927473 ] ] } },
{ "type": "Feature", "properties": { "CHFCAC": "K5220D08D00062", "GZEE": "522", "SHEET": "K5220" }, "geometry": { "type": "LineString", "coordinates": [ [ 127.811614698445666, 41.457429177966162 ], [ 127.814328849378327, 41.455985087237949 ], [ 127.819217474295911, 41.45338376344062 ], [ 127.820862371637503, 41.452504754412971 ] ] } },
{ "type": "Feature", "properties": { "CHFCAC": "K5220D08D00063", "GZEE": "522", "SHEET": "K5220" }, "geometry": { "type": "LineString", "coordinates": [ [ 127.550978696809594, 41.515467183005789 ], [ 127.553541441423931, 41.512645328713013 ] ] } },
{ "type": "Feature", "properties": { "CHFCAC": "K5220D08D00064", "GZEE": "522", "SHEET": "K5220" }, "geometry": { "type": "LineString", "coordinates": [ [ 127.553541441423931, 41.512645328713013 ], [ 127.556478910920418, 41.510215272296442 ], [ 127.557484390290398, 41.509449108877881 ] ] } },
{ "type": "Feature", "properties": { "CHFCAC": "K5220D08D00065", "GZEE": "522", "SHEET": "K5220" }, "geometry": { "type": "LineString", "coordinates": [ [ 127.519636121073958, 41.508256799522506 ], [ 127.522021851078577, 41.508728635924349 ], [ 127.526298315287548, 41.509211203675584 ], [ 127.530777989548852, 41.509759220977003 ], [ 127.535351784708681, 41.510357794961408 ], [ 127.54102428645048, 41.511087166076869 ], [ 127.54738512391954, 41.511860944117117 ], [ 127.553541441423931, 41.512645328713013 ] ] } },
{ "type": "Feature", "properties": { "CHFCAC": "K5220D08D00066", "GZEE": "522", "SHEET": "K5220" }, "geometry": { "type": "LineString", "coordinates": [ [ 127.515119230944549, 41.515257319832614 ], [ 127.515825419990378, 41.513618767855057 ], [ 127.517713479436708, 41.509834632967063 ], [ 127.518431790250887, 41.508290782211795 ] ] } },
{ "type": "Feature", "properties": { "CHFCAC": "K5220D08D00067", "GZEE": "522", "SHEET": "K5220" }, "geometry": { "type": "LineString", "coordinates": [ [ 127.475595428061894, 41.503805343491209 ], [ 127.476787176520276, 41.505657852518937 ], [ 127.477750548548656, 41.50698512231984 ], [ 127.478158648024817, 41.508156504876425 ], [ 127.479058542370325, 41.510531818263097 ], [ 127.479624961658473, 41.511795310902663 ], [ 127.479959820426473, 41.513393331244878 ], [ 127.48013455606818, 41.514957774517384 ] ] } },
{ "type": "Feature", "properties": { "CHFCAC": "K5220D08D00068", "GZEE": "200", "SHEET": "K5220" }, "geometry": { "type": "LineString", "coordinates": [ [ 127.468410019217458, 41.520438370317557 ], [ 127.472901589173944, 41.5216145310389 ], [ 127.478523899742484, 41.523188146184708 ], [ 127.48385987583967, 41.524573140093537 ] ] } },
{ "type": "Feature", "properties": { "CHFCAC": "K5220D08D00069", "GZEE": "522", "SHEET": "K5220" }, "geometry": { "type": "LineString", "coordinates": [ [ 127.374803058915603, 41.97915341613048 ], [ 127.378366735122839, 41.980900816419698 ], [ 127.379346725001838, 41.981459354356993 ], [ 127.385310977961865, 41.984095674713274 ], [ 127.386574843147571, 41.984541108278229 ], [ 127.391259887738414, 41.986029296844833 ], [ 127.392845675254392, 41.986609699352343 ], [ 127.394520092907925, 41.987164269493753 ], [ 127.395869403636709, 41.987660283159379 ], [ 127.39858631675078, 41.98872904171278 ], [ 127.403166284590455, 41.990453880051575 ], [ 127.404263803114077, 41.990856263927327 ], [ 127.405898170981942, 41.991482175479497 ], [ 127.408964194462357, 41.992713057746684 ], [ 127.412868493310498, 41.994266076946566 ], [ 127.416482057576758, 41.996004038115608 ], [ 127.420212341488707, 41.998279129085866 ], [ 127.421386550875809, 41.999047003175761 ], [ 127.422408166109648, 42.000330426603192 ] ] } },
{ "type": "Feature", "properties": { "CHFCAC": "K5220D08D00070", "GZEE": "200", "SHEET": "K5220" }, "geometry": { "type": "LineString", "coordinates": [ [ 127.273453907090953, 41.969967176422834 ], [ 127.273581014342071, 41.968780727520553 ] ] } },
{ "type": "Feature", "properties": { "CHFCAC": "K5220D08D00071", "GZEE": "200", "SHEET": "K5220" }, "geometry": { "type": "LineString", "coordinates": [ [ 127.273581014342071, 41.968780727520553 ], [ 127.273762604689125, 41.967081941667615 ], [ 127.273951388716938, 41.965779413864034 ], [ 127.27419916365136, 41.964396687607909 ] ] } },
{ "type": "Feature", "properties": { "CHFCAC": "K5220D08D00072", "GZEE": "200", "SHEET": "K5220" }, "geometry": { "type": "LineString", "coordinates": [ [ 127.27419916365136, 41.964396687607909 ], [ 127.276521665000843, 41.953709340140861 ], [ 127.27700128804851, 41.952015004308322 ] ] } },
{ "type": "Feature", "properties": { "CHFCAC": "K5220D08D00073", "GZEE": "200", "SHEET": "K5220" }, "geometry": { "type": "LineString", "coordinates": [ [ 127.27700128804851, 41.952015004308322 ], [ 127.277129927020695, 41.951377724185058 ], [ 127.277319630186739, 41.950358787956041 ] ] } },
{ "type": "Feature", "properties": { "CHFCAC": "K5220D08D00074", "GZEE": "200", "SHEET": "K5220" }, "geometry": { "type": "LineString", "coordinates": [ [ 127.277319630186739, 41.950358787956041 ], [ 127.279430130906647, 41.943507826451167 ], [ 127.281285274484375, 41.938899158325462 ] ] } },
{ "type": "Feature", "properties": { "CHFCAC": "K5220D08D00075", "GZEE": "520", "SHEET": "K5220" }, "geometry": { "type": "LineString", "coordinates": [ [ 127.273581014342071, 41.968780727520553 ], [ 127.286222344449811, 41.968488534221414 ], [ 127.287138558327669, 41.968439191995174 ], [ 127.295812621118799, 41.968185711356071 ], [ 127.296715969447902, 41.968208108673608 ], [ 127.296749090152858, 41.968209266692838 ], [ 127.301408735980857, 41.968372183160056 ], [ 127.305844693519077, 41.968572787731034 ], [ 127.309092845710111, 41.968481173351087 ], [ 127.311709322071266, 41.968245076766124 ], [ 127.31420126063388, 41.967881111586493 ], [ 127.316803100017736, 41.967631179594008 ], [ 127.318383106517373, 41.967402276995251 ], [ 127.325440821234622, 41.966416144513154 ], [ 127.327124884096619, 41.966098567825036 ], [ 127.328595653499136, 41.96580941397459 ], [ 127.331253430600114, 41.96548347401427 ], [ 127.33414757017097, 41.965106900999068 ], [ 127.335606982926535, 41.965033515082872 ], [ 127.342207781821116, 41.964710428769536 ], [ 127.347176152766764, 41.964782081497688 ] ] } },
{ "type": "Feature", "properties": { "CHFCAC": "K5220D08D00076", "GZEE": "522", "SHEET": "K5220" }, "geometry": { "type": "LineString", "coordinates": [ [ 127.270178669689059, 41.924341380567718 ], [ 127.279753294250497, 41.929081176114764 ], [ 127.290765848262623, 41.9343682726795 ], [ 127.29911854947629, 41.938354570926464 ], [ 127.306522691609786, 41.942218178893334 ], [ 127.312176386680036, 41.945483936743024 ] ] } },
{ "type": "Feature", "properties": { "CHFCAC": "K5220D08D00077", "GZEE": "522", "SHEET": "K5220" }, "geometry": { "type": "LineString", "coordinates": [ [ 127.312176386680036, 41.945483936743024 ], [ 127.318707916656535, 41.949959648177682 ], [ 127.327818627454192, 41.954909226044023 ], [ 127.337523939125276, 41.959299548886712 ], [ 127.342732145270958, 41.961495006767215 ] ] } },
{ "type": "Feature", "properties": { "CHFCAC": "K5220D08D00078", "GZEE": "522", "SHEET": "K5220" }, "geometry": { "type": "LineString", "coordinates": [ [ 127.27700128804851, 41.952015004308322 ], [ 127.282034264909285, 41.951257689212355 ], [ 127.285701873124722, 41.950700336542766 ], [ 127.296680415242278, 41.948185468209225 ], [ 127.312176386680036, 41.945483936743024 ] ] } },
{ "type": "Feature", "properties": { "CHFCAC": "K5220D08D00079", "GZEE": "200", "SHEET": "K5220" }, "geometry": { "type": "LineString", "coordinates": [ [ 127.232963756419977, 41.966839175852151 ], [ 127.242362187192086, 41.962392098680112 ], [ 127.252762326801232, 41.958135050047524 ], [ 127.264947871570371, 41.954084138451968 ], [ 127.2745207453235, 41.950946910494004 ], [ 127.277319630186739, 41.950358787956041 ] ] } },
{ "type": "Feature", "properties": { "CHFCAC": "K5220D08D00080", "GZEE": "200", "SHEET": "K5220" }, "geometry": { "type": "LineString", "coordinates": [ [ 127.000970504133718, 41.984229386825213 ], [ 127.006923373264101, 41.982910524772862 ], [ 127.009678995254092, 41.982517259704338 ], [ 127.012724988266555, 41.9820298939579 ], [ 127.018231354350476, 41.981535447880063 ], [ 127.023435219550493, 41.980972509081582 ], [ 127.034656755698066, 41.980012871366448 ], [ 127.040245866992962, 41.979590804339487 ], [ 127.04780104344448, 41.979098396573377 ], [ 127.051287478660967, 41.978896610466556 ], [ 127.054012041886878, 41.978758289830992 ], [ 127.056930476851647, 41.97857365584089 ], [ 127.065030465438909, 41.977963298262409 ], [ 127.074078619718748, 41.976999193254812 ], [ 127.076403665265616, 41.976844598472127 ], [ 127.079194837687979, 41.976693291397474 ], [ 127.084948098835156, 41.976559873997196 ], [ 127.094765451841369, 41.976561229421115 ] ] } },
{ "type": "Feature", "properties": { "CHFCAC": "K5220D08D00081", "GZEE": "200", "SHEET": "K5220" }, "geometry": { "type": "LineString", "coordinates": [ [ 127.096559294020764, 41.979471836659407 ], [ 127.099139339698979, 41.979375059551359 ], [ 127.101365378135341, 41.979267899972605 ], [ 127.103649712672336, 41.978927542391766 ], [ 127.105535895008273, 41.978598572618935 ], [ 127.110817638108585, 41.977528834553652 ], [ 127.113229027702118, 41.976713253745316 ], [ 127.115931456881711, 41.976019401687921 ], [ 127.120660113599968, 41.973787755411912 ], [ 127.123665955802451, 41.972720642404433 ], [ 127.126541915400807, 41.971502753345888 ], [ 127.129727648118944, 41.970258314442297 ], [ 127.134470382482789, 41.968841047143897 ], [ 127.137827948560783, 41.967855783090656 ], [ 127.138939485560257, 41.967648730034533 ], [ 127.147984512691778, 41.966305119394995 ], [ 127.148926888017229, 41.966068231464909 ], [ 127.156780630420798, 41.964569680984759 ], [ 127.157470921419105, 41.964364668530685 ], [ 127.166089092601482, 41.962053970040465 ], [ 127.166682470579062, 41.961896900180719 ], [ 127.167171721805474, 41.961778676558154 ], [ 127.171996802730362, 41.960743811443507 ], [ 127.176211618990862, 41.959780039277092 ], [ 127.177194461514873, 41.95957508666293 ], [ 127.186121125170374, 41.958469667550084 ], [ 127.194693607682282, 41.957218392341105 ] ] } },
{ "type": "Feature", "properties": { "CHFCAC": "K5220D08D00082", "GZEE": "522", "SHEET": "K5220" }, "geometry": { "type": "LineString", "coordinates": [ [ 127.083040054266974, 41.938613363344437 ], [ 127.087434424162936, 41.938772196869543 ], [ 127.089914682251802, 41.938768485511744 ], [ 127.09327144459337, 41.938585726911882 ], [ 127.097606068184433, 41.938365082105001 ], [ 127.098582170540226, 41.938381239694479 ], [ 127.102798480940351, 41.93777130632823 ], [ 127.107236050452173, 41.937097346246105 ], [ 127.112180987467269, 41.936607128921331 ], [ 127.116857324418859, 41.936044754854606 ], [ 127.11767316123948, 41.935936600487473 ], [ 127.123638047565748, 41.934841390932469 ], [ 127.125891777535927, 41.934383062288205 ], [ 127.12868293347762, 41.933730907609345 ], [ 127.130011305193349, 41.933495995709173 ], [ 127.134921543713659, 41.932306471203354 ], [ 127.140963909292111, 41.931198128640894 ] ] } },
{ "type": "Feature", "properties": { "CHFCAC": "K5220D08D00083", "GZEE": "200", "SHEET": "K5220" }, "geometry": { "type": "LineString", "coordinates": [ [ 127.070844972240536, 41.939048229196949 ], [ 127.074215045090199, 41.939010295123509 ] ] } },
{ "type": "Feature", "properties": { "CHFCAC": "K5220D08D00084", "GZEE": "522", "SHEET": "K5220" }, "geometry": { "type": "LineString", "coordinates": [ [ 127.045681311080926, 41.942948314261749 ], [ 127.047393371798321, 41.942761406922159 ], [ 127.054591441263099, 41.942379489476593 ], [ 127.055971341447517, 41.942308308293335 ], [ 127.057627012976653, 41.942205817992694 ], [ 127.065608468871559, 41.941503347940426 ], [ 127.06851563290931, 41.941151722427612 ], [ 127.071525945049672, 41.940603663827943 ] ] } },
{ "type": "Feature", "properties": { "CHFCAC": "K5220D08D00085", "GZEE": "522", "SHEET": "K5220" }, "geometry": { "type": "LineString", "coordinates": [ [ 127.14766382290982, 41.951900169544381 ], [ 127.146898011471151, 41.950127765014145 ] ] } },
{ "type": "Feature", "properties": { "CHFCAC": "K5220D08D00086", "GZEE": "522", "SHEET": "K5220" }, "geometry": { "type": "LineString", "coordinates": [ [ 127.146898011471151, 41.950127765014145 ], [ 127.145026198854524, 41.945798740986909 ], [ 127.142120862768934, 41.937509758103353 ], [ 127.140963909292111, 41.931198128640894 ] ] } },
{ "type": "Feature", "properties": { "CHFCAC": "K5220D08D00087", "GZEE": "522", "SHEET": "K5220" }, "geometry": { "type": "LineString", "coordinates": [ [ 127.140963909292111, 41.931198128640894 ], [ 127.140737286353144, 41.929970120683549 ] ] } },
{ "type": "Feature", "properties": { "CHFCAC": "K5220D08D00088", "GZEE": "522", "SHEET": "K5220" }, "geometry": { "type": "LineString", "coordinates": [ [ 127.146898011471151, 41.950127765014145 ], [ 127.157320148808964, 41.948265451263566 ], [ 127.163328138966094, 41.946628743216188 ], [ 127.16442602342282, 41.946394214312001 ] ] } },
{ "type": "Feature", "properties": { "CHFCAC": "K5220D08D00089", "GZEE": "522", "SHEET": "K5220" }, "geometry": { "type": "LineString", "coordinates": [ [ 127.153699919680918, 41.940595501391542 ], [ 127.159490079725046, 41.944114008778278 ], [ 127.16442602342282, 41.946394214312001 ] ] } },
{ "type": "Feature", "properties": { "CHFCAC": "K5220D08D00090", "GZEE": "522", "SHEET": "K5220" }, "geometry": { "type": "LineString", "coordinates": [ [ 127.16442602342282, 41.946394214312001 ], [ 127.168121508903766, 41.947349007865611 ], [ 127.175722789998034, 41.949000550707787 ], [ 127.17766356028028, 41.949526514129055 ], [ 127.180199188271885, 41.950295964235018 ], [ 127.186923293834809, 41.953346281242432 ], [ 127.189580386601662, 41.954671094117259 ], [ 127.194693607682282, 41.957218392341105 ] ] } },
{ "type": "Feature", "properties": { "CHFCAC": "K5220D08D00091", "GZEE": "522", "SHEET": "K5220" }, "geometry": { "type": "LineString", "coordinates": [ [ 127.194693607682282, 41.957218392341105 ], [ 127.201339986375942, 41.960194590325656 ], [ 127.210947655236936, 41.964346473326543 ], [ 127.215988221144258, 41.9669771861981 ], [ 127.219516711454588, 41.969525744170468 ] ] } },
{ "type": "Feature", "properties": { "CHFCAC": "K5220D08D00092", "GZEE": "522", "SHEET": "K5220" }, "geometry": { "type": "LineString", "coordinates": [ [ 127.067311609818546, 41.931048464405549 ], [ 127.067851351114982, 41.932160362356683 ], [ 127.068228740216341, 41.93307146651307 ], [ 127.068569145069631, 41.934031495385199 ], [ 127.068882032123184, 41.934793001374366 ], [ 127.070844972240536, 41.939048229196949 ] ] } },
{ "type": "Feature", "properties": { "CHFCAC": "K5220D08D00093", "GZEE": "522", "SHEET": "K5220" }, "geometry": { "type": "LineString", "coordinates": [ [ 127.070844972240536, 41.939048229196949 ], [ 127.071525945049672, 41.940603663827943 ] ] } },
{ "type": "Feature", "properties": { "CHFCAC": "K5220D08D00094", "GZEE": "522", "SHEET": "K5220" }, "geometry": { "type": "LineString", "coordinates": [ [ 127.071525945049672, 41.940603663827943 ], [ 127.0731280507935, 41.943101769062309 ], [ 127.075795062418237, 41.946612537191385 ], [ 127.078906103199614, 41.950207231736549 ], [ 127.081848451489705, 41.953492898329671 ], [ 127.082317848621329, 41.954067909441171 ], [ 127.086112027070413, 41.959897440381297 ], [ 127.087258692493577, 41.961739558916186 ], [ 127.090755681761252, 41.969103430589186 ], [ 127.091778515949372, 41.971555671498763 ], [ 127.093594732440621, 41.974602113449194 ] ] } },
{ "type": "Feature", "properties": { "CHFCAC": "K5220D08D00095", "GZEE": "100", "SHEET": "K5220" }, "geometry": { "type": "LineString", "coordinates": [ [ 127.188859043128772, 41.549808405533554 ], [ 127.196139484828649, 41.549468228861812 ], [ 127.197761838934525, 41.549390121435636 ], [ 127.204984759918574, 41.548805377223601 ], [ 127.206035770330971, 41.548718276957949 ], [ 127.208253365958782, 41.548536767582412 ], [ 127.214517830118965, 41.547441298608916 ], [ 127.21527834470379, 41.547309039728461 ], [ 127.216129915459518, 41.547155727136968 ], [ 127.221138232568876, 41.546265448300247 ], [ 127.22532464263378, 41.545843988895939 ], [ 127.225343375420465, 41.545839760978936 ], [ 127.232516841689772, 41.545243515694743 ], [ 127.233920867288873, 41.54524261621777 ], [ 127.235654692162683, 41.545242213864213 ], [ 127.243336594562749, 41.545233823883692 ], [ 127.245753117751235, 41.545171687902936 ], [ 127.246882356021274, 41.545139380523565 ], [ 127.251423168904751, 41.545019482488449 ], [ 127.253077224877131, 41.544981590649222 ] ] } },
{ "type": "Feature", "properties": { "CHFCAC": "K5220D08D00096", "GZEE": "522", "SHEET": "K5220" }, "geometry": { "type": "LineString", "coordinates": [ [ 127.167508536316987, 41.551689363555703 ], [ 127.170988432031294, 41.551083059735944 ], [ 127.174913094240694, 41.550398133535261 ], [ 127.17920340927239, 41.549723414349863 ], [ 127.179992837564114, 41.549596364704769 ], [ 127.18017775275915, 41.549581269790075 ], [ 127.18019009191795, 41.549581465126899 ], [ 127.184413460090695, 41.549225123247965 ], [ 127.187305941994026, 41.549081669548144 ], [ 127.188415077126336, 41.549027143204924 ], [ 127.189312751425391, 41.54898278050225 ] ] } },
{ "type": "Feature", "properties": { "CHFCAC": "K5220D08D00097", "GZEE": "520", "SHEET": "K5220" }, "geometry": { "type": "LineString", "coordinates": [ [ 127.183305312522009, 41.56011054956894 ], [ 127.186041217791129, 41.554684283701597 ], [ 127.186471210660372, 41.553610674946967 ], [ 127.187325685595994, 41.552278146102395 ], [ 127.188529136203655, 41.550401941473801 ], [ 127.188859043128772, 41.549808405533554 ] ] } },
{ "type": "Feature", "properties": { "CHFCAC": "K5220D08D00098", "GZEE": "520", "SHEET": "K5220" }, "geometry": { "type": "LineString", "coordinates": [ [ 127.188859043128772, 41.549808405533554 ], [ 127.189312751425391, 41.54898278050225 ] ] } },
{ "type": "Feature", "properties": { "CHFCAC": "K5220D08D00099", "GZEE": "520", "SHEET": "K5220" }, "geometry": { "type": "LineString", "coordinates": [ [ 127.189312751425391, 41.54898278050225 ], [ 127.191158822559203, 41.545653584934506 ], [ 127.191435592214503, 41.545167291585194 ], [ 127.191682785592405, 41.54473452054949 ], [ 127.193397104504044, 41.541844390595834 ] ] } },
{ "type": "Feature", "properties": { "CHFCAC": "K5220D08D00100", "GZEE": "520", "SHEET": "K5220" }, "geometry": { "type": "LineString", "coordinates": [ [ 127.193397104504044, 41.541844390595834 ], [ 127.196558198276904, 41.536519035788587 ], [ 127.197858719024467, 41.53382043022642 ] ] } },
{ "type": "Feature", "properties": { "CHFCAC": "K5220D08D00101", "GZEE": "200", "SHEET": "K5220" }, "geometry": { "type": "LineString", "coordinates": [ [ 127.144511436853776, 41.564816311722709 ], [ 127.147765110090234, 41.565062356655787 ] ] } },
{ "type": "Feature", "properties": { "CHFCAC": "K5220D08D00102", "GZEE": "100", "SHEET": "K5220" }, "geometry": { "type": "LineString", "coordinates": [ [ 127.170042534151193, 41.562754225349281 ], [ 127.175924567651748, 41.563144838812256 ], [ 127.180643865577963, 41.563219598793367 ], [ 127.181539620269902, 41.563233788709439 ], [ 127.182882914765003, 41.563255047214618 ], [ 127.189005582818922, 41.563311156615974 ], [ 127.193025391845381, 41.563730030601384 ], [ 127.194306199309338, 41.563979725065501 ], [ 127.198283411765175, 41.564757908423033 ], [ 127.204164273496644, 41.565948349635079 ], [ 127.206224357708649, 41.566547690599236 ], [ 127.207090089063115, 41.566799799421958 ], [ 127.21117674340725, 41.56798436032863 ], [ 127.219700841998147, 41.570160455433545 ], [ 127.21987673850451, 41.570194691035802 ], [ 127.22077827061554, 41.570370707951326 ], [ 127.225168581058256, 41.571226366560673 ], [ 127.226390176267714, 41.571492812113917 ] ] } },
{ "type": "Feature", "properties": { "CHFCAC": "K5220D08D00103", "GZEE": "200", "SHEET": "K5220" }, "geometry": { "type": "LineString", "coordinates": [ [ 127.117043280189989, 41.543540665457563 ], [ 127.121805116241021, 41.545504762422325 ], [ 127.122684821499675, 41.545798216561003 ], [ 127.123659781878729, 41.546120244917361 ], [ 127.127583103291656, 41.547417645263941 ], [ 127.131112067278877, 41.548433918531799 ], [ 127.13222157483311, 41.548749091075521 ], [ 127.132563618751533, 41.548849182265755 ], [ 127.140585750398984, 41.550662831336595 ], [ 127.14099545697438, 41.550727978926076 ], [ 127.148536141921042, 41.551939040163106 ], [ 127.148624144584289, 41.551944975269159 ], [ 127.149638242622174, 41.552028827801919 ], [ 127.156590749601506, 41.552604197795475 ], [ 127.158479322786803, 41.552715481164057 ] ] } },
{ "type": "Feature", "properties": { "CHFCAC": "K5220D08D00104", "GZEE": "522", "SHEET": "K5220" }, "geometry": { "type": "LineString", "coordinates": [ [ 127.173122624744281, 41.598073362534876 ], [ 127.179260075482759, 41.600160464078954 ], [ 127.179905212484599, 41.600386775326633 ], [ 127.180992827258507, 41.600710087250462 ], [ 127.184709846392181, 41.601808726658682 ], [ 127.188881536947093, 41.603778735689232 ], [ 127.194349926956093, 41.606367655128658 ], [ 127.196318642663925, 41.607636525473808 ], [ 127.197738676434966, 41.608577129693167 ], [ 127.203946582590348, 41.612775288293491 ], [ 127.204621299733674, 41.613348499658215 ], [ 127.206713921580914, 41.615136796222629 ], [ 127.207322552988032, 41.615686483764492 ], [ 127.208150892104541, 41.616433178279664 ], [ 127.209029054240744, 41.617225628061618 ], [ 127.212860651897259, 41.619941250638746 ], [ 127.215455398205521, 41.621777694040084 ], [ 127.217043074712663, 41.622518075531289 ], [ 127.218819224614492, 41.623607995091 ], [ 127.220104772717363, 41.624258136451395 ], [ 127.225832737666494, 41.627718405181184 ], [ 127.228095189501573, 41.628784192452244 ], [ 127.232221334293698, 41.630472829872325 ], [ 127.233895233807388, 41.631326845431829 ] ] } },
{ "type": "Feature", "properties": { "CHFCAC": "K5220D08D00105", "GZEE": "522", "SHEET": "K5220" }, "geometry": { "type": "LineString", "coordinates": [ [ 127.076090262136091, 41.707358383381148 ], [ 127.078803173391506, 41.706809554317758 ], [ 127.082452067628878, 41.706015234572526 ], [ 127.086733164738021, 41.704587630999896 ], [ 127.094644963544056, 41.702270289958406 ], [ 127.097175029927655, 41.701524493724492 ], [ 127.100711093900273, 41.700835757832351 ], [ 127.105835164980846, 41.700078574623411 ], [ 127.108777510252423, 41.699901974147899 ] ] } },
{ "type": "Feature", "properties": { "CHFCAC": "K5220D08D00106", "GZEE": "522", "SHEET": "K5220" }, "geometry": { "type": "LineString", "coordinates": [ [ 127.054955462476144, 41.708213352091825 ], [ 127.056740978642068, 41.708243569837997 ], [ 127.066233050070352, 41.707656497736593 ], [ 127.06912509447622, 41.707345024395515 ] ] } },
{ "type": "Feature", "properties": { "CHFCAC": "K5220D08D00107", "GZEE": "522", "SHEET": "K5220" }, "geometry": { "type": "LineString", "coordinates": [ [ 127.669332538364912, 41.484169595933565 ], [ 127.670582574392412, 41.484157041851816 ], [ 127.671596002411874, 41.484137251132097 ], [ 127.672733844165364, 41.484150377005726 ], [ 127.683019421165113, 41.484448718230432 ] ] } },
{ "type": "Feature", "properties": { "CHFCAC": "K5220D08D00108", "GZEE": "522", "SHEET": "K5220" }, "geometry": { "type": "LineString", "coordinates": [ [ 127.660356846887879, 41.483457658345252 ], [ 127.654532061028902, 41.482993488842808 ], [ 127.653753127321679, 41.482912367663658 ] ] } },
{ "type": "Feature", "properties": { "CHFCAC": "K5220D08D00109", "GZEE": "522", "SHEET": "K5220" }, "geometry": { "type": "LineString", "coordinates": [ [ 127.633722685131332, 41.48312631551839 ], [ 127.635022718490774, 41.483916052307244 ], [ 127.637484768868021, 41.485754987246715 ], [ 127.640965073699462, 41.488456736879463 ] ] } },
{ "type": "Feature", "properties": { "CHFCAC": "K5220D08D00110", "GZEE": "522", "SHEET": "K5220" }, "geometry": { "type": "LineString", "coordinates": [ [ 127.651665650712772, 41.496352823848568 ], [ 127.651645060559986, 41.494866963416115 ], [ 127.651669198776659, 41.493606764300097 ], [ 127.651622085385071, 41.491823472928985 ], [ 127.651917807796309, 41.49001271117374 ] ] } },
{ "type": "Feature", "properties": { "CHFCAC": "K5220D08D00111", "GZEE": "522", "SHEET": "K5220" }, "geometry": { "type": "LineString", "coordinates": [ [ 127.651917807796309, 41.49001271117374 ], [ 127.65225115688645, 41.488368979464646 ], [ 127.652576652401407, 41.486130891662739 ] ] } },
{ "type": "Feature", "properties": { "CHFCAC": "K5220D08D00112", "GZEE": "   ", "SHEET": "K5220" }, "geometry": { "type": "LineString", "coordinates": [ [ 127.628407078828118, 41.485530020554734 ], [ 127.62971549010102, 41.486027311376589 ], [ 127.630554102237426, 41.486316424544306 ], [ 127.632267016400647, 41.486741959849752 ], [ 127.635094287585289, 41.487324794359935 ], [ 127.639555756264656, 41.488187960554903 ], [ 127.640965073699462, 41.488456736879463 ] ] } },
{ "type": "Feature", "properties": { "CHFCAC": "K5220D08D00113", "GZEE": "   ", "SHEET": "K5220" }, "geometry": { "type": "LineString", "coordinates": [ [ 127.640965073699462, 41.488456736879463 ], [ 127.642600642580916, 41.488773161116519 ], [ 127.644712853795298, 41.489167244657715 ], [ 127.647705460226419, 41.489576123510744 ], [ 127.651917807796309, 41.49001271117374 ] ] } },
{ "type": "Feature", "properties": { "CHFCAC": "K5220D08D00114", "GZEE": "522", "SHEET": "K5220" }, "geometry": { "type": "LineString", "coordinates": [ [ 127.093594732440621, 41.974602113449194 ], [ 127.094765451841369, 41.976561229421115 ] ] } },
{ "type": "Feature", "properties": { "CHFCAC": "K5220D08D00115", "GZEE": "522", "SHEET": "K5220" }, "geometry": { "type": "LineString", "coordinates": [ [ 127.094765451841369, 41.976561229421115 ], [ 127.096559294020764, 41.979471836659407 ] ] } },
{ "type": "Feature", "properties": { "CHFCAC": "K5220D08D00116", "GZEE": "522", "SHEET": "K5220" }, "geometry": { "type": "LineString", "coordinates": [ [ 127.096559294020764, 41.979471836659407 ], [ 127.096874785031062, 41.979985733889556 ], [ 127.10079896877366, 41.988220621534055 ] ] } },
{ "type": "Feature", "properties": { "CHFCAC": "K5220D08D00117", "GZEE": "522", "SHEET": "K5220" }, "geometry": { "type": "LineString", "coordinates": [ [ 127.10079896877366, 41.988220621534055 ], [ 127.102529860634746, 41.992701046325827 ], [ 127.103725375052434, 41.997096075054493 ], [ 127.104741418706382, 42.000340309974725 ] ] } },
{ "type": "Feature", "properties": { "CHFCAC": "K5220D08D00118", "GZEE": "520", "SHEET": "K5220" }, "geometry": { "type": "LineString", "coordinates": [ [ 127.240376371470703, 41.536670902563081 ], [ 127.249166575711982, 41.536224878294902 ], [ 127.261694774344491, 41.536104391071049 ] ] } },
{ "type": "Feature", "properties": { "CHFCAC": "K5220D08D00119", "GZEE": "522", "SHEET": "K5220" }, "geometry": { "type": "LineString", "coordinates": [ [ 127.317194866748295, 41.85528343125867 ], [ 127.312881339395759, 41.852359791979403 ], [ 127.306256748486604, 41.848309968103756 ], [ 127.301318408879808, 41.845306581660942 ], [ 127.299901156298674, 41.84444381851565 ], [ 127.293354849763219, 41.839998310412888 ], [ 127.288726217275467, 41.836917944093997 ], [ 127.287594423375722, 41.836356379496998 ] ] } },
{ "type": "Feature", "properties": { "CHFCAC": "K5221D08D00001", "GZEE": "   ", "SHEET": "K5221" }, "geometry": { "type": "LineString", "coordinates": [ [ 128.136249811028932, 41.397572402482957 ], [ 128.138119138092151, 41.396082776768914 ], [ 128.138757637126588, 41.395448262681377 ], [ 128.139833198299016, 41.394380351671124 ], [ 128.143074382551845, 41.390483300295379 ], [ 128.143265152751582, 41.390034538029525 ], [ 128.143578742714539, 41.389307552052308 ], [ 128.144078630242404, 41.388140757098796 ], [ 128.145634516057328, 41.384325621406596 ], [ 128.145867347554713, 41.383751103571285 ], [ 128.14610080109307, 41.383181076935685 ] ] } },
{ "type": "Feature", "properties": { "CHFCAC": "K5221D08D00002", "GZEE": "522", "SHEET": "K5221" }, "geometry": { "type": "LineString", "coordinates": [ [ 128.095668961658873, 41.381359641470553 ], [ 128.100445936037033, 41.374500067055138 ], [ 128.106167358356316, 41.363519266855512 ] ] } },
{ "type": "Feature", "properties": { "CHFCAC": "K5221D08D00003", "GZEE": "100", "SHEET": "K5221" }, "geometry": { "type": "LineString", "coordinates": [ [ 128.121373285314661, 41.431427026762861 ], [ 128.118746670919734, 41.423451998448826 ], [ 128.117985562955766, 41.421753425295783 ], [ 128.116742980101549, 41.418916667210098 ], [ 128.116109206651146, 41.417705292018454 ], [ 128.115983498521416, 41.4173936760468 ], [ 128.114960602338442, 41.415693092689501 ], [ 128.114596357066574, 41.415123043879348 ] ] } },
{ "type": "Feature", "properties": { "CHFCAC": "K5221D08D00004", "GZEE": "100", "SHEET": "K5221" }, "geometry": { "type": "LineString", "coordinates": [ [ 128.114596357066574, 41.415123043879348 ], [ 128.113450929737951, 41.413376468624129 ] ] } },
{ "type": "Feature", "properties": { "CHFCAC": "K5221D08D00005", "GZEE": "100", "SHEET": "K5221" }, "geometry": { "type": "LineString", "coordinates": [ [ 128.113450929737951, 41.413376468624129 ], [ 128.112959682053997, 41.41276940466814 ], [ 128.110152049888882, 41.408930071893721 ], [ 128.108460102734938, 41.406413876495783 ], [ 128.105794706396381, 41.403255332833865 ], [ 128.101368887804369, 41.398876448326632 ], [ 128.099325654938127, 41.397154242880639 ], [ 128.098428098123833, 41.396336851632384 ] ] } },
{ "type": "Feature", "properties": { "CHFCAC": "K5221D08D00006", "GZEE": "   ", "SHEET": "K5221" }, "geometry": { "type": "LineString", "coordinates": [ [ 128.114596357066574, 41.415123043879348 ], [ 128.118251253225395, 41.414043632230381 ] ] } },
{ "type": "Feature", "properties": { "CHFCAC": "K5221D08D00007", "GZEE": "100", "SHEET": "K5221" }, "geometry": { "type": "LineString", "coordinates": [ [ 128.062949475910244, 41.408465263715009 ], [ 128.068722923593725, 41.403375419689482 ], [ 128.074490814900798, 41.396691540208579 ], [ 128.079874455298125, 41.392448833065458 ] ] } },
{ "type": "Feature", "properties": { "CHFCAC": "K5221D08D00008", "GZEE": "522", "SHEET": "K5221" }, "geometry": { "type": "LineString", "coordinates": [ [ 128.044116835676647, 41.423648455683704 ], [ 128.045137803034805, 41.422752044872389 ], [ 128.048702386260402, 41.419796789856356 ], [ 128.051602876389865, 41.417101580698862 ], [ 128.055300201036971, 41.413724011700523 ], [ 128.057213156415088, 41.412209049871947 ] ] } },
{ "type": "Feature", "properties": { "CHFCAC": "K5221D08D00009", "GZEE": "522", "SHEET": "K5221" }, "geometry": { "type": "LineString", "coordinates": [ [ 128.096708301888924, 41.424919780870589 ], [ 128.098494732207882, 41.424141443348951 ], [ 128.099014388058634, 41.423843891775952 ], [ 128.09954825864304, 41.42354193929755 ], [ 128.100938808678393, 41.422746974105316 ], [ 128.104002130495161, 41.420717984462016 ], [ 128.104798183669175, 41.420161437861182 ], [ 128.106028662878458, 41.419027495094049 ], [ 128.109452555541424, 41.416262854834038 ], [ 128.110717070631182, 41.415214669204275 ], [ 128.111224709087651, 41.414795400503671 ], [ 128.111676507878059, 41.414420733395509 ], [ 128.112360384593075, 41.41396681232473 ], [ 128.112811861004843, 41.413709173569771 ], [ 128.113450929737951, 41.413376468624129 ] ] } }
]
}
