{
"type": "FeatureCollection",
"name": "K5215_geology",
"crs": { "type": "name", "properties": { "name": "urn:ogc:def:crs:OGC:1.3:CRS84" } },
"features": [
{ "type": "Feature", "properties": { "DSN": "河漫滩                                  ", "DSO": "Q↓4↑3             ", "DSO_TXT": "Q4-3", "CHFCAC": "K5215D01D00001", "SHEET": "K5215" }, "geometry": { "type": "MultiPolygon", "coordinates": [ [ [ [ 128.416824317610889, 42.273920928737027 ], [ 128.414842409614977, 42.274452064702224 ], [ 128.410610480882269, 42.274774485176856 ], [ 128.406372571510786, 42.275053408533203 ], [ 128.405436094255265, 42.275475658121096 ], [ 128.405121182730966, 42.27617514736135 ], [ 128.405737842976919, 42.276865318013627 ], [ 128.40655131946508, 42.277387276755306 ], [ 128.410299468594758, 42.278695854667966 ], [ 128.410298468567049, 42.278695854676798 ], [ 128.41238403728542, 42.279199895827389 ], [ 128.415806885461592, 42.279521183726459 ], [ 128.418700952349695, 42.279811951789902 ], [ 128.42069739483648, 42.280361473059735 ], [ 128.422336192523829, 42.281359692957757 ], [ 128.423540060966985, 42.28265751551389 ], [ 128.42443939253701, 42.284092715944411 ], [ 128.425927641682989, 42.287050761808558 ], [ 128.426954100428333, 42.290108419812768 ], [ 128.42753063901543, 42.293236676625135 ], [ 128.428293217068074, 42.296333306668359 ], [ 128.429622543947204, 42.299328777399467 ], [ 128.432000300607399, 42.302751409120368 ], [ 128.433793749093155, 42.304819673485042 ], [ 128.435673764170986, 42.307638301241155 ], [ 128.437298930969632, 42.310556624306379 ], [ 128.438412297432336, 42.311896472709229 ], [ 128.439813128572865, 42.313093541817622 ], [ 128.443166394842621, 42.315017104066655 ], [ 128.446755686955044, 42.316737316595692 ], [ 128.448402352637771, 42.317750195353945 ], [ 128.449724883851218, 42.318964015656206 ], [ 128.451575837548774, 42.321829551417075 ], [ 128.452040086322171, 42.323349691837919 ], [ 128.451899504374666, 42.324918458690945 ], [ 128.450551059219038, 42.327947958667529 ], [ 128.448327110471922, 42.330624371154208 ], [ 128.445389026565977, 42.332908607019498 ], [ 128.442236278979834, 42.335024747560155 ], [ 128.440847818180572, 42.336246956482952 ], [ 128.440106535037273, 42.337702160709732 ], [ 128.439928585949104, 42.340851844680003 ], [ 128.439001165732634, 42.343940052327426 ], [ 128.439580437668809, 42.345446729873224 ], [ 128.440846189104519, 42.34674405363257 ], [ 128.441995704054136, 42.348047789827127 ], [ 128.442330298905176, 42.349599133007629 ], [ 128.441590798091937, 42.351155886156583 ], [ 128.440816502316494, 42.351704734716762 ], [ 128.439825267128896, 42.351868668435486 ], [ 128.437657953824356, 42.351659200585623 ], [ 128.435814425703768, 42.350988753433953 ], [ 128.434378723520126, 42.349761497502833 ], [ 128.433198823654749, 42.348427728763518 ], [ 128.429175232103603, 42.342878003049968 ], [ 128.427492779100476, 42.341952180962203 ], [ 128.42634616087696, 42.341506599328213 ], [ 128.423361674569293, 42.341291188266517 ], [ 128.421429581551337, 42.34069818773289 ], [ 128.419585557390832, 42.339876554086054 ], [ 128.417595044814391, 42.339342845812219 ], [ 128.416514245670726, 42.339373886923966 ], [ 128.4156773597594, 42.340017884965945 ], [ 128.415786504407976, 42.340688236734941 ], [ 128.416360544602895, 42.341349065083293 ], [ 128.419895852024524, 42.343109900592658 ], [ 128.421499210926584, 42.344121237165574 ], [ 128.422904696340566, 42.345316581007843 ], [ 128.428686406503289, 42.349924125505105 ], [ 128.429938704992395, 42.351214298581361 ], [ 128.430770263200117, 42.352720661191199 ], [ 128.430260226672289, 42.353656703440421 ], [ 128.429529688197988, 42.355017477453949 ], [ 128.428602680683042, 42.35824084495642 ], [ 128.428428506030201, 42.361875666157168 ], [ 128.427374187008525, 42.364990179341184 ], [ 128.427820979297508, 42.368616289120467 ], [ 128.42899961843932, 42.374394069854105 ], [ 128.429566157094115, 42.37590319694862 ], [ 128.430533083508209, 42.377837068990203 ], [ 128.432590138348189, 42.380639398207904 ], [ 128.433562199635276, 42.381388458316749 ], [ 128.435418280888968, 42.382232203203834 ], [ 128.439303858315753, 42.383548262207071 ], [ 128.441092492396905, 42.384393293838812 ], [ 128.442587107269219, 42.385524013175704 ], [ 128.44352014378623, 42.386942596406584 ], [ 128.443594743947926, 42.388518330329788 ], [ 128.442054549490251, 42.391458433080608 ], [ 128.441965844260608, 42.393018250464664 ], [ 128.442395599434832, 42.394569901613743 ], [ 128.443273055634336, 42.397590898134247 ], [ 128.443494677377799, 42.399182934815826 ], [ 128.442910170347744, 42.400722237430735 ], [ 128.441673506935444, 42.403736964065814 ], [ 128.441238753033133, 42.405286841431803 ], [ 128.441179588094315, 42.406856582261668 ], [ 128.44121712996116, 42.409999119841757 ], [ 128.440746565292926, 42.413141800045921 ], [ 128.440601044109258, 42.414714722566856 ], [ 128.44010300002256, 42.416243991590527 ], [ 128.438613468469015, 42.419198161509811 ], [ 128.437251310236348, 42.42040644432452 ], [ 128.436299060819834, 42.420765068317145 ], [ 128.435245880242007, 42.420864490875395 ], [ 128.433155409799099, 42.420542989747759 ], [ 128.431334715887289, 42.419727988956055 ], [ 128.42989237911172, 42.41857741891954 ], [ 128.42873902964547, 42.417253843714064 ], [ 128.427635759825137, 42.415857333002087 ], [ 128.426312531698102, 42.414610517038916 ], [ 128.424541151834973, 42.413798933103365 ], [ 128.422573377374761, 42.413151179001758 ], [ 128.420806603502911, 42.412270909811454 ], [ 128.419101699863432, 42.41060642856592 ], [ 128.419100699835695, 42.410606428574781 ], [ 128.418287056464294, 42.409750493119454 ], [ 128.417589407117475, 42.408262282336125 ], [ 128.417020258480079, 42.40674218478366 ], [ 128.416113884842815, 42.405306270062262 ], [ 128.413352904597929, 42.402912238576569 ], [ 128.412354753863951, 42.401529630369318 ], [ 128.412473070150639, 42.399949225666091 ], [ 128.412756311592858, 42.396802655756552 ], [ 128.412593950980266, 42.396019307028233 ], [ 128.41209007954987, 42.395323323366782 ], [ 128.411188131505611, 42.39488776114537 ], [ 128.410106704651525, 42.394846786969602 ], [ 128.409144938734386, 42.395200382254224 ], [ 128.408514756381237, 42.395826866210498 ], [ 128.407530384706149, 42.397252461541783 ], [ 128.406863247634675, 42.397859398895768 ], [ 128.405981861182113, 42.398311369530468 ], [ 128.404939177339742, 42.398507771835057 ], [ 128.403872326457162, 42.398398228385744 ], [ 128.402208480281473, 42.397426867292076 ], [ 128.400975406309243, 42.39614257747688 ], [ 128.399955952288536, 42.394746615084586 ], [ 128.399268788566189, 42.393252760216171 ], [ 128.398750671198087, 42.390128643003031 ], [ 128.398207213693723, 42.388601437393461 ], [ 128.396776972126986, 42.387424711871539 ], [ 128.395795081687623, 42.387142620846582 ], [ 128.394947327765266, 42.387525032708126 ], [ 128.394221307031927, 42.389083739722622 ], [ 128.393626603303915, 42.38971434226621 ], [ 128.392741944291799, 42.390162794220245 ], [ 128.391695635942739, 42.390339704647289 ], [ 128.39063173046523, 42.390252587682681 ], [ 128.388730107643028, 42.389545025328111 ], [ 128.38704744329803, 42.388581609817038 ], [ 128.38385207991729, 42.386502928023887 ], [ 128.381926360139659, 42.385834623173743 ], [ 128.380882246443605, 42.38583903794644 ], [ 128.379920682117927, 42.386176350857717 ], [ 128.380650295635064, 42.387644929475258 ], [ 128.381884844660618, 42.38894227564608 ], [ 128.384196469900502, 42.391601608743407 ], [ 128.385570452287482, 42.392803725088015 ], [ 128.387295373549136, 42.393701982873573 ], [ 128.390859260605993, 42.39543030520597 ], [ 128.393783320026813, 42.397748293803431 ], [ 128.395480374663862, 42.398657115017464 ], [ 128.397400608007189, 42.399358458893431 ], [ 128.399162978633314, 42.40024504102157 ], [ 128.400708439820477, 42.401333354914243 ], [ 128.403223371050331, 42.403869496177293 ], [ 128.404565706476205, 42.405098880920228 ], [ 128.406321779590314, 42.405982110301679 ], [ 128.408092123409773, 42.406837007991555 ], [ 128.409295813364537, 42.408146628462056 ], [ 128.410024297381796, 42.40963085670689 ], [ 128.410203164276709, 42.410431017777675 ], [ 128.410068190008758, 42.411198268672159 ], [ 128.4090607821243, 42.412589656976465 ], [ 128.408356134964777, 42.414092373733268 ], [ 128.408350258995938, 42.414882681841227 ], [ 128.408905921969705, 42.415545482049623 ], [ 128.409931881255119, 42.415686747481345 ], [ 128.411060945628662, 42.415663504607338 ], [ 128.413149700042652, 42.415867960520323 ], [ 128.415189143890672, 42.416345451288102 ], [ 128.416880110365412, 42.417286405096419 ], [ 128.41824670638448, 42.418513696399351 ], [ 128.419604152985471, 42.419723071277403 ], [ 128.420531568042946, 42.420318447022964 ], [ 128.42509602721546, 42.422092473811816 ], [ 128.428456138012592, 42.424026516430011 ], [ 128.431621644928555, 42.426122960283863 ], [ 128.43396713091542, 42.428762386877288 ], [ 128.434709563985649, 42.430240589160363 ], [ 128.435052012311132, 42.4317926321283 ], [ 128.434949781703324, 42.434955011498218 ], [ 128.434460092476712, 42.438087852423827 ], [ 128.434284946911674, 42.439665359805907 ], [ 128.434536147695525, 42.441238373534411 ], [ 128.43498645241732, 42.442788907670653 ], [ 128.434494027189118, 42.444298610155087 ], [ 128.433707126923025, 42.445778916762158 ], [ 128.433410404084526, 42.447321084270975 ], [ 128.433503179727353, 42.450491965079848 ], [ 128.433164397699443, 42.452048304078481 ], [ 128.432303409599314, 42.453497547944963 ], [ 128.429533691569787, 42.455891729408016 ], [ 128.426831484037166, 42.458323632873714 ], [ 128.426526746269758, 42.45911199919265 ], [ 128.426899486951868, 42.459805509439462 ], [ 128.427863032543598, 42.46022370787778 ], [ 128.428933647520495, 42.460394604859445 ], [ 128.431041429329326, 42.460191142349174 ], [ 128.432983388642185, 42.459549460976078 ], [ 128.434822669514773, 42.458750161720559 ], [ 128.435824662168471, 42.458434422165709 ], [ 128.436876892614464, 42.458371635899546 ], [ 128.437867419027612, 42.458679910064788 ], [ 128.43854082634698, 42.459291574140288 ], [ 128.438958797908697, 42.460839079502371 ], [ 128.438612413341531, 42.462400573731124 ], [ 128.437770099367754, 42.46385114031974 ], [ 128.435529561975699, 42.466533328572069 ], [ 128.434933996255012, 42.468048578042144 ], [ 128.434940784534206, 42.469628995082687 ], [ 128.436109088894625, 42.47265905728522 ], [ 128.436108088866916, 42.472659057294088 ], [ 128.43651731800054, 42.474213443332545 ], [ 128.436422018263244, 42.475780139409402 ], [ 128.435084126077442, 42.4820097463327 ], [ 128.433775466932843, 42.485024460741784 ], [ 128.433267939680093, 42.485670418652241 ], [ 128.4323920097832, 42.486141535636605 ], [ 128.431603698116334, 42.486685396516442 ], [ 128.431081707490819, 42.487378973819801 ], [ 128.430574243866346, 42.488917153243683 ], [ 128.430871804695187, 42.490469673172441 ], [ 128.431146072548188, 42.492044440752345 ], [ 128.430423676555762, 42.493525676596064 ], [ 128.430164158395797, 42.495082367574327 ], [ 128.430470200967534, 42.496663711712202 ], [ 128.430960693134693, 42.497350914954886 ], [ 128.43177601822299, 42.49785262594061 ], [ 128.433781772806725, 42.498453448672635 ], [ 128.437963107415499, 42.499028233583097 ], [ 128.43974478865826, 42.499908585924111 ], [ 128.440823222474563, 42.501265671277729 ], [ 128.441361266703439, 42.502796494326674 ], [ 128.441540575574976, 42.504365474101903 ], [ 128.441952895988891, 42.507703470921037 ], [ 128.441951895961097, 42.507703470929904 ], [ 128.44245013151766, 42.509029633486143 ], [ 128.443401430575022, 42.510436117618305 ], [ 128.446577803733163, 42.512986842678117 ], [ 128.446578803760929, 42.512986842669243 ], [ 128.448986926456996, 42.515192651702051 ], [ 128.449763363054842, 42.516659744394161 ], [ 128.449666791331111, 42.518226976696297 ], [ 128.448723630736652, 42.51965348016649 ], [ 128.447298984287698, 42.520832463499737 ], [ 128.445413038602538, 42.521543593542638 ], [ 128.443375787950743, 42.522036442518711 ], [ 128.439265755042811, 42.522908088047743 ], [ 128.43718466874202, 42.522823218373027 ], [ 128.435709581711563, 42.522499168090903 ], [ 128.435708581683798, 42.52249916809977 ], [ 128.43295037059795, 42.522250609542631 ], [ 128.430964629938785, 42.522818644359113 ], [ 128.429644276602545, 42.524044907781231 ], [ 128.429057389682981, 42.525577287216322 ], [ 128.428687108290262, 42.528729313367734 ], [ 128.428198073676668, 42.530240484866788 ], [ 128.42700915740798, 42.531563327763983 ], [ 128.42556059636027, 42.532741614797239 ], [ 128.423789265913143, 42.533579653017711 ], [ 128.421705927064693, 42.53402659584647 ], [ 128.420150514522533, 42.534101704756935 ], [ 128.417670304246911, 42.533310633983326 ], [ 128.415664961232011, 42.532729692458247 ], [ 128.414632264625197, 42.532906727901349 ], [ 128.413808723626744, 42.533408496464126 ], [ 128.412846498225377, 42.534829969842257 ], [ 128.412196222103091, 42.537931874711575 ], [ 128.41151604804287, 42.538516493215504 ], [ 128.410588122987264, 42.538977322429986 ], [ 128.408643144277562, 42.539665792810517 ], [ 128.406170718727736, 42.540524765219629 ], [ 128.405136752650833, 42.541278074364271 ], [ 128.404302236842966, 42.542895835912105 ], [ 128.403684350660939, 42.543555977535405 ], [ 128.402854833822687, 42.544061445762402 ], [ 128.400820822038639, 42.544469032170255 ], [ 128.398570943219568, 42.544554366267121 ], [ 128.396599998477967, 42.5454406250158 ], [ 128.395383978062029, 42.546636650194657 ], [ 128.393270471813423, 42.549372562536242 ], [ 128.391903765522613, 42.550590103152345 ], [ 128.390168680433106, 42.551529959583725 ], [ 128.388071970221148, 42.551711521777868 ], [ 128.385998359663233, 42.551294295714214 ], [ 128.38410400083194, 42.550567187950485 ], [ 128.382379719719239, 42.549633163059312 ], [ 128.379369961176565, 42.547394953151695 ], [ 128.377471217673872, 42.546648392947574 ], [ 128.374325467628012, 42.546597103677023 ], [ 128.374324467600189, 42.546597103685883 ], [ 128.369933514764597, 42.546917894062034 ], [ 128.365574182490604, 42.547608276168653 ], [ 128.365573182462811, 42.547608276177513 ], [ 128.362935099863734, 42.548476629992365 ], [ 128.358773263186436, 42.549169918795442 ], [ 128.356806565983931, 42.54977959930828 ], [ 128.355900824991949, 42.550236620303458 ], [ 128.355224655361582, 42.550836467796842 ], [ 128.354040710328007, 42.553856662540213 ], [ 128.354056138145154, 42.557016141486294 ], [ 128.353485673289697, 42.558535011045684 ], [ 128.352541022818428, 42.559952533871567 ], [ 128.351285490007228, 42.561224082943966 ], [ 128.350435540526576, 42.562665555324209 ], [ 128.349701141727735, 42.563289337335426 ], [ 128.349186976200741, 42.563404794521574 ], [ 128.348739575426009, 42.563216510383903 ], [ 128.348534717993886, 42.56245101153192 ], [ 128.348617560549712, 42.56166103241268 ], [ 128.348843172442457, 42.56008954473424 ], [ 128.348578969096252, 42.558539572845113 ], [ 128.347408864323171, 42.557230310702536 ], [ 128.346446993600239, 42.556816697534401 ], [ 128.345406757475359, 42.556827905618512 ], [ 128.344878624069821, 42.557466276358092 ], [ 128.344838667612862, 42.558397944023795 ], [ 128.344623000106452, 42.559911488281486 ], [ 128.344786561883041, 42.563074280474616 ], [ 128.344871525097659, 42.564629605457391 ], [ 128.34451538248058, 42.566213126058123 ], [ 128.344289313870149, 42.567003113476218 ], [ 128.343751235289801, 42.567640042733622 ], [ 128.342023269116282, 42.568595006591174 ], [ 128.340181258995244, 42.569368349311347 ], [ 128.338108017590599, 42.569744167330761 ], [ 128.333868940560279, 42.570100185887725 ], [ 128.329738231046036, 42.57088001859821 ], [ 128.327673378180208, 42.571239514704914 ], [ 128.325552545863701, 42.571006859365838 ], [ 128.3234578577825, 42.570889933128306 ], [ 128.32134004312104, 42.571138090188171 ], [ 128.319230276625973, 42.571364320851096 ], [ 128.317097895281023, 42.571324027782346 ], [ 128.315257803270697, 42.57054994203645 ], [ 128.31403268570125, 42.56923278053133 ], [ 128.313232621648012, 42.567754216743722 ], [ 128.312788101600461, 42.56621447396406 ], [ 128.312640001477433, 42.563031914947004 ], [ 128.312597994113844, 42.561801491330392 ], [ 128.312665337346743, 42.559780820488321 ], [ 128.312512148366267, 42.559468835739047 ], [ 128.312080207608318, 42.55936757428023 ], [ 128.311004396883135, 42.559651515639437 ], [ 128.309866030733048, 42.560975481168306 ], [ 128.308954225159312, 42.56405002576065 ], [ 128.308897921737639, 42.567205026795463 ], [ 128.30857786111099, 42.57033982381288 ], [ 128.308202972399243, 42.571905534826939 ], [ 128.30705004338779, 42.573212914335585 ], [ 128.305266104213246, 42.574078405247221 ], [ 128.30323417032227, 42.574571327284723 ], [ 128.301119886285306, 42.574643402683286 ], [ 128.298981870360223, 42.574473194371983 ], [ 128.294730838824648, 42.574217559354032 ], [ 128.290520421240558, 42.573751727293121 ], [ 128.288401405757241, 42.573481796370778 ], [ 128.28627415467912, 42.573522996934265 ], [ 128.284251599468121, 42.57398455468838 ], [ 128.282109154168523, 42.573945967887454 ], [ 128.280027648373789, 42.573589130234765 ], [ 128.279365891742543, 42.572987644406368 ], [ 128.278915102724881, 42.572229689084303 ], [ 128.277983788510397, 42.569170083325794 ], [ 128.278133190392879, 42.567582362694971 ], [ 128.279089606670226, 42.566192982122871 ], [ 128.281671073529054, 42.563673160128559 ], [ 128.28336002250586, 42.561682812993652 ], [ 128.283421189008209, 42.560823073238161 ], [ 128.283029521873743, 42.559290734061385 ], [ 128.28229081100838, 42.557795555835206 ], [ 128.282059382712163, 42.55624001553182 ], [ 128.28223674331494, 42.554666671877143 ], [ 128.282342013535384, 42.55309229814722 ], [ 128.282863168240425, 42.552396161715158 ], [ 128.283748364992448, 42.551959377347352 ], [ 128.285853003567183, 42.55171491657557 ], [ 128.287981675483536, 42.551844244125235 ], [ 128.289049621614879, 42.551857540277993 ], [ 128.290037579570935, 42.551579161289162 ], [ 128.291677565586383, 42.550561931583985 ], [ 128.29343176083745, 42.549670780841559 ], [ 128.295475073782882, 42.549232942679772 ], [ 128.297563042141917, 42.549501680837274 ], [ 128.299671271271421, 42.549894634602651 ], [ 128.30063737905536, 42.549900528998876 ], [ 128.301574927281195, 42.549669796609166 ], [ 128.302192147888036, 42.548967994875966 ], [ 128.302090532278413, 42.548619391613826 ], [ 128.301131849430021, 42.548244526389581 ], [ 128.297582780500335, 42.547424417233579 ], [ 128.295878040701751, 42.546490306937706 ], [ 128.294854343053601, 42.545089031146112 ], [ 128.294810344430459, 42.544313525436472 ], [ 128.295139562931325, 42.543561878789497 ], [ 128.296381765536495, 42.542238037594757 ], [ 128.299357163047517, 42.539989470116922 ], [ 128.300216194223253, 42.538554145205801 ], [ 128.300299216280507, 42.536974536671259 ], [ 128.300949854426534, 42.53547761251864 ], [ 128.301307396196762, 42.534716962523653 ], [ 128.301305678703841, 42.53414292884392 ], [ 128.300474507194593, 42.532239160785018 ], [ 128.299171250150778, 42.531224618163527 ], [ 128.296526843524134, 42.528762691028035 ], [ 128.295236491241724, 42.527471681521703 ], [ 128.293610579772917, 42.5265893864905 ], [ 128.292373711487329, 42.526360324827579 ], [ 128.291289614524999, 42.526051396063025 ], [ 128.291218248502275, 42.525740785358074 ], [ 128.291562056071371, 42.525449373608232 ], [ 128.292666338027232, 42.525387150581587 ], [ 128.296908464212436, 42.52510235231378 ], [ 128.298938737467068, 42.52468788222572 ], [ 128.300613949468755, 42.523699385607777 ], [ 128.303978677004892, 42.52178599513141 ], [ 128.305744095155461, 42.52088539598379 ], [ 128.307687973288807, 42.520290095743889 ], [ 128.311915130598777, 42.519958452092879 ], [ 128.314079107406968, 42.519873082565162 ], [ 128.31447994931213, 42.519612513692792 ], [ 128.314608890789231, 42.519225982063467 ], [ 128.313852183862252, 42.518670292870205 ], [ 128.312333593686134, 42.518192459381801 ], [ 128.309969753144088, 42.517382732243227 ], [ 128.308148201251754, 42.516568485027371 ], [ 128.306111317673555, 42.516131595775796 ], [ 128.303997222247943, 42.515852264771887 ], [ 128.301991375401258, 42.515296449483188 ], [ 128.301167817284636, 42.514785179579967 ], [ 128.300693588959945, 42.514076985266044 ], [ 128.30077426525682, 42.513298470910257 ], [ 128.301322769173197, 42.512601265107563 ], [ 128.30285534031762, 42.511506503766846 ], [ 128.304049329652798, 42.510213950536219 ], [ 128.304890592628823, 42.508712056700375 ], [ 128.305511523193047, 42.508120423134386 ], [ 128.306429195211422, 42.507755513923321 ], [ 128.310678570239219, 42.507096287785956 ], [ 128.314919486214677, 42.506903405832553 ], [ 128.317037070641874, 42.506690875710952 ], [ 128.318957113367986, 42.506021687100706 ], [ 128.322600292795357, 42.504414833883793 ], [ 128.326676950833757, 42.503450299021168 ], [ 128.330633913618101, 42.502276761896077 ], [ 128.332603904745554, 42.501649625750787 ], [ 128.334653206934945, 42.501344659429776 ], [ 128.336801504909573, 42.501264911881385 ], [ 128.337879444410618, 42.50114486337867 ], [ 128.338762375238701, 42.500733881876421 ], [ 128.339295999177892, 42.500039413989668 ], [ 128.339531909567796, 42.499276538361492 ], [ 128.340245201233671, 42.49778711264311 ], [ 128.342099916835792, 42.497027512861095 ], [ 128.343819891158034, 42.49609332861084 ], [ 128.347183854974617, 42.494169158055705 ], [ 128.350620639050049, 42.492304261959752 ], [ 128.352019496424447, 42.491120123016081 ], [ 128.35310760180144, 42.489743603782664 ], [ 128.353483347963362, 42.488218583208855 ], [ 128.353472574661453, 42.486626103699635 ], [ 128.354148754728072, 42.485140279896555 ], [ 128.355035363773538, 42.483724068028494 ], [ 128.355358912509416, 42.482151931143065 ], [ 128.355967293532984, 42.480642256660701 ], [ 128.357105280449105, 42.479294201933769 ], [ 128.358747019220345, 42.478292553900189 ], [ 128.360519568611323, 42.477421806333361 ], [ 128.361999583035953, 42.47628659828014 ], [ 128.363287517737376, 42.475018928483919 ], [ 128.363859125983055, 42.473523225747755 ], [ 128.364246158842178, 42.471963224990112 ], [ 128.365092391867591, 42.470510331935337 ], [ 128.365906479983835, 42.469038798702449 ], [ 128.365689008298091, 42.467487709757741 ], [ 128.364764434054223, 42.466072218811036 ], [ 128.363854065553681, 42.465562024946578 ], [ 128.363371186657389, 42.465562506381495 ], [ 128.36295015100788, 42.465798824465757 ], [ 128.362461910701882, 42.466551208029351 ], [ 128.362307547992998, 42.467325818879331 ], [ 128.361537848192285, 42.468771091115485 ], [ 128.360645455816382, 42.470217125512178 ], [ 128.360141585010098, 42.471749368868927 ], [ 128.359723525033218, 42.473296977930644 ], [ 128.358954485478023, 42.47475996044588 ], [ 128.357798794410598, 42.476095803997133 ], [ 128.356403329837349, 42.477295462485316 ], [ 128.353043513769506, 42.479248443463888 ], [ 128.349618718274797, 42.481101153969092 ], [ 128.346729181826959, 42.48341383111083 ], [ 128.343231004641154, 42.48522702895734 ], [ 128.341572495029737, 42.486225557868337 ], [ 128.340213937949926, 42.487425177235515 ], [ 128.337715751635642, 42.489985335540872 ], [ 128.336143219957734, 42.49107815127563 ], [ 128.334806967192009, 42.492284120796825 ], [ 128.333973257554959, 42.493748198403992 ], [ 128.332809592304017, 42.49502362363765 ], [ 128.325517877898022, 42.498393870383069 ], [ 128.323489122740654, 42.498664795015927 ], [ 128.321327678687908, 42.498553629733109 ], [ 128.319177483679709, 42.498629682180983 ], [ 128.317110042378943, 42.499033376239765 ], [ 128.313294510057887, 42.500427218383642 ], [ 128.309727163769622, 42.502199961911728 ], [ 128.307790969258207, 42.502824146669738 ], [ 128.305669869127883, 42.503125701014966 ], [ 128.30358814496239, 42.503464569910854 ], [ 128.301777212701353, 42.504216796955014 ], [ 128.298335599121174, 42.506122557019445 ], [ 128.296368743567569, 42.506747351498547 ], [ 128.294303087732146, 42.507160909266481 ], [ 128.292189162445283, 42.507365346606171 ], [ 128.29003772931955, 42.507305197096109 ], [ 128.287932846189278, 42.506907502682516 ], [ 128.28614948381815, 42.506067579437797 ], [ 128.284723725139912, 42.504879513357679 ], [ 128.283157013815355, 42.503841395195714 ], [ 128.279447619308655, 42.502224804107492 ], [ 128.278025568418087, 42.501057009103363 ], [ 128.2771361926537, 42.499622923967543 ], [ 128.276390009337604, 42.498129525005083 ], [ 128.27583188839759, 42.496639396057276 ], [ 128.274864184255875, 42.495178952720316 ], [ 128.273890042087885, 42.494838602299154 ], [ 128.272847796962765, 42.495025411769618 ], [ 128.272437758169872, 42.495729109361051 ], [ 128.272361417359519, 42.496585070846933 ], [ 128.272491996442113, 42.498150338848184 ], [ 128.273127488752806, 42.499606806218026 ], [ 128.274634037263553, 42.502392722225331 ], [ 128.275789449737232, 42.503943934621908 ], [ 128.276720347979307, 42.50535319022957 ], [ 128.277929976729695, 42.506656402322584 ], [ 128.279955372090768, 42.508116158652591 ], [ 128.283746749007804, 42.511274548134843 ], [ 128.28483911204799, 42.512634380488379 ], [ 128.285657262240989, 42.514085741254661 ], [ 128.286003566258501, 42.515665020959027 ], [ 128.285894353045222, 42.516478314890797 ], [ 128.285490141149808, 42.517197272492609 ], [ 128.284734370668957, 42.517734582257816 ], [ 128.283736092984867, 42.518082113829017 ], [ 128.281583601319085, 42.518277849526676 ], [ 128.279491011423858, 42.518005718222774 ], [ 128.27746049566116, 42.517507241047923 ], [ 128.275484586825598, 42.516988259043465 ], [ 128.273328023445146, 42.516662863876384 ], [ 128.272440050220553, 42.517032284946431 ], [ 128.272229707159397, 42.517802736126775 ], [ 128.273199862766887, 42.519230197993188 ], [ 128.275539352747785, 42.52183970867663 ], [ 128.276862162778542, 42.523102251869652 ], [ 128.277893731303976, 42.524465109310761 ], [ 128.277853318604485, 42.526042583507497 ], [ 128.276572790824304, 42.527579543617506 ], [ 128.274285936897456, 42.529965347237017 ], [ 128.273908584957894, 42.530703182877026 ], [ 128.273938332790635, 42.53160349386922 ], [ 128.274517880462497, 42.531989907443226 ], [ 128.275702505267361, 42.53224421505751 ], [ 128.277635006706703, 42.532009599377758 ], [ 128.279644867088166, 42.531501198128566 ], [ 128.28145546124324, 42.530781409286213 ], [ 128.282451310633093, 42.530541950632191 ], [ 128.283528394614478, 42.530620046969538 ], [ 128.284493364611905, 42.531014181960415 ], [ 128.285068317670152, 42.531674967147282 ], [ 128.285089570148017, 42.532470841497464 ], [ 128.2846654622561, 42.533190683594825 ], [ 128.281946579242742, 42.5356179790505 ], [ 128.278646466537538, 42.537637848822122 ], [ 128.276965352406762, 42.538587086126626 ], [ 128.274913056736722, 42.539533949550687 ], [ 128.273342379184015, 42.540241818445097 ], [ 128.271854789972735, 42.541338154620135 ], [ 128.270959382106753, 42.542771276776605 ], [ 128.270229011743567, 42.54327480862468 ], [ 128.269258895583846, 42.543707407210128 ], [ 128.268378890223687, 42.544040678060462 ], [ 128.267488536385173, 42.544361101827782 ], [ 128.26713244105116, 42.545109548262133 ], [ 128.267221065714068, 42.545943817860788 ], [ 128.268228550831878, 42.547318679598888 ], [ 128.269703030973631, 42.548460717774383 ], [ 128.275365433767121, 42.552321332816149 ], [ 128.276858841981777, 42.554166774776178 ], [ 128.277401093966034, 42.555684747118654 ], [ 128.278037542697803, 42.558830681579167 ], [ 128.277719207463434, 42.5603653512687 ], [ 128.276182724220462, 42.561908183985949 ], [ 128.273520983149211, 42.56411265443856 ], [ 128.272431054466523, 42.565265892830318 ], [ 128.271375368973793, 42.566640556713885 ], [ 128.270294689043538, 42.567997782667852 ], [ 128.268881288971187, 42.569183239497299 ], [ 128.26549809391679, 42.571103067546957 ], [ 128.263578726961867, 42.571781445510084 ], [ 128.26145810073757, 42.571920556631007 ], [ 128.2593310011369, 42.571636531438806 ], [ 128.258100882043379, 42.570954131316583 ], [ 128.255796678005282, 42.569942318167193 ], [ 128.253668736235426, 42.569951588391149 ], [ 128.251940823821002, 42.570858210543875 ], [ 128.249876938118234, 42.571242514730812 ], [ 128.247770376388416, 42.571478701127809 ], [ 128.24576828361478, 42.572023234329095 ], [ 128.243878801202527, 42.572756503361049 ], [ 128.241832278744425, 42.573122940071869 ], [ 128.23970153134735, 42.572789135095732 ], [ 128.238824213278235, 42.572367522688488 ], [ 128.238242105745854, 42.571727113234736 ], [ 128.237155852693007, 42.570326536981888 ], [ 128.23550215816141, 42.569361879868275 ], [ 128.233537680439298, 42.568727443715197 ], [ 128.231732063426676, 42.567887861088856 ], [ 128.2302547121256, 42.566725907864459 ], [ 128.229615580323241, 42.565210303274711 ], [ 128.229166136737859, 42.56453446334109 ], [ 128.228387521729701, 42.564001848844313 ], [ 128.22680519444134, 42.562888289129887 ], [ 128.225215565428243, 42.559973540872789 ], [ 128.22381545038354, 42.558778362508605 ], [ 128.223693791782694, 42.557999575457622 ], [ 128.22397675629486, 42.557220678710586 ], [ 128.224343444447243, 42.555681236448414 ], [ 128.224935950003243, 42.554167431632266 ], [ 128.226103724903027, 42.552841680281219 ], [ 128.227602112843726, 42.551722425586803 ], [ 128.229260314127004, 42.550713139026286 ], [ 128.230038122770139, 42.55015628599002 ], [ 128.23052647498497, 42.549466365626273 ], [ 128.230541875798593, 42.54866710619298 ], [ 128.230031760817923, 42.547966299285122 ], [ 128.229069187502432, 42.547601438787048 ], [ 128.228011287677248, 42.547690899153366 ], [ 128.22648652829497, 42.548827407176518 ], [ 128.224853903590969, 42.549802359827673 ], [ 128.22271101873153, 42.550000975883705 ], [ 128.221683666541935, 42.550145030654285 ], [ 128.220809882579147, 42.550597309738514 ], [ 128.219699657378186, 42.551961125778774 ], [ 128.219204241958892, 42.553505012080585 ], [ 128.218749584628966, 42.554210910837625 ], [ 128.217916932845299, 42.55471212715284 ], [ 128.21602570673997, 42.555398142673646 ], [ 128.21437230954578, 42.556418489036737 ], [ 128.214215363964655, 42.557186906061268 ], [ 128.214705131318965, 42.557905790824719 ], [ 128.216482909753296, 42.558758665498047 ], [ 128.218447102723275, 42.559382588632189 ], [ 128.220612127976523, 42.562106695192867 ], [ 128.221992423406789, 42.563294416875486 ], [ 128.223734584607001, 42.564247783675519 ], [ 128.225235160642995, 42.565298469399316 ], [ 128.226405461301937, 42.566709431981664 ], [ 128.226514289228533, 42.567081499498514 ], [ 128.226325669632786, 42.5674519094838 ], [ 128.225901879997167, 42.567619035386429 ], [ 128.22538182619931, 42.567495458993932 ], [ 128.223574143374123, 42.566517618114659 ], [ 128.221726940217962, 42.565767845123574 ], [ 128.220659415131337, 42.565819906192118 ], [ 128.219823999261735, 42.566318899146921 ], [ 128.219502017969234, 42.567100867853355 ], [ 128.219742028208543, 42.567865665863138 ], [ 128.221066561324932, 42.569133368852974 ], [ 128.222631530276459, 42.570178282632277 ], [ 128.224467081633719, 42.570991686163651 ], [ 128.228183887930612, 42.572548534625028 ], [ 128.229743210252963, 42.573626141922958 ], [ 128.231034079398711, 42.574877137066423 ], [ 128.232032122750383, 42.576294120436827 ], [ 128.232514470594992, 42.577839379857117 ], [ 128.232162611439691, 42.579397222580376 ], [ 128.230932307087102, 42.580673988886893 ], [ 128.229293649642585, 42.581691865848704 ], [ 128.227277973041339, 42.582195916855582 ], [ 128.225153503678769, 42.5821122897514 ], [ 128.223181949038377, 42.58149632582473 ], [ 128.221128615348476, 42.581167086980308 ], [ 128.220029669220054, 42.581302718194614 ], [ 128.219116881758424, 42.581698096001894 ], [ 128.218725798900778, 42.582416045103422 ], [ 128.218784369031169, 42.583245869614096 ], [ 128.219451622189212, 42.584736843454976 ], [ 128.219828388403926, 42.586291047886412 ], [ 128.21928610518404, 42.58780778333773 ], [ 128.218993677038583, 42.589368307251959 ], [ 128.219074361523553, 42.590945810415647 ], [ 128.219823743700232, 42.592425468508736 ], [ 128.220419127517061, 42.593080976537173 ], [ 128.22124430282679, 42.593566663675439 ], [ 128.223041032860351, 42.594430900364166 ], [ 128.225060915104052, 42.594928991358529 ], [ 128.227024573637294, 42.595474055466759 ], [ 128.228694702498757, 42.596513727203892 ], [ 128.2285848082972, 42.597266236543724 ], [ 128.228146740081655, 42.598123060849218 ], [ 128.228553259138863, 42.599601526624475 ], [ 128.228344748723288, 42.60034971098618 ], [ 128.227818768646813, 42.601043293149772 ], [ 128.227415270201561, 42.602584251441527 ], [ 128.226136719356049, 42.603840365501512 ], [ 128.224650785988416, 42.604964418226302 ], [ 128.223010944600304, 42.605981739676615 ], [ 128.220998741534828, 42.606445222655189 ], [ 128.21882661858632, 42.60653844044311 ], [ 128.217761834618386, 42.606479682434163 ], [ 128.216807251697304, 42.606180625415632 ], [ 128.213657596772634, 42.604026702671788 ], [ 128.212229446945685, 42.602853576535082 ], [ 128.21135790463714, 42.601422865082974 ], [ 128.210628308195851, 42.598307608294142 ], [ 128.209142932199484, 42.595359490068795 ], [ 128.208189220039714, 42.593951685995094 ], [ 128.207715569433418, 42.592409586243328 ], [ 128.207645384942538, 42.589268163505956 ], [ 128.207604149045466, 42.587668713203506 ], [ 128.207419381091569, 42.586890593742531 ], [ 128.206757261309889, 42.586283637306408 ], [ 128.205727252495194, 42.586010084099819 ], [ 128.204677491601103, 42.586163141006502 ], [ 128.203034257782406, 42.587161154840672 ], [ 128.199037867286961, 42.588272554515484 ], [ 128.195013445430988, 42.589418133594151 ], [ 128.192910653136352, 42.589384867922476 ], [ 128.190880741530606, 42.588897707930109 ], [ 128.188952723093195, 42.58817215116585 ], [ 128.18796682903843, 42.587713036421768 ], [ 128.187009943793754, 42.587529323962279 ], [ 128.185206989506838, 42.588363318611719 ], [ 128.184220740526371, 42.588658552152424 ], [ 128.183150514473908, 42.588689644177585 ], [ 128.182096469898596, 42.588477142723974 ], [ 128.181159297171575, 42.58805397285898 ], [ 128.179442297061428, 42.587089331188551 ], [ 128.178089033184818, 42.586855765659948 ], [ 128.175394761591321, 42.586280310096505 ], [ 128.1735485877862, 42.585452081070066 ], [ 128.172197951388796, 42.58424404458804 ], [ 128.170732353907766, 42.583099942028724 ], [ 128.169764092285504, 42.582759038338857 ], [ 128.168257971741639, 42.58266789504421 ], [ 128.165620374708027, 42.583283295784064 ], [ 128.164324645648605, 42.583988486994031 ], [ 128.16145441276592, 42.585704913778237 ], [ 128.159451090689572, 42.586229222299202 ], [ 128.157313972601145, 42.586232924170737 ], [ 128.155272613907357, 42.585806490512347 ], [ 128.153339045307092, 42.585129340205135 ], [ 128.149459546909611, 42.583824437130687 ], [ 128.145695872711372, 42.582341133090758 ], [ 128.141694297618983, 42.581241997352528 ], [ 128.139606072134256, 42.580928674655958 ], [ 128.137473793235813, 42.581007472344332 ], [ 128.1334156734207, 42.581992756887026 ], [ 128.131620368970317, 42.582822369851428 ], [ 128.130045345359719, 42.583897567522875 ], [ 128.128565200417313, 42.585037192631574 ], [ 128.127397465666888, 42.586349769585354 ], [ 128.12642028976498, 42.587753282730944 ], [ 128.12579171693713, 42.589257313956757 ], [ 128.124182902911286, 42.592176134469568 ], [ 128.123645244089374, 42.593695815396714 ], [ 128.122503403806462, 42.595239649375984 ], [ 128.125886678532396, 42.594607850932427 ], [ 128.127429649863643, 42.593975857291419 ], [ 128.129101956758717, 42.593751680383953 ], [ 128.130850094152805, 42.59394502351018 ], [ 128.132273542186454, 42.594679290348921 ], [ 128.135788125846403, 42.599147519156674 ], [ 128.138715762100418, 42.600544060737498 ], [ 128.140424045921662, 42.600937997432553 ], [ 128.142118493661968, 42.600740194810164 ], [ 128.142924205706919, 42.600475970602723 ], [ 128.143470367289183, 42.599958834812071 ], [ 128.143490145476392, 42.599316486137639 ], [ 128.143101128429976, 42.59872192173485 ], [ 128.141618710762629, 42.596391231002919 ], [ 128.141051407987391, 42.593814732604059 ], [ 128.141404431996648, 42.592573227734924 ], [ 128.142536360568357, 42.591584126638807 ], [ 128.14399377500979, 42.590843593757668 ], [ 128.145694979723231, 42.590593049123818 ], [ 128.147452661283523, 42.590589237667871 ], [ 128.149138825695928, 42.590952156876689 ], [ 128.151531094352293, 42.592838549133589 ], [ 128.152828354421217, 42.593718096972232 ], [ 128.154476248328763, 42.594126045902634 ], [ 128.161142539220322, 42.592576180933968 ], [ 128.162809716671546, 42.592157953965881 ], [ 128.164541155189795, 42.592029146215538 ], [ 128.166308759524298, 42.592063663980873 ], [ 128.167919917996983, 42.592544939970466 ], [ 128.169256026874734, 42.593370347456435 ], [ 128.17015880242667, 42.594487797659298 ], [ 128.171474951582411, 42.596868621628083 ], [ 128.1720651866531, 42.597214404852728 ], [ 128.172546121890292, 42.596554307226398 ], [ 128.173175141213534, 42.595388499124937 ], [ 128.174120583008147, 42.594288441623135 ], [ 128.17565749416886, 42.59367981029866 ], [ 128.177363746623428, 42.593984269094364 ], [ 128.179110419806904, 42.593959745352784 ], [ 128.180697251200229, 42.593417680203267 ], [ 128.182363709003567, 42.593017105527757 ], [ 128.18287239250526, 42.593414263706521 ], [ 128.182659695487473, 42.594119282592992 ], [ 128.181853019401302, 42.595225228744823 ], [ 128.179923196416354, 42.597377207871517 ], [ 128.179538791349273, 42.598037732519529 ], [ 128.17993627972055, 42.598512788154082 ], [ 128.18081097996884, 42.59841030301866 ], [ 128.181440052650373, 42.597956311313929 ], [ 128.183963258981748, 42.596164793149576 ], [ 128.187223197081494, 42.595187723639796 ], [ 128.188946578320355, 42.595081782920403 ], [ 128.190706026462721, 42.595240569231336 ], [ 128.192423346980263, 42.595050625619663 ], [ 128.193998023751959, 42.594478063243798 ], [ 128.19557258169732, 42.59390425400629 ], [ 128.19732080931206, 42.593835588101271 ], [ 128.200806152889953, 42.594164121049772 ], [ 128.204261988145703, 42.593895485782475 ], [ 128.20596943637787, 42.594247116666523 ], [ 128.206804003247782, 42.594463599223111 ], [ 128.207369974890298, 42.594946421385124 ], [ 128.207493072493634, 42.596239403745301 ], [ 128.208051472287821, 42.597454236950576 ], [ 128.210419745800635, 42.602293470210434 ], [ 128.212842937143904, 42.604158534411283 ], [ 128.213945657788315, 42.60599479906427 ], [ 128.214791468050151, 42.606832512568566 ], [ 128.215715676328358, 42.607318062444875 ], [ 128.217501015799115, 42.607541676390731 ], [ 128.219155045427044, 42.60749459192818 ], [ 128.22122813774962, 42.607508702514522 ], [ 128.223029173620859, 42.607654037685535 ], [ 128.224614789647461, 42.606999247736638 ], [ 128.226890996932497, 42.605280517144145 ], [ 128.228179796501109, 42.604434074572112 ], [ 128.22957759663808, 42.603722109025 ], [ 128.230256204112038, 42.601136294525325 ], [ 128.231478472569734, 42.600213349647099 ], [ 128.231860212266639, 42.599669750749563 ], [ 128.231878788737021, 42.59899227558919 ], [ 128.231253525492662, 42.597820499811718 ], [ 128.23011452257839, 42.596853649436333 ], [ 128.228958703085738, 42.594401326933571 ], [ 128.227495939011106, 42.593693510490176 ], [ 128.225792599281306, 42.593422620577165 ], [ 128.222361825787317, 42.592884974486594 ], [ 128.220973494966842, 42.59211189051836 ], [ 128.220694430100025, 42.591496194799909 ], [ 128.220828050998961, 42.590858592998934 ], [ 128.221662926361063, 42.589717912084296 ], [ 128.222901541925523, 42.588802082366684 ], [ 128.225411546801638, 42.586994716860971 ], [ 128.227649349143576, 42.585018060963677 ], [ 128.228930849592018, 42.584136060932352 ], [ 128.230589359184506, 42.583734270754888 ], [ 128.234036068946637, 42.584216254821143 ], [ 128.237318572741174, 42.58506482538278 ], [ 128.239956412767583, 42.58533075358018 ], [ 128.244282990517917, 42.585388559339208 ], [ 128.24766018071972, 42.5847167706333 ], [ 128.25115878109122, 42.584705481159972 ], [ 128.254524497499233, 42.585442701358019 ], [ 128.25621670296519, 42.585762340029326 ], [ 128.257094107961677, 42.585915072483289 ], [ 128.257944208078499, 42.585778989476829 ], [ 128.258411550776458, 42.585240049736377 ], [ 128.258222129568196, 42.584596600215299 ], [ 128.25726606552638, 42.5835247737975 ], [ 128.256747372453248, 42.582308919048806 ], [ 128.257512013636216, 42.58114682538293 ], [ 128.259465271721467, 42.579011144775805 ], [ 128.260346763299907, 42.579000956135687 ], [ 128.260491513293488, 42.579569817942755 ], [ 128.259279671028366, 42.580574711622184 ], [ 128.257999463040932, 42.581429084713605 ], [ 128.257803326526215, 42.582081229507494 ], [ 128.258078170850666, 42.582689969073499 ], [ 128.259822766832542, 42.582721016874039 ], [ 128.261338726906558, 42.582095779103376 ], [ 128.263607027520578, 42.580099613305975 ], [ 128.266756326408569, 42.579027157913117 ], [ 128.268593210090728, 42.57912469608079 ], [ 128.270245850679572, 42.579244012175813 ], [ 128.273748248398505, 42.579157281186141 ], [ 128.277221798167915, 42.578792023560787 ], [ 128.278894355392339, 42.578419771769589 ], [ 128.280652610045905, 42.578439489467684 ], [ 128.284141882965969, 42.578576667581864 ], [ 128.287568335670016, 42.579126053428517 ], [ 128.294541435521808, 42.578848047306515 ], [ 128.298036417880837, 42.578970700460339 ], [ 128.299751638523674, 42.578685085359801 ], [ 128.301303693241124, 42.578082884509747 ], [ 128.302949300811548, 42.577663529896228 ], [ 128.304730777450203, 42.577628189879384 ], [ 128.306452629752698, 42.577514300931959 ], [ 128.308112223186413, 42.577082978444523 ], [ 128.309779317966985, 42.57669989081306 ], [ 128.311536140554153, 42.576792782442297 ], [ 128.31491329041549, 42.577470497478515 ], [ 128.318412911970881, 42.577419801698312 ], [ 128.319996465911828, 42.577915177015022 ], [ 128.321399262099845, 42.578694955379355 ], [ 128.323010314951858, 42.579190621993767 ], [ 128.324361082245332, 42.580023186397263 ], [ 128.325983969059678, 42.580499445271862 ], [ 128.327739892552245, 42.580597868006109 ], [ 128.329348592666179, 42.581075789208057 ], [ 128.330849501049642, 42.581749139686622 ], [ 128.332225706965971, 42.582547006918887 ], [ 128.332930993787443, 42.582808880240904 ], [ 128.3338546730281, 42.582752929699176 ], [ 128.335539361856945, 42.582497806476582 ], [ 128.336836530490046, 42.58162769525029 ], [ 128.340107334134387, 42.580694105422353 ], [ 128.341704282253744, 42.580162240273843 ], [ 128.343044666287909, 42.579314170987629 ], [ 128.343987853000584, 42.578259207675181 ], [ 128.34444066712004, 42.576984178944798 ], [ 128.346339199902559, 42.574812056843861 ], [ 128.346393881108611, 42.573526499801609 ], [ 128.346127843436193, 42.572253266784131 ], [ 128.346386255770625, 42.569679229869728 ], [ 128.34827758712558, 42.567487242919647 ], [ 128.3500700976075, 42.565271984091524 ], [ 128.350665214854132, 42.564057449828383 ], [ 128.351790162827655, 42.563059011391225 ], [ 128.354250070602177, 42.561231563329372 ], [ 128.355888947309865, 42.558909369102423 ], [ 128.359076194759496, 42.557942007379758 ], [ 128.360629179773184, 42.557347479372389 ], [ 128.36173903413075, 42.556343454453632 ], [ 128.363616590883765, 42.55415881218314 ], [ 128.364961446532078, 42.551764401130782 ], [ 128.365795279724637, 42.550630092171652 ], [ 128.367208839793278, 42.549884842426586 ], [ 128.36893868732264, 42.5499843195606 ], [ 128.370229802869858, 42.55084768501284 ], [ 128.371729969837503, 42.553187652959465 ], [ 128.372117103696354, 42.554453442338087 ], [ 128.372954361708025, 42.555592037295462 ], [ 128.373901243486188, 42.556670190955366 ], [ 128.375184367091975, 42.557554405143676 ], [ 128.378036010064449, 42.559063236245137 ], [ 128.381210346718802, 42.56013928871203 ], [ 128.384568636446005, 42.56087754628831 ], [ 128.386315316233379, 42.560818690249185 ], [ 128.387900196606068, 42.560262358793658 ], [ 128.390676128041179, 42.558684572980383 ], [ 128.393216043948485, 42.556895933601432 ], [ 128.395369796850446, 42.554872457195849 ], [ 128.40105348890188, 42.551818952553475 ], [ 128.402564309392005, 42.551169377317656 ], [ 128.404239738357433, 42.550771867297044 ], [ 128.407716342988152, 42.550430089258732 ], [ 128.409347991239542, 42.549961623344423 ], [ 128.410807926113847, 42.549244091720212 ], [ 128.413574746041121, 42.547651093204834 ], [ 128.418197451689309, 42.543762743188374 ], [ 128.419614617716121, 42.542998023688384 ], [ 128.421234294100913, 42.542510542043587 ], [ 128.424705605963908, 42.542183520050997 ], [ 128.426453367628113, 42.542075176507552 ], [ 128.42809324046209, 42.541621112425318 ], [ 128.429208310816961, 42.540659971798583 ], [ 128.429501068761397, 42.539353056560898 ], [ 128.430336141893008, 42.538258049499262 ], [ 128.431424085804593, 42.537204662497878 ], [ 128.431815969617332, 42.534655759877971 ], [ 128.43094743808814, 42.532146447628541 ], [ 128.430830171034813, 42.529573239356203 ], [ 128.430778647126942, 42.528266557678307 ], [ 128.430078661934914, 42.527092029366045 ], [ 128.429750003219993, 42.525819607122109 ], [ 128.430270913711581, 42.524588707748293 ], [ 128.431646357206347, 42.523802814779977 ], [ 128.433389370303956, 42.523738068625612 ], [ 128.436733271777058, 42.52450951603862 ], [ 128.438406477757326, 42.524901488820767 ], [ 128.440143497601326, 42.525003567405598 ], [ 128.441853212767001, 42.524711191288468 ], [ 128.443424634014349, 42.524166902753471 ], [ 128.446456277529705, 42.522881369059881 ], [ 128.449782454352203, 42.522073395429494 ], [ 128.453169128096221, 42.521423639544423 ], [ 128.454769072890286, 42.520889896123734 ], [ 128.455965676345983, 42.51994791410867 ], [ 128.456373698749559, 42.518693873356071 ], [ 128.456126755135926, 42.517400390312311 ], [ 128.455100466522424, 42.516365316467414 ], [ 128.453807769378017, 42.515483088253745 ], [ 128.452441199328092, 42.514683282765681 ], [ 128.451398296169486, 42.513672719022637 ], [ 128.450720115230979, 42.512505783655001 ], [ 128.449380303798421, 42.511619094051071 ], [ 128.447827125520774, 42.511015791574543 ], [ 128.447084420183927, 42.510696176565375 ], [ 128.446614600366189, 42.510150993791527 ], [ 128.446254191147773, 42.5088708483568 ], [ 128.446350946421603, 42.507579610102532 ], [ 128.44802412099088, 42.509720822218299 ], [ 128.449040321039945, 42.510645729376279 ], [ 128.450352300816547, 42.511292060996141 ], [ 128.451579822642543, 42.512030305314084 ], [ 128.452397280952624, 42.513041376852108 ], [ 128.453165877241815, 42.514073597779621 ], [ 128.454263473412539, 42.514924540721921 ], [ 128.455430833559831, 42.515503541536333 ], [ 128.456970076461289, 42.516160248967758 ], [ 128.458049552836826, 42.517025478598775 ], [ 128.458521458129752, 42.518150342328838 ], [ 128.458473594411515, 42.519342760558196 ], [ 128.457683882668022, 42.520349830762342 ], [ 128.455168548016189, 42.521795381502926 ], [ 128.45226734617367, 42.52276712522594 ], [ 128.449210573418412, 42.523429786745865 ], [ 128.446141903329959, 42.524074491811803 ], [ 128.443380372650722, 42.525214612131919 ], [ 128.440465609553883, 42.526131992050168 ], [ 128.438874379241724, 42.526174515374102 ], [ 128.437370891294393, 42.525794864329754 ], [ 128.43442362231562, 42.524918735050342 ], [ 128.432880963929676, 42.525192071659291 ], [ 128.432289133803863, 42.525583627444412 ], [ 128.432050030558628, 42.526146430506387 ], [ 128.432062877579284, 42.527323026907112 ], [ 128.432473947951962, 42.528469637911883 ], [ 128.432090955242074, 42.530784666192247 ], [ 128.432270899581084, 42.533128653859151 ], [ 128.432979676995728, 42.53417791071967 ], [ 128.432989804896152, 42.535376865213976 ], [ 128.431946342903103, 42.537587070548724 ], [ 128.431155900051692, 42.539861919982798 ], [ 128.430890323003155, 42.541027498859876 ], [ 128.430205957802684, 42.542084515077676 ], [ 128.428838333853406, 42.542701238019461 ], [ 128.427279840616393, 42.542955390096211 ], [ 128.424107748518963, 42.543143901465129 ], [ 128.421046871839508, 42.543815671934325 ], [ 128.419578937696372, 42.54427854220458 ], [ 128.418424655855546, 42.545071607640658 ], [ 128.416404794434499, 42.546908207785485 ], [ 128.414341561049952, 42.548707147541322 ], [ 128.411893343951647, 42.550219425083782 ], [ 128.410523537767546, 42.550811947709242 ], [ 128.408987081418701, 42.551123910967185 ], [ 128.405908813059028, 42.551719465557966 ], [ 128.402808239388207, 42.552239978494846 ], [ 128.400020732922144, 42.553396520144652 ], [ 128.397380499203791, 42.554712028858511 ], [ 128.395301428600817, 42.556496819880465 ], [ 128.390661485466126, 42.559727907636592 ], [ 128.388085050655178, 42.561105280154244 ], [ 128.385009321643309, 42.561718753095882 ], [ 128.381833108801516, 42.561578662306502 ], [ 128.378981576980294, 42.560548960609459 ], [ 128.37387439346989, 42.557737195641266 ], [ 128.372638553139979, 42.556984150111774 ], [ 128.371812144489098, 42.555985356464404 ], [ 128.370665783612935, 42.55378626359245 ], [ 128.369277620802706, 42.551666549712948 ], [ 128.367809105812626, 42.55122535648907 ], [ 128.367035898870114, 42.55138183327707 ], [ 128.366513223086514, 42.551805846711162 ], [ 128.363734470716764, 42.556031011036609 ], [ 128.361597461450032, 42.557766487694714 ], [ 128.358751539797765, 42.558846926374287 ], [ 128.357377706714374, 42.559456919916123 ], [ 128.356363304287953, 42.560351946252098 ], [ 128.35458081574626, 42.562298713541672 ], [ 128.353411864462231, 42.563101576602563 ], [ 128.352542864025224, 42.56409300464513 ], [ 128.350682943111963, 42.56598968460694 ], [ 128.347750230870219, 42.57014079662742 ], [ 128.347175938158443, 42.571240744400242 ], [ 128.347052057685545, 42.572415681830755 ], [ 128.34712285206399, 42.573421779923919 ], [ 128.347298735886682, 42.574758748957571 ], [ 128.346885130259977, 42.575893546845499 ], [ 128.345942612260728, 42.576845332128201 ], [ 128.344614819961862, 42.578984525951789 ], [ 128.343640815799262, 42.579920664791551 ], [ 128.34239384816189, 42.580660758826035 ], [ 128.339533859112038, 42.581707621843059 ], [ 128.33693951649272, 42.583065667194823 ], [ 128.333922259477646, 42.583788211063279 ], [ 128.332286094316174, 42.583764752434092 ], [ 128.331146264541502, 42.582984424137265 ], [ 128.328629076341088, 42.581561976872806 ], [ 128.325485673084358, 42.581185551417917 ], [ 128.323902848336843, 42.581009905852078 ], [ 128.322614086905816, 42.580315714822994 ], [ 128.319814060410692, 42.57920781431023 ], [ 128.318633042822626, 42.578442036829692 ], [ 128.317019874250377, 42.578393297327132 ], [ 128.315446819339911, 42.578468527444429 ], [ 128.31386113490089, 42.578261486796379 ], [ 128.312491883422865, 42.577655550134907 ], [ 128.311799700990775, 42.577421979222166 ], [ 128.310994558841884, 42.577463863432875 ], [ 128.307959344927809, 42.578221614038981 ], [ 128.304874510064138, 42.578764455353308 ], [ 128.301687213750228, 42.578842812469716 ], [ 128.298633121805466, 42.579573898060012 ], [ 128.29552065893688, 42.579543057422747 ], [ 128.294017585623351, 42.580028841504486 ], [ 128.292458944612946, 42.580111625255256 ], [ 128.29088168864547, 42.579931090195309 ], [ 128.289288368488258, 42.580086614618935 ], [ 128.287702198650493, 42.580194577754568 ], [ 128.286202635317863, 42.5797937960402 ], [ 128.283098426286728, 42.579199170698345 ], [ 128.281544058464959, 42.579186073227831 ], [ 128.2799750792704, 42.579468326034537 ], [ 128.273682421644253, 42.580213664896206 ], [ 128.270542511192616, 42.580567053795242 ], [ 128.267334376456347, 42.58049122012158 ], [ 128.265823972162792, 42.580783107543084 ], [ 128.264428649632976, 42.581397751221651 ], [ 128.261889045888751, 42.582814433327108 ], [ 128.260958751814741, 42.583768336617467 ], [ 128.260372423188954, 42.584864160893368 ], [ 128.259899507022595, 42.586002902196391 ], [ 128.259100960331978, 42.587016233830084 ], [ 128.258435347000699, 42.587348165533754 ], [ 128.257630501425808, 42.587415814058552 ], [ 128.256264011097016, 42.586821998647359 ], [ 128.253221626270403, 42.586121282431954 ], [ 128.246934174427452, 42.585349969907924 ], [ 128.243963792446124, 42.586163155866046 ], [ 128.242416297578188, 42.586439692530043 ], [ 128.240825678358306, 42.586371839414596 ], [ 128.237667089613211, 42.586195879987201 ], [ 128.234568749260831, 42.585582695451414 ], [ 128.231668437987423, 42.584643578126645 ], [ 128.230138274667041, 42.584960562206511 ], [ 128.228908764781607, 42.585719173226948 ], [ 128.226815125076484, 42.587490906370014 ], [ 128.224391093814205, 42.589023908309159 ], [ 128.223244669597165, 42.589835682668046 ], [ 128.222647874942083, 42.59093548627385 ], [ 128.222796961920125, 42.591500339310812 ], [ 128.223410253310789, 42.591858967259171 ], [ 128.224990953675643, 42.592190816740697 ], [ 128.227957554094928, 42.593024821724157 ], [ 128.229401105968009, 42.593523107523197 ], [ 128.230248664584963, 42.594505237812477 ], [ 128.230711134262151, 42.595632412287436 ], [ 128.231644591583432, 42.596586952772988 ], [ 128.233183240337894, 42.598647909423313 ], [ 128.232942077227619, 42.599787706095135 ], [ 128.232357467497508, 42.600884534347365 ], [ 128.230653530790562, 42.602857932687634 ], [ 128.230154561631849, 42.603980968381272 ], [ 128.229214740651003, 42.604901941594292 ], [ 128.227926555617273, 42.605616468704 ], [ 128.226965677057024, 42.606416155280293 ], [ 128.226142945917474, 42.607342346130729 ], [ 128.22491885593783, 42.608272810017283 ], [ 128.22408114780481, 42.60841551305969 ], [ 128.223355019792166, 42.60836220761793 ], [ 128.221769231074546, 42.608170353319686 ], [ 128.219909563487448, 42.608431477625047 ], [ 128.218461565478066, 42.608887481805709 ], [ 128.217063617799937, 42.608944489417148 ], [ 128.215762898155702, 42.608436444087914 ], [ 128.214289879128387, 42.607294947514227 ], [ 128.212868681010747, 42.605621361532585 ], [ 128.211812077437401, 42.604569450616445 ], [ 128.210676881576887, 42.60372724323507 ], [ 128.209995439421647, 42.602680324537282 ], [ 128.208647269195666, 42.600554627666632 ], [ 128.207262533984903, 42.598451546433907 ], [ 128.206469953532974, 42.596167204412367 ], [ 128.205387558852919, 42.595306278915523 ], [ 128.203845760893188, 42.595134507751474 ], [ 128.202253860593089, 42.59532699484793 ], [ 128.200661877505524, 42.595229189741879 ], [ 128.197533742160687, 42.594811889652625 ], [ 128.194686618559018, 42.595856154877062 ], [ 128.20000260829022, 42.59663880001915 ], [ 128.202352137719828, 42.597432896396718 ], [ 128.204400727365652, 42.598619796520197 ], [ 128.206102810093569, 42.60009385344356 ], [ 128.207322804238942, 42.601785932781169 ], [ 128.208421083216024, 42.603539549584333 ], [ 128.210192563953257, 42.604950746705164 ], [ 128.211746548009643, 42.606491396870823 ], [ 128.212984587101204, 42.608193213108436 ], [ 128.214653414534638, 42.609664377709684 ], [ 128.215755419230334, 42.610192269980182 ], [ 128.216999707060182, 42.610477056751996 ], [ 128.219585280880864, 42.610271811285493 ], [ 128.222134773407475, 42.609847833875193 ], [ 128.22345013122353, 42.609955261610139 ], [ 128.224249718094455, 42.610397125202937 ], [ 128.224248718066633, 42.610397125211783 ], [ 128.225725016831831, 42.612212597966746 ], [ 128.226754162718379, 42.613961898444416 ], [ 128.226936478579461, 42.616066170022357 ], [ 128.226971620829573, 42.619723908281365 ], [ 128.226862794405179, 42.62202217516051 ], [ 128.227392744956319, 42.622532799857211 ], [ 128.228690948564321, 42.6226781409636 ], [ 128.229834285454416, 42.622251925281077 ], [ 128.230596190750504, 42.621463276819384 ], [ 128.232092917218921, 42.619889329501198 ], [ 128.233010686031577, 42.619204720907604 ], [ 128.234169554707222, 42.618739037061076 ], [ 128.235463608512617, 42.618598302318276 ], [ 128.236747457101103, 42.618788196986294 ], [ 128.239087898909304, 42.619646840454905 ], [ 128.24116710392866, 42.620809694965914 ], [ 128.243047344236714, 42.622134153003913 ], [ 128.245473525773605, 42.622856147849475 ], [ 128.248007024754969, 42.623308511434757 ], [ 128.250603433821794, 42.623525432226401 ], [ 128.2536273602758, 42.624342624128623 ], [ 128.255477319321813, 42.624849351788484 ], [ 128.26066380859865, 42.625415962366247 ], [ 128.265558199026799, 42.626746614312211 ], [ 128.267857551794776, 42.627647142677247 ], [ 128.269991798641371, 42.628754660025066 ], [ 128.27220246669458, 42.629816617923979 ], [ 128.274211541731091, 42.631031721584456 ], [ 128.275824349450829, 42.6325484404204 ], [ 128.277908130644761, 42.633701393985881 ], [ 128.281828149850469, 42.636051486570487 ], [ 128.284070106188807, 42.637248466898164 ], [ 128.286019054437219, 42.638540574611028 ], [ 128.288214961991883, 42.639542252395664 ], [ 128.290626880471251, 42.640305959143028 ], [ 128.295570189878163, 42.641551427296591 ], [ 128.297865245912959, 42.642436351327639 ], [ 128.299330715258549, 42.644024167279689 ], [ 128.300159086328108, 42.645856335049025 ], [ 128.300882126676015, 42.646634004594404 ], [ 128.302152381967119, 42.64686551635166 ], [ 128.303374420617843, 42.64654496630201 ], [ 128.304392874328613, 42.645918081353955 ], [ 128.306347089476787, 42.644658790564208 ], [ 128.308635239184298, 42.643740615895581 ], [ 128.311261038340547, 42.643598843390059 ], [ 128.312554902261127, 42.643754586590845 ], [ 128.313731100538803, 42.644137408584839 ], [ 128.315888336740812, 42.64524733636425 ], [ 128.320348472795217, 42.647257933495062 ], [ 128.322727834264157, 42.64802885257587 ], [ 128.325246196843949, 42.648530478969988 ], [ 128.330295534812308, 42.649524059854073 ], [ 128.335519898680246, 42.649666554692075 ], [ 128.338129277261885, 42.649625425817831 ], [ 128.340708091207745, 42.649359018695058 ], [ 128.345874275450171, 42.648850946744432 ], [ 128.348492424871381, 42.648835456198164 ], [ 128.351082920866304, 42.649004807364058 ], [ 128.353438968984875, 42.649830871864076 ], [ 128.355554882780552, 42.650968449287078 ], [ 128.358192641355373, 42.652046445070845 ], [ 128.360295872623226, 42.65253584345399 ], [ 128.361435353872281, 42.653014562210807 ], [ 128.362392650830657, 42.653671997092573 ], [ 128.364147466947543, 42.655094868073569 ], [ 128.366319746947994, 42.656171648818223 ], [ 128.368788883484768, 42.65678236024182 ], [ 128.371299223476427, 42.657301066533364 ], [ 128.372508756897474, 42.657689193073949 ], [ 128.373466997535871, 42.658327720023294 ], [ 128.374784180601949, 42.659987841666442 ], [ 128.375313244326122, 42.660867251166728 ], [ 128.376199084531891, 42.661576703146068 ], [ 128.377375771859249, 42.661995032574296 ], [ 128.378707034792114, 42.661863340268312 ], [ 128.378984452339154, 42.661467118309282 ], [ 128.378949981642563, 42.660948702131982 ], [ 128.378586873939554, 42.660015119021672 ], [ 128.378605060984427, 42.65905418317088 ], [ 128.379474584566736, 42.658367256162499 ], [ 128.38073150940582, 42.658025714815437 ], [ 128.38201924486458, 42.657909515604246 ], [ 128.383315215335244, 42.658031762657643 ], [ 128.384538213983035, 42.658369416222634 ], [ 128.386809820588354, 42.659327197305942 ], [ 128.389174087381576, 42.660141877117326 ], [ 128.391800022317852, 42.660233860721156 ], [ 128.393060844437372, 42.660392326979064 ], [ 128.394219202597611, 42.660841879230766 ], [ 128.396646059922716, 42.661560005909642 ], [ 128.399230736959453, 42.661839471236767 ], [ 128.401836118974501, 42.661758766418593 ], [ 128.403104046157353, 42.661508990301812 ], [ 128.404206274787441, 42.661010936224272 ], [ 128.406249498235553, 42.659795417371079 ], [ 128.408128240535802, 42.658470358738924 ], [ 128.409798521069206, 42.657808403138631 ], [ 128.415516466488583, 42.656617948402285 ], [ 128.416629387914838, 42.656117448908113 ], [ 128.417534979372334, 42.655420010078615 ], [ 128.419122702991615, 42.653889291403345 ], [ 128.420176655518162, 42.653314665250257 ], [ 128.421414548721458, 42.653019813085656 ], [ 128.423958389672265, 42.65254445654044 ], [ 128.425155245010416, 42.652204254852883 ], [ 128.426174487434992, 42.651562808675223 ], [ 128.426418452843023, 42.651134839738376 ], [ 128.426260432781589, 42.650659361127374 ], [ 128.425280727374599, 42.650022796269532 ], [ 128.422821311931017, 42.649359339460112 ], [ 128.420227132313244, 42.649187167861712 ], [ 128.417613049677612, 42.649148058768056 ], [ 128.416342549124749, 42.649380343044328 ], [ 128.415186726600211, 42.649837228217862 ], [ 128.413378893204481, 42.651231700161709 ], [ 128.411835546162393, 42.652775167875696 ], [ 128.40992024853432, 42.6541091714532 ], [ 128.408824300061184, 42.654586534238838 ], [ 128.407094879583582, 42.654828354358884 ], [ 128.404939954515072, 42.655108344788779 ], [ 128.40236639660165, 42.654891255359644 ], [ 128.397363546726041, 42.653771918155741 ], [ 128.394748397500621, 42.653694782484976 ], [ 128.392173881930688, 42.654034905728821 ], [ 128.386974494355002, 42.653782436036529 ], [ 128.381874935279569, 42.652939597493031 ], [ 128.379669567391034, 42.651953762374788 ], [ 128.377587845916366, 42.650775529152604 ], [ 128.375293639380402, 42.64985620748088 ], [ 128.372814806245373, 42.649258127134573 ], [ 128.367748835725678, 42.648319949289736 ], [ 128.365189151489176, 42.647977973606082 ], [ 128.36258253354714, 42.647898770070043 ], [ 128.359954996479928, 42.647928758672755 ], [ 128.358650303072636, 42.647895552527061 ], [ 128.357498995590362, 42.647464697352618 ], [ 128.356641906566466, 42.646713766876154 ], [ 128.356122940168092, 42.645829696589864 ], [ 128.355833143071834, 42.643903312728241 ], [ 128.355278307312801, 42.643057641650721 ], [ 128.354101094710472, 42.642630735960488 ], [ 128.351492410888596, 42.642744893482835 ], [ 128.34627667253099, 42.642817382292584 ], [ 128.341064312862756, 42.642623094869101 ], [ 128.3384651632783, 42.642644077656584 ], [ 128.335950464596692, 42.642124985869195 ], [ 128.331194600410981, 42.640517962791911 ], [ 128.326284347119355, 42.639207318676 ], [ 128.321134796931915, 42.63858151042956 ], [ 128.315911328822949, 42.638575216706975 ], [ 128.313315609472227, 42.638774646961629 ], [ 128.310781529310475, 42.639231197967497 ], [ 128.308210971989865, 42.639550075995309 ], [ 128.305588791471507, 42.639636300386393 ], [ 128.30310813957567, 42.639109098913657 ], [ 128.30083932642242, 42.638118593936156 ], [ 128.292519039529964, 42.63346901103008 ], [ 128.290665668045392, 42.632115307809677 ], [ 128.289073622198629, 42.630576953162958 ], [ 128.287198685397072, 42.629267174787344 ], [ 128.284862859122541, 42.628359125540001 ], [ 128.282489577197765, 42.627540681676912 ], [ 128.28045413145972, 42.626374865527197 ], [ 128.276687694986435, 42.623691225639853 ], [ 128.272716114553504, 42.621188408767026 ], [ 128.268353666672198, 42.619076170943849 ], [ 128.264026454035957, 42.616934429929429 ], [ 128.261459886725646, 42.616598251304225 ], [ 128.258871552229948, 42.616670252817876 ], [ 128.257649049292809, 42.617042018235068 ], [ 128.256405049647242, 42.617259666863973 ], [ 128.253826806087545, 42.617553118116788 ], [ 128.248697345807244, 42.61826991949146 ], [ 128.247238227401283, 42.618329957892392 ], [ 128.243821375343941, 42.61764303138213 ], [ 128.242837178615531, 42.617104099671465 ], [ 128.241943378105731, 42.616299564209442 ], [ 128.240925059835718, 42.614861922411073 ], [ 128.240139373454411, 42.613692932549071 ], [ 128.238922713683365, 42.612718936157819 ], [ 128.237395166919782, 42.61230945900784 ], [ 128.236082571823033, 42.611368059148433 ], [ 128.235573877232525, 42.610478284078894 ], [ 128.235005122986507, 42.609614383481457 ], [ 128.234077525513726, 42.608947025156596 ], [ 128.232968653258524, 42.608423235008161 ], [ 128.231700776696499, 42.608264408598842 ], [ 128.23169977666862, 42.608264408607688 ], [ 128.230415705128024, 42.608399088386328 ], [ 128.229092516519444, 42.608212659432866 ], [ 128.228470161519681, 42.60803355746458 ], [ 128.228052942637731, 42.607686577054565 ], [ 128.227979441076485, 42.607205580408575 ], [ 128.228253179315004, 42.606765529664862 ], [ 128.229859254836782, 42.605246863215591 ], [ 128.232692045210882, 42.602009577920747 ], [ 128.233564361364273, 42.600201692628012 ], [ 128.233966553955071, 42.599292910631938 ], [ 128.233817861127847, 42.59833425634946 ], [ 128.233245343472305, 42.596453316171761 ], [ 128.232322194415389, 42.595772459989448 ], [ 128.231687718243194, 42.594949253761492 ], [ 128.231235897531036, 42.594035825238677 ], [ 128.230484082839581, 42.593248642525211 ], [ 128.22876922519697, 42.591786249125626 ], [ 128.227777679930625, 42.591142932173867 ], [ 128.227100605905946, 42.590329051475898 ], [ 128.22727669214197, 42.589400698684635 ], [ 128.228418100346886, 42.588499019632131 ], [ 128.230152631683353, 42.587401508695145 ], [ 128.231360438281513, 42.587102615507874 ], [ 128.232684699124093, 42.587005352167942 ], [ 128.236394218379701, 42.587041427352538 ], [ 128.237882234111595, 42.587348752862709 ], [ 128.240478715099073, 42.587522180630295 ], [ 128.243078950015189, 42.587343777094603 ], [ 128.245666553725471, 42.587140792010558 ], [ 128.248275133440899, 42.587207841770237 ], [ 128.253466744576343, 42.587557590236948 ], [ 128.255955160920479, 42.588153558491292 ], [ 128.257232588907556, 42.588323118582423 ], [ 128.258541239518422, 42.588178461397924 ], [ 128.260857289168172, 42.587273555464805 ], [ 128.261878558501735, 42.586696626290696 ], [ 128.262340613161911, 42.585801912558743 ], [ 128.262876721487402, 42.583827916383974 ], [ 128.263517226704096, 42.58306584578456 ], [ 128.264578902770779, 42.5825520154849 ], [ 128.267168908324095, 42.581862086289114 ], [ 128.269707622898096, 42.581533828569555 ], [ 128.274811010281098, 42.582326440027913 ], [ 128.277410585644475, 42.582365299105703 ], [ 128.279999688394952, 42.582109108756384 ], [ 128.282471937357343, 42.581507996681196 ], [ 128.285039976759663, 42.581196617656182 ], [ 128.290267514194824, 42.581200860461237 ], [ 128.292870527027787, 42.581317691663813 ], [ 128.295425874205193, 42.581698704056436 ], [ 128.300374478672779, 42.582916771238935 ], [ 128.305489523701311, 42.583645163024698 ], [ 128.310702179398334, 42.583735566886006 ], [ 128.315896856365129, 42.583416975013151 ], [ 128.321028834520661, 42.582730982252116 ], [ 128.326232526645811, 42.582537339024555 ], [ 128.328658645415999, 42.583213291408406 ], [ 128.330904655581577, 42.584196300154147 ], [ 128.332096210253042, 42.584585282441509 ], [ 128.333388986530167, 42.584683386721657 ], [ 128.33470922055011, 42.584698406928467 ], [ 128.335921122532852, 42.584404350973983 ], [ 128.338205527868325, 42.583469302847462 ], [ 128.339107651639722, 42.582763915878445 ], [ 128.340189893561956, 42.582253613681125 ], [ 128.342618425582572, 42.581517087465812 ], [ 128.344737185974736, 42.58041460269223 ], [ 128.345857591159046, 42.578676882508411 ], [ 128.346580021941406, 42.57787338789521 ], [ 128.347536648350427, 42.5772241137294 ], [ 128.348588864147729, 42.576626698117956 ], [ 128.349203558773326, 42.575829813306093 ], [ 128.349490752627702, 42.574864537213109 ], [ 128.350053655728971, 42.573974983762099 ], [ 128.35104309896272, 42.573362078057606 ], [ 128.352275706519094, 42.573040873567408 ], [ 128.353561256744257, 42.572781584119369 ], [ 128.354680379725124, 42.57231641897269 ], [ 128.356522619069779, 42.570949202028402 ], [ 128.358747083858958, 42.569947122036439 ], [ 128.360980034980429, 42.568933506224589 ], [ 128.362174820221469, 42.568590331151711 ], [ 128.363488849102197, 42.568538809839382 ], [ 128.366025758267398, 42.568996087791568 ], [ 128.36818559112848, 42.570075043301934 ], [ 128.372814337061783, 42.571841551198773 ], [ 128.375192398668105, 42.572632706849006 ], [ 128.377400451973358, 42.573655386699002 ], [ 128.379362421148215, 42.574924666067012 ], [ 128.380932606066438, 42.576457738527381 ], [ 128.382582278170617, 42.577970129027037 ], [ 128.383883230681136, 42.579615692081838 ], [ 128.384716867058728, 42.583425465508974 ], [ 128.385548405807782, 42.58417382947227 ], [ 128.386770638776966, 42.58449364446281 ], [ 128.388089204147605, 42.584375978121123 ], [ 128.389324476919569, 42.584049359756534 ], [ 128.391832359727204, 42.583567435870407 ], [ 128.394413525797773, 42.5838487562023 ], [ 128.396770434183679, 42.584677488742912 ], [ 128.398694002598319, 42.58598571499062 ], [ 128.400516938142175, 42.587373415470644 ], [ 128.402773242301947, 42.588310505174995 ], [ 128.4076951342999, 42.589587746953725 ], [ 128.410196911484547, 42.590148881562172 ], [ 128.414437674802741, 42.591996120047405 ], [ 128.420595230819231, 42.595890159281581 ], [ 128.422693061258627, 42.597054345689209 ], [ 128.425032686688724, 42.597875960560387 ], [ 128.427598329150669, 42.598271590914671 ], [ 128.430207852487882, 42.598328482219131 ], [ 128.432787571546498, 42.598044584860368 ], [ 128.435287812383393, 42.597505878465554 ], [ 128.43760999515078, 42.596627599838143 ], [ 128.440059549572851, 42.595965108746562 ], [ 128.443874031879119, 42.59537194333214 ], [ 128.44518587374958, 42.595323725038774 ], [ 128.450372070672188, 42.595713318493857 ], [ 128.455273450014289, 42.59703524547222 ], [ 128.457729569897708, 42.597684165724814 ], [ 128.46027732568632, 42.598087836429421 ], [ 128.465416327213291, 42.598713532639096 ], [ 128.469812451991714, 42.600077560101923 ], [ 128.470981524978896, 42.600081434793921 ], [ 128.471281761144212, 42.599725589140284 ], [ 128.471340985152494, 42.598699553910109 ], [ 128.470520656986963, 42.598026041113357 ], [ 128.469297270948829, 42.59751142915438 ], [ 128.465257589189207, 42.595172616067458 ], [ 128.461169042701329, 42.592734079152066 ], [ 128.458830835009366, 42.591890659592295 ], [ 128.456292292200658, 42.591488111331856 ], [ 128.451164640510058, 42.590740610933608 ], [ 128.445976093874549, 42.590386339540878 ], [ 128.440773830485909, 42.59061990503416 ], [ 128.435538515092674, 42.591100090937879 ], [ 128.433072341397917, 42.590617922972847 ], [ 128.430741897109641, 42.589683077711292 ], [ 128.426051488343148, 42.588019781915477 ], [ 128.423496893975567, 42.587623008722503 ], [ 128.420888054377173, 42.587547230939059 ], [ 128.414769308704166, 42.586857673332602 ], [ 128.413188956572668, 42.586577473128095 ], [ 128.410799927498545, 42.585800892688461 ], [ 128.406343301683222, 42.583795986846624 ], [ 128.404340633517421, 42.582540841312614 ], [ 128.401951002269357, 42.581816001657124 ], [ 128.399497713486284, 42.581144164062181 ], [ 128.397414608233817, 42.580003792114098 ], [ 128.393348420550694, 42.577578871596174 ], [ 128.388862537116637, 42.575589652722172 ], [ 128.386819070091803, 42.574425616162642 ], [ 128.385000516322435, 42.573034968282997 ], [ 128.383139273129046, 42.571641039538719 ], [ 128.382049876587985, 42.571140343113811 ], [ 128.380819527151118, 42.570840081527258 ], [ 128.378367133021442, 42.570180567075717 ], [ 128.376055998776394, 42.569270321381367 ], [ 128.373656136137384, 42.56851616585535 ], [ 128.37113382957196, 42.568036548672637 ], [ 128.368709637919579, 42.567319622209496 ], [ 128.366697247228331, 42.566069050474844 ], [ 128.36546381999284, 42.564363714259095 ], [ 128.365266025313929, 42.562445143336056 ], [ 128.365705933332038, 42.560546937516136 ], [ 128.366472061039929, 42.559760522947819 ], [ 128.367525830227379, 42.559204106096637 ], [ 128.370041962536021, 42.558585475694862 ], [ 128.371335569441527, 42.558518098776261 ], [ 128.372566100014836, 42.558792641721077 ], [ 128.376927222137908, 42.560916597116609 ], [ 128.379084574151022, 42.561993256487511 ], [ 128.381522014525046, 42.562689543063144 ], [ 128.384100388831683, 42.562980650816407 ], [ 128.38668864464475, 42.562730886390504 ], [ 128.389153804481282, 42.56210088656254 ], [ 128.391250381767179, 42.560963171301474 ], [ 128.393465203942924, 42.559924783956802 ], [ 128.395162403443123, 42.558492626151967 ], [ 128.396799957222129, 42.556984574309809 ], [ 128.398714509815505, 42.555673802646275 ], [ 128.400900330427106, 42.554629887989215 ], [ 128.403124756491877, 42.553893020887045 ], [ 128.404732735936847, 42.553320605282138 ], [ 128.408111115136677, 42.552436580707777 ], [ 128.40943258210396, 42.552460994210769 ], [ 128.410667203364738, 42.552779908294916 ], [ 128.411690185293139, 42.553485030233681 ], [ 128.413045258563244, 42.554559870186509 ], [ 128.414158095127192, 42.555581495002421 ], [ 128.414956902599585, 42.556321097443998 ], [ 128.41605297505788, 42.556849547645925 ], [ 128.420974185748889, 42.558162864823764 ], [ 128.425345677615383, 42.56026798245076 ], [ 128.42778002936987, 42.560941044431949 ], [ 128.430330878794507, 42.561347983436889 ], [ 128.43537406976219, 42.562333778741611 ], [ 128.437977156469401, 42.562442610611413 ], [ 128.440572336653645, 42.562238223878325 ], [ 128.443343735616651, 42.561801302326437 ], [ 128.445632529752345, 42.561320057091741 ], [ 128.45061835619623, 42.560194258893105 ], [ 128.455782382809872, 42.55965494633589 ], [ 128.460929412841381, 42.559059620679335 ], [ 128.465980097740641, 42.558074669666901 ], [ 128.46855636670071, 42.558264822453317 ], [ 128.471102227516866, 42.558743454479782 ], [ 128.476172072162143, 42.559616211526198 ], [ 128.478774213878353, 42.559647177514215 ], [ 128.480967567743164, 42.55935344571558 ], [ 128.48372719640841, 42.558609132493018 ], [ 128.484693091859612, 42.557860277657326 ], [ 128.484817389584975, 42.557415169333886 ], [ 128.484458417407865, 42.55701481973346 ], [ 128.483396748141644, 42.556435356621527 ], [ 128.482155474059368, 42.556218116199169 ], [ 128.479513150508637, 42.556276515819462 ], [ 128.476908731403086, 42.556326172060523 ], [ 128.474355905256573, 42.555983376855131 ], [ 128.471828727564287, 42.55548680323102 ], [ 128.469242362750265, 42.555698961980376 ], [ 128.466683784982166, 42.555976246161428 ], [ 128.464077333821336, 42.555759386001775 ], [ 128.461471907454637, 42.555735444648811 ], [ 128.457627291720826, 42.556221587757044 ], [ 128.45762629169306, 42.55622158776594 ], [ 128.453825597856564, 42.556922484531967 ], [ 128.448697981697023, 42.55761872702444 ], [ 128.446095619244602, 42.557759738721344 ], [ 128.443489911761873, 42.557669674872919 ], [ 128.438379031548095, 42.556906997780196 ], [ 128.433216262463134, 42.556383566197212 ], [ 128.430617520391621, 42.556225094797441 ], [ 128.428108978774191, 42.555706037714046 ], [ 128.425800987374032, 42.554779419221113 ], [ 128.423770929167489, 42.553565884443699 ], [ 128.419866556179272, 42.55094768168405 ], [ 128.419516008809666, 42.550069174199201 ], [ 128.41962542374489, 42.549085669152426 ], [ 128.419971039916703, 42.548175273662729 ], [ 128.420655748822242, 42.547364431380942 ], [ 128.422570517712899, 42.545981101205129 ], [ 128.424672914194815, 42.544842187568513 ], [ 128.426977071559349, 42.543960687192069 ], [ 128.429503524355255, 42.543423868494308 ], [ 128.430762612513178, 42.543164859882616 ], [ 128.431903658279936, 42.542706807147837 ], [ 128.432768736428244, 42.541979260639124 ], [ 128.43314543804027, 42.541067912075171 ], [ 128.432961597284645, 42.539085882882254 ], [ 128.432987562740152, 42.538144676642226 ], [ 128.433500488786962, 42.537277506712648 ], [ 128.435191505368238, 42.535775375945207 ], [ 128.437287182578473, 42.534660263182673 ], [ 128.439409498171699, 42.533533577938108 ], [ 128.440903467250706, 42.531972159801271 ], [ 128.4421229717004, 42.530244519412527 ], [ 128.442999583257489, 42.529540968866954 ], [ 128.444173300861308, 42.529142813332911 ], [ 128.446809088844191, 42.528967564630378 ], [ 128.449376003060223, 42.52924901138001 ], [ 128.459109870283186, 42.53194964412198 ], [ 128.460464094502868, 42.531945169729049 ], [ 128.460945522774153, 42.531666174188011 ], [ 128.461095911807973, 42.531176219143575 ], [ 128.460572242332432, 42.530282058022252 ], [ 128.45951099774129, 42.529702044480629 ], [ 128.458445871477124, 42.529177607622564 ], [ 128.457579718537033, 42.528486933376833 ], [ 128.456715727063084, 42.527650803137362 ], [ 128.456459578162992, 42.527214748172142 ], [ 128.456589857069929, 42.526800382842019 ], [ 128.457643368869611, 42.526129445683779 ], [ 128.458847191600597, 42.525706514987277 ], [ 128.461708487984311, 42.525105921138099 ], [ 128.461707487956545, 42.525105921146995 ], [ 128.463731315944273, 42.524481467560477 ], [ 128.466011413651671, 42.523537956563942 ], [ 128.468082681974437, 42.522362596542081 ], [ 128.470273014729543, 42.521342046298301 ], [ 128.472808599675915, 42.520888971378461 ], [ 128.475408419409774, 42.520732074108857 ], [ 128.477993078693032, 42.520483366049106 ], [ 128.480378980212095, 42.519713856079093 ], [ 128.483321481734237, 42.518190832892827 ], [ 128.484707372828581, 42.517614973905012 ], [ 128.48726133166835, 42.517173610912593 ], [ 128.489856033377919, 42.517171836549323 ], [ 128.494958836026115, 42.517996576031592 ], [ 128.497549889638663, 42.518168698363013 ], [ 128.50009903591129, 42.517806175275531 ], [ 128.502677474427543, 42.517450354534127 ], [ 128.505210907599036, 42.517833806112804 ], [ 128.507764701751654, 42.518261895431742 ], [ 128.510365166628901, 42.518398414705445 ], [ 128.512966739726608, 42.518282598008959 ], [ 128.515523425462561, 42.51791982770137 ], [ 128.520529758303752, 42.516840518409602 ], [ 128.523112758241638, 42.516588916407621 ], [ 128.525685378575247, 42.51686456697005 ], [ 128.527920826814665, 42.517816325453033 ], [ 128.52978035217285, 42.519219943251642 ], [ 128.530911377640621, 42.519632108888295 ], [ 128.532232282498285, 42.519552807406022 ], [ 128.533484026089496, 42.519144737574521 ], [ 128.534296501720348, 42.518456334733209 ], [ 128.534295501692583, 42.518456334742112 ], [ 128.534651514254904, 42.517501387428176 ], [ 128.535317395784404, 42.516713420094931 ], [ 128.53594168988792, 42.516598129653573 ], [ 128.536589885967174, 42.516702206062028 ], [ 128.537839280972321, 42.517010494235976 ], [ 128.542635669634052, 42.518466256067072 ], [ 128.545206540694124, 42.518786752053032 ], [ 128.546472427273642, 42.518561552280282 ], [ 128.547602389105236, 42.518084615948212 ], [ 128.548318454576105, 42.517261860023936 ], [ 128.548223256243944, 42.516777229336974 ], [ 128.547237762800819, 42.516346226678181 ], [ 128.547236762773082, 42.516346226687084 ], [ 128.545183382471066, 42.516175088818734 ], [ 128.542639732042971, 42.515783029305759 ], [ 128.541420877068617, 42.515434842843106 ], [ 128.540402723222797, 42.514802359513418 ], [ 128.539956926181333, 42.513911589428879 ], [ 128.540304928943698, 42.512967946147718 ], [ 128.541942425549735, 42.511464271903293 ], [ 128.542614724522252, 42.510638190524986 ], [ 128.54298294920568, 42.509715638693976 ], [ 128.54265657541805, 42.508805257763335 ], [ 128.541480642694864, 42.508381872055324 ], [ 128.540191080555417, 42.508343486040381 ], [ 128.538871355457729, 42.508523706489783 ], [ 128.536257364612339, 42.508960037430491 ], [ 128.531192488741766, 42.509706612612455 ], [ 128.525793493590413, 42.511205875720087 ], [ 128.52390544401166, 42.511812769265191 ], [ 128.521444938283025, 42.512415592481723 ], [ 128.516544246626552, 42.51375992709626 ], [ 128.513964719973359, 42.513904273264941 ], [ 128.512114375559946, 42.51380550043411 ], [ 128.508755699329242, 42.513763234783504 ], [ 128.50619382682666, 42.514084573747404 ], [ 128.503615939157612, 42.514347903143978 ], [ 128.501009120858839, 42.514388427475154 ], [ 128.495799959574811, 42.514238945881395 ], [ 128.493361058327679, 42.513588511832964 ], [ 128.490850530525734, 42.513059441952244 ], [ 128.48826829383853, 42.513275824482342 ], [ 128.485718940673337, 42.513643794001467 ], [ 128.485719940701102, 42.513643793992578 ], [ 128.483210736507516, 42.514193700599201 ], [ 128.481195593349014, 42.5154059721457 ], [ 128.479181714333635, 42.516632286020787 ], [ 128.476860088262839, 42.517494414017676 ], [ 128.47188614356358, 42.518654049307649 ], [ 128.46674544237581, 42.519369159787672 ], [ 128.465507993669917, 42.519628785279444 ], [ 128.46438126608021, 42.520115671114098 ], [ 128.462182083899449, 42.521135002432132 ], [ 128.460938905906886, 42.521433785172569 ], [ 128.459658883059689, 42.521317958085334 ], [ 128.459197395034437, 42.520402548993523 ], [ 128.45932763836376, 42.519445708867138 ], [ 128.459666978231638, 42.517529071809847 ], [ 128.45869595113453, 42.515748169883366 ], [ 128.458547675270466, 42.514790235435349 ], [ 128.458869045953065, 42.513858830981967 ], [ 128.46031094917231, 42.512233643489573 ], [ 128.464104397315765, 42.509592856856393 ], [ 128.46560750948791, 42.508037635114654 ], [ 128.466791189078663, 42.506299830127503 ], [ 128.466790189050897, 42.506299830136385 ], [ 128.467832616363978, 42.504530913802469 ], [ 128.468475755661501, 42.502651796287886 ], [ 128.469585431974394, 42.500951708279473 ], [ 128.471253172693622, 42.499436381724315 ], [ 128.472616524563904, 42.497787394360749 ], [ 128.473148095169933, 42.496787334175664 ], [ 128.474449655561102, 42.494184711476137 ], [ 128.475861090178029, 42.492547371457412 ], [ 128.476864425393103, 42.491935916314709 ], [ 128.478051216285849, 42.491537718314447 ], [ 128.480616679661182, 42.49118491605855 ], [ 128.483223256075121, 42.491147728865229 ], [ 128.485791118814632, 42.490895251402478 ], [ 128.48834757923305, 42.490452350126951 ], [ 128.490758512329563, 42.48975124914331 ], [ 128.493052862314528, 42.488866125156839 ], [ 128.495622218537562, 42.488478317023393 ], [ 128.500652548700089, 42.487496433499842 ], [ 128.502995666869907, 42.486662502422867 ], [ 128.505047198128921, 42.485471031430954 ], [ 128.50705717180378, 42.484249538851337 ], [ 128.509280349753652, 42.483228488377456 ], [ 128.511169604886419, 42.481930531754557 ], [ 128.512899716858527, 42.480484348772208 ], [ 128.514176499617122, 42.479602166027853 ], [ 128.515824290112931, 42.477336430004598 ], [ 128.516478701166108, 42.476511722297239 ], [ 128.517377317053473, 42.47580709891259 ], [ 128.519584466702554, 42.474765826370501 ], [ 128.522139605376026, 42.474461196052488 ], [ 128.524741817890657, 42.474661652023904 ], [ 128.527285706736706, 42.475131666399953 ], [ 128.528565054476019, 42.475336446674476 ], [ 128.529846098181537, 42.475283118689603 ], [ 128.532438141567326, 42.475053371818838 ], [ 128.535008377776791, 42.475339730179492 ], [ 128.539739083766904, 42.476943158952281 ], [ 128.542270750508663, 42.477363377733447 ], [ 128.544887398790223, 42.477552244079639 ], [ 128.550034437469918, 42.478069133074136 ], [ 128.555078755562249, 42.479035730097614 ], [ 128.560214181616402, 42.479667226261576 ], [ 128.56535589251925, 42.480271742285538 ], [ 128.567851587841176, 42.480836687945136 ], [ 128.570225450459361, 42.481646066322867 ], [ 128.574836694874051, 42.483427966760793 ], [ 128.579883143329852, 42.484360563514272 ], [ 128.58231992824517, 42.485054115631371 ], [ 128.584849809662899, 42.48545956502786 ], [ 128.587461633185768, 42.485436735018119 ], [ 128.590020240673738, 42.485703842843343 ], [ 128.591343769361998, 42.485449205876982 ], [ 128.591424395049529, 42.485090408892852 ], [ 128.590914949206706, 42.484668903468183 ], [ 128.588942486689518, 42.483348084139898 ], [ 128.586866873791564, 42.482273980404969 ], [ 128.585814205292763, 42.481648848353608 ], [ 128.585010211247692, 42.480891268991236 ], [ 128.584680887779285, 42.479976189393163 ], [ 128.584636291941763, 42.478997381616139 ], [ 128.584555063990081, 42.477070590524264 ], [ 128.584319384968126, 42.476117996493429 ], [ 128.583645618384111, 42.47529223976256 ], [ 128.582500549348907, 42.474848933300613 ], [ 128.58118123410344, 42.474836905510926 ], [ 128.576318047364111, 42.476209793713373 ], [ 128.573774168680586, 42.476623754254859 ], [ 128.571375817764448, 42.475856393688126 ], [ 128.566896861857003, 42.473935036519066 ], [ 128.562035255758786, 42.472531300126391 ], [ 128.556970263804629, 42.471543809959591 ], [ 128.554397768073557, 42.471353423188987 ], [ 128.551799064809956, 42.471418861841954 ], [ 128.549180079804017, 42.471578258930634 ], [ 128.546597563649073, 42.471473942575876 ], [ 128.544058004513516, 42.471004373770803 ], [ 128.541478519087462, 42.470986380368224 ], [ 128.536280750618943, 42.471266304407266 ], [ 128.534981885551844, 42.471361918884519 ], [ 128.533714089524665, 42.471183589930988 ], [ 128.53258774744603, 42.470671849087317 ], [ 128.531777697647669, 42.469911680475519 ], [ 128.531467072295897, 42.46895958295881 ], [ 128.531752404138018, 42.468022791325474 ], [ 128.533471040784974, 42.46655479769084 ], [ 128.536977250957278, 42.463730864709724 ], [ 128.538762203045309, 42.46230663338762 ], [ 128.540659721356008, 42.4610217244173 ], [ 128.542905633658421, 42.460053405205201 ], [ 128.544766116720069, 42.458692731085542 ], [ 128.548903451561642, 42.456372491236138 ], [ 128.551024728767146, 42.455243805578888 ], [ 128.55281908838819, 42.453840793717895 ], [ 128.554028426788591, 42.452133127200199 ], [ 128.555721197289728, 42.450674526883539 ], [ 128.557141432292013, 42.449080633632825 ], [ 128.55825742929585, 42.447319150839952 ], [ 128.559669644108169, 42.445689914815759 ], [ 128.561507503985723, 42.44433156344256 ], [ 128.563301809096146, 42.442938113978059 ], [ 128.564260327181472, 42.441150503675459 ], [ 128.565075820898301, 42.439337673783072 ], [ 128.567130585602371, 42.437193576465468 ], [ 128.568318984238545, 42.436314043505753 ], [ 128.570454670683546, 42.43521062005648 ], [ 128.579675362887485, 42.429587874975184 ], [ 128.587039898993112, 42.425936307963561 ], [ 128.594891512788706, 42.420867069410072 ], [ 128.603387777588637, 42.416414986529162 ], [ 128.608808403549062, 42.414082099892852 ], [ 128.608809403576743, 42.414082099883956 ], [ 128.612306470304162, 42.412446941238443 ], [ 128.614264382895868, 42.411184825143096 ], [ 128.615929148097706, 42.409685544584399 ], [ 128.617287319840329, 42.408024104597175 ], [ 128.61821567352564, 42.406244068286732 ], [ 128.618274928972511, 42.405253878979337 ], [ 128.618054449475011, 42.40478338232257 ], [ 128.617540676131625, 42.404568367653205 ], [ 128.616183218557012, 42.404766225341845 ], [ 128.615064261546365, 42.405254015584774 ], [ 128.610805396991253, 42.407446623097222 ], [ 128.606788496449383, 42.409880258210009 ], [ 128.602247214329395, 42.411787890251773 ], [ 128.597883659482363, 42.413888379035996 ], [ 128.593844614183723, 42.416314345988816 ], [ 128.589454317787016, 42.418400682947343 ], [ 128.587362726716776, 42.419520809412262 ], [ 128.585632845890558, 42.420962190011188 ], [ 128.583373448535298, 42.42191905055175 ], [ 128.580881859184331, 42.422485968346635 ], [ 128.578594897002006, 42.42338241087613 ], [ 128.576492985866309, 42.424522651634987 ], [ 128.572864434034784, 42.427292992480382 ], [ 128.57086871185885, 42.42850703589778 ], [ 128.568568573384908, 42.429427938610225 ], [ 128.563815864931939, 42.430905099450776 ], [ 128.561237282598682, 42.431287009855382 ], [ 128.559877228638754, 42.431475084321079 ], [ 128.559356422937583, 42.431717553253797 ], [ 128.559043251199768, 42.432131196708738 ], [ 128.558332202906797, 42.434510201940292 ], [ 128.55793034501545, 42.435907271643899 ], [ 128.557830061798995, 42.437825570761738 ], [ 128.55728866700062, 42.439706827405395 ], [ 128.556195149061551, 42.441461010947776 ], [ 128.554764327542728, 42.443071402698813 ], [ 128.551761761444197, 42.44621005530238 ], [ 128.549214983799516, 42.449576878545052 ], [ 128.547644384941606, 42.451114640566324 ], [ 128.545740644032378, 42.452439182457574 ], [ 128.541311982497547, 42.454470464269647 ], [ 128.539275610602203, 42.455659499627281 ], [ 128.537541567433408, 42.457083875944832 ], [ 128.535846272586582, 42.458565286544314 ], [ 128.533913870785085, 42.459879971321563 ], [ 128.53162071748082, 42.460754834004135 ], [ 128.529171882157272, 42.461426091502616 ], [ 128.52687276621225, 42.462338483168963 ], [ 128.524391743386275, 42.462888431650676 ], [ 128.519190422277319, 42.463166057968813 ], [ 128.516638220209558, 42.463542336131425 ], [ 128.51435226898829, 42.464473501387666 ], [ 128.51253514273489, 42.465852364922057 ], [ 128.510911907888726, 42.467362545669729 ], [ 128.507979700746944, 42.470541727472465 ], [ 128.506073202446856, 42.471853514555029 ], [ 128.504354936029387, 42.47329182040734 ], [ 128.502899128065678, 42.474909235775556 ], [ 128.501863502132323, 42.476654301043446 ], [ 128.501371117657101, 42.47855299365601 ], [ 128.501370117629335, 42.478552993664898 ], [ 128.500446478098127, 42.480363582977454 ], [ 128.498683784623609, 42.481769705496085 ], [ 128.496463471182039, 42.482771947210708 ], [ 128.491699970120862, 42.484354769275583 ], [ 128.48715949640814, 42.486256034604338 ], [ 128.484826031998637, 42.487078266621467 ], [ 128.482263881803703, 42.487415610803808 ], [ 128.477000533380306, 42.487510316476261 ], [ 128.474624830176879, 42.488170724360145 ], [ 128.472494367190848, 42.489372758893175 ], [ 128.47155978399411, 42.4900899300142 ], [ 128.470918156292555, 42.490902103581398 ], [ 128.47067436182806, 42.492808579346175 ], [ 128.470159002903131, 42.494706094632605 ], [ 128.46890624661313, 42.496413756208199 ], [ 128.465579769103101, 42.499379761474614 ], [ 128.461741527042193, 42.501982552380902 ], [ 128.457420189328161, 42.50416469848269 ], [ 128.455862001643709, 42.505687076869954 ], [ 128.454561040860256, 42.507367262476748 ], [ 128.452831440890435, 42.508846073548241 ], [ 128.451611489507087, 42.509118066508044 ], [ 128.450487760039579, 42.508671054174499 ], [ 128.44987919079648, 42.507783386751719 ], [ 128.449565674840301, 42.506827634569845 ], [ 128.4492524388086, 42.504930583930403 ], [ 128.448752723950861, 42.503041301267494 ], [ 128.447943090377322, 42.501200689857619 ], [ 128.44683785990054, 42.499452168267112 ], [ 128.445432813455625, 42.497822503191905 ], [ 128.443720896951191, 42.496369982587638 ], [ 128.441703257415668, 42.49515814059113 ], [ 128.439710827705028, 42.493900991892239 ], [ 128.438320213391279, 42.492273051068864 ], [ 128.438265269437693, 42.491803014274041 ], [ 128.438514554423733, 42.491359398298684 ], [ 128.439546486265868, 42.490730945181483 ], [ 128.442095378946675, 42.490434082947331 ], [ 128.444740991873971, 42.490388413543577 ], [ 128.445781071870897, 42.489867857187654 ], [ 128.446417940637303, 42.488987796214275 ], [ 128.446926144588616, 42.487101229402754 ], [ 128.447142258834333, 42.485178474548675 ], [ 128.446810130243648, 42.483264983523313 ], [ 128.447216534120685, 42.481364735485656 ], [ 128.44620459225726, 42.477530556091644 ], [ 128.4463624474715, 42.476592596920874 ], [ 128.446886371256568, 42.475710185413362 ], [ 128.447716997968683, 42.474949458441621 ], [ 128.448758599801351, 42.474359171450338 ], [ 128.451103914229833, 42.47355632333111 ], [ 128.452306067806063, 42.473109033114632 ], [ 128.452780497504449, 42.47277849368583 ], [ 128.452978423675631, 42.472329344726496 ], [ 128.452594398168117, 42.471414383047012 ], [ 128.451750634312702, 42.470663315115047 ], [ 128.449659698496049, 42.46951646450583 ], [ 128.447247900071289, 42.468675842365229 ], [ 128.44667829846631, 42.467874753721318 ], [ 128.446682970115916, 42.466856929327385 ], [ 128.448460412434514, 42.463234649439542 ], [ 128.449178390462265, 42.461362990825464 ], [ 128.449249897364524, 42.45945183084735 ], [ 128.448784582913788, 42.457531610535931 ], [ 128.448798070905923, 42.455620969061492 ], [ 128.449262056293264, 42.454708473324636 ], [ 128.450022065641122, 42.453926491864806 ], [ 128.452199649234217, 42.452860447360194 ], [ 128.454738076588256, 42.452224667028624 ], [ 128.455894357372102, 42.451851338971707 ], [ 128.456848856637293, 42.45127282389911 ], [ 128.457661805423584, 42.45041183500976 ], [ 128.457846694149936, 42.449950774422717 ], [ 128.457402653276489, 42.449720863838962 ], [ 128.454693872039286, 42.449665955871943 ], [ 128.453410416403756, 42.44945045612188 ], [ 128.452377903777801, 42.448886871698768 ], [ 128.451387712211385, 42.447067290224147 ], [ 128.451141878312512, 42.445170138563519 ], [ 128.451568830064815, 42.443277130665209 ], [ 128.452148283738865, 42.441379279698857 ], [ 128.452293107123893, 42.439460508769777 ], [ 128.451766324189236, 42.437507325123626 ], [ 128.45196508126233, 42.43660581748928 ], [ 128.452581782322568, 42.435747003778523 ], [ 128.452839781292283, 42.434800478661053 ], [ 128.452736791552013, 42.433823572581645 ], [ 128.452254231418067, 42.431933462424759 ], [ 128.45234007019954, 42.430001299466625 ], [ 128.453223735064967, 42.428167783282412 ], [ 128.4549018510358, 42.426712905336387 ], [ 128.456947831713137, 42.42550956688796 ], [ 128.458774171587322, 42.424132631929844 ], [ 128.460135381463829, 42.422486401457938 ], [ 128.460482880636448, 42.420583844720504 ], [ 128.46033768521923, 42.418647656544159 ], [ 128.460095976343325, 42.416733132001305 ], [ 128.460133252404688, 42.414810719131687 ], [ 128.461192440812113, 42.413046966753633 ], [ 128.461718040201191, 42.412179980453061 ], [ 128.461955232200239, 42.411230717194954 ], [ 128.462880341128283, 42.409425976896841 ], [ 128.462969993381307, 42.407506773175463 ], [ 128.463337787200771, 42.406578393300485 ], [ 128.464036184685369, 42.405763679216264 ], [ 128.465903865789016, 42.404418177906486 ], [ 128.466517773529745, 42.403570180424438 ], [ 128.466474512042225, 42.402608788904438 ], [ 128.465835267004081, 42.401777607864084 ], [ 128.464806136911704, 42.401185392371161 ], [ 128.463763389203933, 42.400615591138674 ], [ 128.462949129071916, 42.399858152264166 ], [ 128.462313542591431, 42.399005189647582 ], [ 128.461319292687961, 42.398378173081511 ], [ 128.46049179474025, 42.397696715207665 ], [ 128.460245272180885, 42.396716917843904 ], [ 128.45985389055258, 42.395798195173953 ], [ 128.459200520709459, 42.394986249747973 ], [ 128.457830723657594, 42.393315899885842 ], [ 128.457587223926708, 42.392356502806223 ], [ 128.457845705868806, 42.391413150292642 ], [ 128.458590976819067, 42.390620307337549 ], [ 128.459662008633899, 42.390062128689131 ], [ 128.462133938037795, 42.389469656029739 ], [ 128.467215551141862, 42.388659585751455 ], [ 128.470674421295911, 42.387877255504847 ], [ 128.472144694989538, 42.387429059962464 ], [ 128.47418111715632, 42.386233433365355 ], [ 128.475885107998408, 42.384746814872337 ], [ 128.477768450758873, 42.383455432401405 ], [ 128.479897710546624, 42.382323136273492 ], [ 128.480741338632981, 42.381597984693336 ], [ 128.481285048331813, 42.380732342141329 ], [ 128.482134451852062, 42.378885612625631 ], [ 128.484571839668149, 42.375482034861065 ], [ 128.48768311645901, 42.372393145999432 ], [ 128.491609851646757, 42.369883078732293 ], [ 128.493567766199106, 42.368653870733439 ], [ 128.494338123373495, 42.367853944344105 ], [ 128.494786961841044, 42.367390110482901 ], [ 128.494694346411222, 42.367052988523987 ], [ 128.493364096391105, 42.366728715333466 ], [ 128.492348621242371, 42.366189449024944 ], [ 128.491741258166428, 42.365316745183591 ], [ 128.491765402620842, 42.364357821280755 ], [ 128.493736927398572, 42.360788052439894 ], [ 128.494733773487326, 42.358999432084836 ], [ 128.495419482439104, 42.357194429108816 ], [ 128.495379907208047, 42.356138557926414 ], [ 128.495133718998858, 42.355701217786773 ], [ 128.494598700558385, 42.355599176572881 ], [ 128.493249788114724, 42.355956652205975 ], [ 128.492200299214716, 42.356458738006154 ], [ 128.490718873033558, 42.358058389563197 ], [ 128.489748371386042, 42.359853401424175 ], [ 128.488810491556393, 42.361640672702002 ], [ 128.487536548898788, 42.363324834389495 ], [ 128.486012425160652, 42.364894945129045 ], [ 128.484976089465732, 42.366655775939535 ], [ 128.483960287893183, 42.368409010072469 ], [ 128.482201025320791, 42.369841895658354 ], [ 128.480390351119752, 42.371274221943082 ], [ 128.47882913458173, 42.372823499441466 ], [ 128.477632220630056, 42.374516128455141 ], [ 128.476750918470572, 42.376327880316133 ], [ 128.47573033887619, 42.378105805684264 ], [ 128.474238363168809, 42.379679364617921 ], [ 128.472792076548984, 42.381281875796191 ], [ 128.471143397595966, 42.382750159269023 ], [ 128.466645645871353, 42.384926119365161 ], [ 128.465687301508808, 42.385400321631792 ], [ 128.464521251244548, 42.385781362287055 ], [ 128.461875822270116, 42.385819655184015 ], [ 128.460648963348319, 42.386034887376397 ], [ 128.459497313617561, 42.386494748693174 ], [ 128.457816214223783, 42.386944810921463 ], [ 128.455577397390044, 42.386859433827517 ], [ 128.454434164885811, 42.386506427941043 ], [ 128.452817732279925, 42.384959855037373 ], [ 128.451450461122818, 42.383333944035648 ], [ 128.450400082846983, 42.381567569417463 ], [ 128.449604180576245, 42.379728011889561 ], [ 128.448375185223597, 42.378050502320178 ], [ 128.445241970206837, 42.374929570243722 ], [ 128.44323717226996, 42.371394645133996 ], [ 128.442156597304034, 42.369674435005749 ], [ 128.442023511765399, 42.367725044131326 ], [ 128.442501002401343, 42.36385685443571 ], [ 128.443188054452662, 42.362011913247422 ], [ 128.444345050294629, 42.360273677682009 ], [ 128.445900861930539, 42.35870166921827 ], [ 128.447133031093813, 42.357044351034162 ], [ 128.448273776964129, 42.352741356503685 ], [ 128.4485306519218, 42.349404821403688 ], [ 128.447993941681091, 42.341694178401596 ], [ 128.448390410391852, 42.339790063191664 ], [ 128.449172260110572, 42.337944491511927 ], [ 128.450463192999507, 42.336266477011229 ], [ 128.452390824119419, 42.334952006371196 ], [ 128.454857801963783, 42.334189067027623 ], [ 128.455709052172182, 42.333544811332672 ], [ 128.456247096536742, 42.332634270234664 ], [ 128.457914867509402, 42.331156880651228 ], [ 128.458754846898728, 42.330434197514776 ], [ 128.459229698466515, 42.32954648556052 ], [ 128.459342054478867, 42.327585165579883 ], [ 128.459089664581541, 42.325676700214608 ], [ 128.459042202717171, 42.323747195629252 ], [ 128.458698517913206, 42.321851061287198 ], [ 128.45733308794189, 42.318102026080929 ], [ 128.456430206074032, 42.316307427815858 ], [ 128.45500851204693, 42.314694548582487 ], [ 128.453942347530159, 42.312943258248943 ], [ 128.453440510217945, 42.31105092490931 ], [ 128.453230712612253, 42.309130762782544 ], [ 128.453344375319148, 42.307185949879631 ], [ 128.454578211010414, 42.305514621982361 ], [ 128.45612338724348, 42.303950964652607 ], [ 128.457877885304896, 42.302542354513015 ], [ 128.460025061939092, 42.30144928800096 ], [ 128.464809968947577, 42.299936107011163 ], [ 128.466767799520738, 42.298687240524636 ], [ 128.469535094836232, 42.297297386557396 ], [ 128.473590336669645, 42.295935146701282 ], [ 128.475516923135757, 42.294654333925365 ], [ 128.477217379364959, 42.293185195953463 ], [ 128.47900612834664, 42.29178941508134 ], [ 128.481077624793329, 42.2906205204172 ], [ 128.485887689167726, 42.289190390436517 ], [ 128.488121752435859, 42.288216062763603 ], [ 128.490212315171703, 42.287022022943511 ], [ 128.492293079473711, 42.285823206434223 ], [ 128.494637181344046, 42.285071173086507 ], [ 128.49706348984779, 42.284398009282548 ], [ 128.499061518938248, 42.283161113103965 ], [ 128.500928555915152, 42.281828152231476 ], [ 128.50309907479101, 42.280767340435439 ], [ 128.50545306728651, 42.279944274330056 ], [ 128.507950475944625, 42.279404193764456 ], [ 128.510523539402499, 42.279468412875296 ], [ 128.513075971079786, 42.279975551323169 ], [ 128.514352009352308, 42.280090453140154 ], [ 128.515622268085224, 42.279929011434596 ], [ 128.517865264633258, 42.278976787726307 ], [ 128.519011931339662, 42.278494552614916 ], [ 128.520276423429891, 42.278363573896833 ], [ 128.522565434325543, 42.279273155562336 ], [ 128.523763439283982, 42.279633427273801 ], [ 128.524261722208735, 42.279367753691098 ], [ 128.524141733535629, 42.278878453120171 ], [ 128.52388137233072, 42.277928831938354 ], [ 128.524066150883499, 42.277498855949915 ], [ 128.524546653582775, 42.277260259244443 ], [ 128.527246307723573, 42.276757646685951 ], [ 128.529197463192958, 42.275534191011289 ], [ 128.52996735170197, 42.274701027697709 ], [ 128.530845899653997, 42.274040683038102 ], [ 128.533458550943095, 42.273865981471047 ], [ 128.534680473268509, 42.274061420454856 ], [ 128.535773619499679, 42.274615702582913 ], [ 128.538068703064084, 42.275510394133804 ], [ 128.540480271211635, 42.276278150301287 ], [ 128.541496631012507, 42.276865191740107 ], [ 128.541711677499279, 42.277811709610205 ], [ 128.541392012609577, 42.279726110964418 ], [ 128.541636705003299, 42.281643927290709 ], [ 128.544357113268291, 42.284931715725072 ], [ 128.545083913331325, 42.286779784533373 ], [ 128.546495703149333, 42.288388717374296 ], [ 128.548624748081579, 42.289487587144002 ], [ 128.550517057449611, 42.290797683653317 ], [ 128.551670384449494, 42.291314746420802 ], [ 128.552934023760656, 42.291299954700371 ], [ 128.553934912548442, 42.290685921712701 ], [ 128.554701143737134, 42.289903938472968 ], [ 128.555720662575368, 42.289286207052463 ], [ 128.556947849757023, 42.288929424669369 ], [ 128.55825606110335, 42.288873524237658 ], [ 128.559537654064968, 42.289086262585506 ], [ 128.561743335916987, 42.290110237992124 ], [ 128.563455490824794, 42.291558802370794 ], [ 128.564886993029802, 42.29318754181601 ], [ 128.566716072794293, 42.29450221171038 ], [ 128.568945919030909, 42.295525459460073 ], [ 128.570787445660358, 42.296890833421827 ], [ 128.572054409610388, 42.298574594272274 ], [ 128.572837171867064, 42.300412324982261 ], [ 128.573712367320496, 42.304219031307291 ], [ 128.574327191177332, 42.30609119723114 ], [ 128.574847491716895, 42.306980668526123 ], [ 128.575645413219036, 42.307732875812626 ], [ 128.577454985807748, 42.309097994034047 ], [ 128.578293666947047, 42.309851161082314 ], [ 128.579455070006361, 42.310213705874737 ], [ 128.582034414513174, 42.309916119954927 ], [ 128.583335470948072, 42.309887517984471 ], [ 128.58460830132077, 42.310125041416832 ], [ 128.585691699136135, 42.310663406304485 ], [ 128.586430660949247, 42.311449528787747 ], [ 128.587322794327093, 42.313283413739953 ], [ 128.587909770818669, 42.315105199208908 ], [ 128.588100022546541, 42.316322399414624 ], [ 128.588263679882346, 42.317800774391962 ], [ 128.588580296348312, 42.319340838809786 ], [ 128.589252479056569, 42.320737473781826 ], [ 128.590406681351681, 42.322074741935346 ], [ 128.591061051275403, 42.323570266675013 ], [ 128.591388107093223, 42.325136256847536 ], [ 128.591337547142928, 42.32670823673373 ], [ 128.591660386479788, 42.328268393692802 ], [ 128.592649912098466, 42.329700519011105 ], [ 128.593078484352588, 42.329911705467403 ], [ 128.593525603912269, 42.329855967342205 ], [ 128.594262474705289, 42.329183619978529 ], [ 128.594768357038163, 42.327659030276003 ], [ 128.595787766082026, 42.32625592429936 ], [ 128.596529359110349, 42.325646211367832 ], [ 128.596754422858879, 42.324932213501853 ], [ 128.596793978704028, 42.32412799976251 ], [ 128.597485222912752, 42.32353094464807 ], [ 128.598545815288475, 42.323448695971592 ], [ 128.599598426330516, 42.323719195179329 ], [ 128.601258205915173, 42.324691818588263 ], [ 128.604489193879658, 42.326733587762362 ], [ 128.606417918296245, 42.327400309197301 ], [ 128.608087514381538, 42.328362581510845 ], [ 128.609832393819062, 42.329262220511325 ], [ 128.611865078394658, 42.329726870695666 ], [ 128.616100327406514, 42.330051598632075 ], [ 128.618041922505654, 42.330692368698841 ], [ 128.620062041156217, 42.331145448805657 ], [ 128.621126737720743, 42.331158182170398 ], [ 128.62173700309063, 42.330549843264905 ], [ 128.622573479699383, 42.328990016954357 ], [ 128.623296757044926, 42.328502299798551 ], [ 128.624256646253656, 42.328153804429121 ], [ 128.625028442182611, 42.327588542881685 ], [ 128.624652680021967, 42.326878856397521 ], [ 128.620616016097216, 42.325929631981509 ], [ 128.618514114875751, 42.326029531027018 ], [ 128.616425251797239, 42.326254194870423 ], [ 128.614263523593991, 42.326365516508716 ], [ 128.61323558444451, 42.326230631468185 ], [ 128.612378600672855, 42.325768258078128 ], [ 128.610452490523727, 42.325124766046663 ], [ 128.608412974755083, 42.324659004927582 ], [ 128.606614847586286, 42.323857273129889 ], [ 128.604987735659677, 42.322821595472746 ], [ 128.601749570153459, 42.320738959466553 ], [ 128.598508682088635, 42.318708626028496 ], [ 128.595636533401546, 42.316369974625729 ], [ 128.593311457817606, 42.313714974072475 ], [ 128.590895781549648, 42.31114928343716 ], [ 128.584607266434375, 42.306864890491262 ], [ 128.581872097465833, 42.304462314733691 ], [ 128.5798056341267, 42.301702688922227 ], [ 128.578450511291152, 42.298707594161748 ], [ 128.5768201603845, 42.295814078674539 ], [ 128.571932181764424, 42.290644355474747 ], [ 128.569136993949485, 42.288267976717627 ], [ 128.565970884137414, 42.286153165238638 ], [ 128.562298657650189, 42.284576298964204 ], [ 128.558250549415874, 42.283629074180141 ], [ 128.554043816039524, 42.283131837261195 ], [ 128.551950432921899, 42.28286299798966 ], [ 128.54994263983707, 42.282365310989761 ], [ 128.548126443255967, 42.281534728942148 ], [ 128.546682308732699, 42.280361933633252 ], [ 128.545851419784327, 42.278924451045796 ], [ 128.545314858346018, 42.277389416109685 ], [ 128.544528586120549, 42.275924720333954 ], [ 128.543352363503544, 42.274599983319071 ], [ 128.541753274025638, 42.273565010070442 ], [ 128.539893715489455, 42.272788471611236 ], [ 128.538209060081897, 42.271876986618508 ], [ 128.536691815777317, 42.270746538463719 ], [ 128.535009969093096, 42.269685072694749 ], [ 128.534080102068685, 42.269384000982051 ], [ 128.533092704024824, 42.269336142446576 ], [ 128.528786169162146, 42.270047065969926 ], [ 128.52666730300308, 42.269880685084239 ], [ 128.524886934361717, 42.269008923970425 ], [ 128.523971689504378, 42.267654998059776 ], [ 128.523714625544557, 42.266071058082936 ], [ 128.523117003954638, 42.264464855871942 ], [ 128.522274370868729, 42.26410789585924 ], [ 128.521155649977317, 42.264193623742628 ], [ 128.520170074502261, 42.264561380050594 ], [ 128.519408004920507, 42.265098431799807 ], [ 128.51812633034595, 42.266360351601953 ], [ 128.514846436941042, 42.268342436404509 ], [ 128.511656004621358, 42.270463125375962 ], [ 128.509751609661265, 42.271091760125053 ], [ 128.507604925898846, 42.271014138996819 ], [ 128.505568245848394, 42.270468034613934 ], [ 128.503815515134448, 42.269572237603143 ], [ 128.502426025083793, 42.268391375823064 ], [ 128.501334167892907, 42.267025292164959 ], [ 128.497848827575638, 42.261252939007662 ], [ 128.495871532049193, 42.25844066856483 ], [ 128.493476644280008, 42.255992188732542 ], [ 128.492594638540339, 42.255336436997503 ], [ 128.491649815517064, 42.254877671443161 ], [ 128.491281360250269, 42.254974013131317 ], [ 128.491024158533122, 42.255315096634021 ], [ 128.490787817037216, 42.256193839710683 ], [ 128.491099227094338, 42.257703601149849 ], [ 128.491827335981668, 42.259201203836419 ], [ 128.492742211871331, 42.262279143214919 ], [ 128.493340593135599, 42.263788197929841 ], [ 128.494341732331748, 42.265183170187377 ], [ 128.496507950573999, 42.267882319593845 ], [ 128.497000873550263, 42.269421869934654 ], [ 128.497060623389046, 42.271023040896594 ], [ 128.496722216914094, 42.27258809719946 ], [ 128.495918183161848, 42.274043660597563 ], [ 128.494668680310383, 42.275333292394421 ], [ 128.493108957196512, 42.276416557180973 ], [ 128.486063312845658, 42.279948845026134 ], [ 128.482532711694546, 42.281689295383558 ], [ 128.478779602807009, 42.283144982610189 ], [ 128.471142003597151, 42.285937126122732 ], [ 128.467771400278082, 42.287839810991791 ], [ 128.464804821294194, 42.290108975144044 ], [ 128.462224408121273, 42.292626289251629 ], [ 128.460990790996476, 42.293922318655333 ], [ 128.459383558194133, 42.294921167133765 ], [ 128.457368870946567, 42.295461767789831 ], [ 128.455247475658581, 42.295603894117214 ], [ 128.453119325347018, 42.295644238274789 ], [ 128.451038564494581, 42.295925521440864 ], [ 128.44916027975836, 42.296673122698273 ], [ 128.447757577054375, 42.297873442743139 ], [ 128.446932670970739, 42.299343584217922 ], [ 128.446621028426506, 42.300908992595225 ], [ 128.446449413624947, 42.304019589060232 ], [ 128.446705984190288, 42.30728414491923 ], [ 128.446550944901276, 42.308047612178505 ], [ 128.445925924355464, 42.308643699795525 ], [ 128.444916291482144, 42.308964568859629 ], [ 128.443865693204572, 42.308906085948664 ], [ 128.44307148816236, 42.308447025053461 ], [ 128.442531756685582, 42.307718458132221 ], [ 128.441962083155062, 42.306062528978821 ], [ 128.441885851044958, 42.302966400921775 ], [ 128.442245818043205, 42.299855704495755 ], [ 128.442477820036203, 42.296894054375201 ], [ 128.442777615637823, 42.293519687802565 ], [ 128.44257095848306, 42.291951764365258 ], [ 128.441917724021181, 42.290444980542688 ], [ 128.440812129654489, 42.289083918090327 ], [ 128.439420472706587, 42.287886121050988 ], [ 128.438310456618268, 42.286559825540955 ], [ 128.437464068429165, 42.285101068447531 ], [ 128.436421301297543, 42.28374249981124 ], [ 128.435050255779799, 42.282545356001108 ], [ 128.432234059635448, 42.280144373331822 ], [ 128.431407564741278, 42.278707405517281 ], [ 128.43107877559757, 42.277141513290402 ], [ 128.430930335347654, 42.273996089792462 ], [ 128.430840840871468, 42.272386773718871 ], [ 128.430344619111992, 42.270867115260813 ], [ 128.4303456191397, 42.270867115251967 ], [ 128.428140137411418, 42.26817756179436 ], [ 128.426856436892365, 42.265189906252175 ], [ 128.426380247706192, 42.264375985428032 ], [ 128.42569071280559, 42.263782028621186 ], [ 128.424674328902739, 42.26378757840758 ], [ 128.424016906037025, 42.264392030532029 ], [ 128.423402577226568, 42.265912020480464 ], [ 128.422480543795899, 42.267333909173203 ], [ 128.419472567858634, 42.270430883080216 ], [ 128.419471567830954, 42.270430883089048 ], [ 128.418309381509147, 42.272793207755491 ], [ 128.416824317610889, 42.273920928737027 ] ], [ [ 128.420150645992322, 42.534101746689636 ], [ 128.420149645964557, 42.534101746698504 ], [ 128.420150514522533, 42.534101704756935 ], [ 128.420150645992322, 42.534101746689636 ] ] ], [ [ [ 128.12250324355972, 42.595239866038817 ], [ 128.122503403806462, 42.595239649375984 ], [ 128.122502243531812, 42.595239866047635 ], [ 128.12250324355972, 42.595239866038817 ] ] ] ] } },
{ "type": "Feature", "properties": { "DSN": "屯田营组下段                            ", "DSO": "J↓2→t↑1          ", "DSO_TXT": "J2t-1", "CHFCAC": "K5215D01D00002", "SHEET": "K5215" }, "geometry": { "type": "MultiPolygon", "coordinates": [ [ [ [ 128.425075648819529, 42.370781380124605 ], [ 128.423048084354321, 42.37002196007748 ], [ 128.421231321941519, 42.369801528140094 ], [ 128.419652242949866, 42.370056251460753 ], [ 128.418653233866763, 42.370471921116255 ], [ 128.417906952106478, 42.371105230536259 ], [ 128.417409465852671, 42.371884890948031 ], [ 128.416961067301798, 42.373559304489277 ], [ 128.417026268889828, 42.375244109349076 ], [ 128.416938208023225, 42.377084997290289 ], [ 128.417138713025082, 42.378818268876465 ], [ 128.417138713025082, 42.378818268876465 ], [ 128.419146464097594, 42.378032593815277 ], [ 128.421754405749368, 42.376686856020633 ], [ 128.422704086409254, 42.375745307423415 ], [ 128.423350633929715, 42.374663477407232 ], [ 128.424124032300227, 42.372381035551314 ], [ 128.425075648819529, 42.370781380124605 ] ] ] ] } },
{ "type": "Feature", "properties": { "DSN": "屯田营组下段                            ", "DSO": "J↓2→t↑1          ", "DSO_TXT": "J2t-1", "CHFCAC": "K5215D01D00003", "SHEET": "K5215" }, "geometry": { "type": "MultiPolygon", "coordinates": [ [ [ [ 128.417671137381177, 42.386903642679201 ], [ 128.417732000651313, 42.388626431465163 ], [ 128.417860533031984, 42.38955699690937 ], [ 128.418409497932942, 42.390410715257389 ], [ 128.419665437788836, 42.392049198912396 ], [ 128.420405488300901, 42.393853359731501 ], [ 128.421579733391866, 42.395528790319432 ], [ 128.422629514311637, 42.396066192271988 ], [ 128.423854007018434, 42.395929532233232 ], [ 128.425882516404016, 42.394776049888748 ], [ 128.427394296311491, 42.39325377190054 ], [ 128.428951330719713, 42.391759593065892 ], [ 128.430972597747484, 42.390615590042664 ], [ 128.433158833472163, 42.389638881951633 ], [ 128.434064358488371, 42.388963664559391 ], [ 128.434661238660084, 42.388122740241542 ], [ 128.43485011157324, 42.38719188754542 ], [ 128.434727710651345, 42.386235720894966 ], [ 128.434351401887056, 42.385331678076405 ], [ 128.433596276527737, 42.384577913876456 ], [ 128.431639385979793, 42.383352359856666 ], [ 128.430212263716385, 42.381796727779111 ], [ 128.430212263716385, 42.381796727779111 ], [ 128.42694650807428, 42.382671729589028 ], [ 128.421437608022813, 42.384994489407674 ], [ 128.419054799645124, 42.38652301154179 ], [ 128.417671137381177, 42.386903642679201 ] ] ] ] } },
{ "type": "Feature", "properties": { "DSN": "冰场组                                  ", "DSO": "τQ↓4↑            ", "DSO_TXT": "τQ4", "CHFCAC": "K5215D01D00004", "SHEET": "K5215" }, "geometry": { "type": "MultiPolygon", "coordinates": [ [ [ [ 128.060910692964455, 42.022360689537791 ], [ 128.058938647314108, 42.022672541634186 ], [ 128.05678066925114, 42.023226310622263 ], [ 128.054304218651538, 42.024391844495462 ], [ 128.053470233603548, 42.025515677033759 ], [ 128.053470233603548, 42.025515677033759 ], [ 128.053338333649521, 42.025230751383475 ], [ 128.053162049998065, 42.02482989643925 ], [ 128.052895556801587, 42.024268237621285 ], [ 128.052328869198021, 42.023848170795659 ], [ 128.050856784327664, 42.023366337955537 ], [ 128.050443683512952, 42.02221565047693 ], [ 128.049558210885607, 42.021244604492367 ], [ 128.04813404543134, 42.020702840088546 ], [ 128.046581000919275, 42.02041798665465 ], [ 128.044999539476748, 42.020224865330782 ], [ 128.044326123169441, 42.019904561704344 ], [ 128.043981790564118, 42.019378092288491 ], [ 128.04433721188559, 42.017012408815553 ], [ 128.044177616876652, 42.015814920550653 ], [ 128.042926214551443, 42.015091295807011 ], [ 128.041739917848957, 42.014322390908944 ], [ 128.04103817972981, 42.013249933296763 ], [ 128.039447755913869, 42.011184876304014 ], [ 128.039447755913869, 42.011184876304014 ], [ 128.039603431499216, 42.01303788474614 ], [ 128.039728280653748, 42.014046193550435 ], [ 128.040424293401912, 42.014942474366038 ], [ 128.041020569749662, 42.015855431988179 ], [ 128.041217068557074, 42.016866206103629 ], [ 128.041225618039846, 42.018910018903306 ], [ 128.041420414509105, 42.019930554521181 ], [ 128.042078928214295, 42.020809714332863 ], [ 128.044262063808077, 42.022056636401089 ], [ 128.049229630052253, 42.023784916937565 ], [ 128.049996014043728, 42.024603256803175 ], [ 128.050150674886936, 42.025632056858456 ], [ 128.049642569125155, 42.02763298616528 ], [ 128.050100613717262, 42.028585838739865 ], [ 128.051412184966324, 42.028826496341964 ], [ 128.052771541770994, 42.028740327120886 ], [ 128.05404622233965, 42.028373642464196 ], [ 128.058431574056669, 42.025970591355382 ], [ 128.059205704556717, 42.025114309406327 ], [ 128.059709722043266, 42.024167811889463 ], [ 128.060910692964455, 42.022360689537791 ] ] ] ] } },
{ "type": "Feature", "properties": { "DSN": "白头山组                                ", "DSO": "τQ↓2              ", "DSO_TXT": "τQ2", "CHFCAC": "K5215D01D00005", "SHEET": "K5215" }, "geometry": { "type": "MultiPolygon", "coordinates": [ [ [ [ 128.079005970254144, 42.018723071185562 ], [ 128.079006673555313, 42.018723282688967 ], [ 128.079006970281796, 42.018723071176858 ], [ 128.079005970254144, 42.018723071185562 ] ] ], [ [ [ 128.079006673555313, 42.018723282688967 ], [ 128.076770862336417, 42.020317010111839 ], [ 128.073548506660359, 42.021397164560831 ], [ 128.071781478111063, 42.021511686200078 ], [ 128.070134147432157, 42.021029601043423 ], [ 128.066866402189703, 42.019996088373006 ], [ 128.065787120631455, 42.020933571941256 ], [ 128.064461045487491, 42.021602804376933 ], [ 128.0629764264946, 42.022052102901718 ], [ 128.060910692964455, 42.022360689537791 ], [ 128.059709722043266, 42.024167811889463 ], [ 128.059205704556717, 42.025114309406327 ], [ 128.058431574056669, 42.025970591355382 ], [ 128.05404622233965, 42.028373642464196 ], [ 128.052771541770994, 42.028740327120886 ], [ 128.051412184966324, 42.028826496341964 ], [ 128.050100613717262, 42.028585838739865 ], [ 128.049642569125155, 42.02763298616528 ], [ 128.050150674886936, 42.025632056858456 ], [ 128.049996014043728, 42.024603256803175 ], [ 128.049229630052253, 42.023784916937565 ], [ 128.044262063808077, 42.022056636401089 ], [ 128.042078928214295, 42.020809714332863 ], [ 128.041420414509105, 42.019930554521181 ], [ 128.041225618039846, 42.018910018903306 ], [ 128.041217068557074, 42.016866206103629 ], [ 128.041020569749662, 42.015855431988179 ], [ 128.040424293401912, 42.014942474366038 ], [ 128.039728280653748, 42.014046193550435 ], [ 128.039603431499216, 42.01303788474614 ], [ 128.039447755913869, 42.011184876304014 ], [ 128.038411482675343, 42.01027819068532 ], [ 128.037955436722768, 42.009133099881517 ], [ 128.037893792408681, 42.007940189939987 ], [ 128.038168162342146, 42.006772030133945 ], [ 128.038605936471413, 42.005617013788076 ], [ 128.038560067056125, 42.004431681918419 ], [ 128.038120536573842, 42.003282435848497 ], [ 128.038144771561264, 42.002676451721001 ], [ 128.038583442899949, 42.002194183088911 ], [ 128.039784216146359, 42.001390891242544 ], [ 128.040213361649137, 42.000893157610435 ], [ 128.040325312786109, 42.000300880143364 ], [ 128.000998075663887, 42.000265128784008 ], [ 128.001000389827198, 42.080923992989092 ], [ 128.002465091740135, 42.080241716443197 ], [ 128.004187979613931, 42.079783185358664 ], [ 128.007859902929795, 42.079669730790641 ], [ 128.011459638567771, 42.080197139582673 ], [ 128.013044324528806, 42.080881555155763 ], [ 128.014457469443158, 42.081800373891085 ], [ 128.015356590913541, 42.082968339396778 ], [ 128.015946094920054, 42.084268732514829 ], [ 128.017242126353523, 42.085239934399304 ], [ 128.019000595540064, 42.085629320978526 ], [ 128.022688658195108, 42.085596853945958 ], [ 128.026194650632789, 42.084781854401335 ], [ 128.032968276487594, 42.08265779238689 ], [ 128.036526845758942, 42.081970940356371 ], [ 128.040167707251015, 42.081605474192301 ], [ 128.047519594440018, 42.081660071822967 ], [ 128.049347291848534, 42.081544444430669 ], [ 128.051122215086082, 42.081170569197901 ], [ 128.054321245467008, 42.079830719460553 ], [ 128.055729405082531, 42.078940601264449 ], [ 128.056763613111201, 42.07781955807318 ], [ 128.057362851820926, 42.076514345786144 ], [ 128.057638650586227, 42.075159400582443 ], [ 128.057408688446344, 42.072429853773016 ], [ 128.056591193410583, 42.069766680700212 ], [ 128.056178613322658, 42.068431461858943 ], [ 128.056095340579304, 42.067065254701319 ], [ 128.055865366540644, 42.06434931143712 ], [ 128.055103741722547, 42.061640690742628 ], [ 128.054457429916852, 42.06037822048193 ], [ 128.053462247182694, 42.059228091018987 ], [ 128.05268507661367, 42.057985088400144 ], [ 128.052344446890771, 42.056594580786019 ], [ 128.052638905301137, 42.056459498471767 ], [ 128.053125094444653, 42.056595558674047 ], [ 128.053905133594611, 42.056942525671012 ], [ 128.054797379694776, 42.056936458376931 ], [ 128.055624756738922, 42.056623504242125 ], [ 128.056276234220633, 42.056159064585522 ], [ 128.05647286831055, 42.055481004033474 ], [ 128.056580126875957, 42.054102298616243 ], [ 128.056183029236706, 42.051394250387347 ], [ 128.055942747042366, 42.048667719254105 ], [ 128.055997006201238, 42.045921617009007 ], [ 128.056445194804411, 42.044577497796695 ], [ 128.056974329616821, 42.044057388504612 ], [ 128.057856642909229, 42.044253551460002 ], [ 128.05850883913152, 42.044802527449392 ], [ 128.058801857050753, 42.045451000544489 ], [ 128.059128325799293, 42.046809258663927 ], [ 128.061011557649636, 42.05209173729493 ], [ 128.061928854513638, 42.054741447700792 ], [ 128.062319186815699, 42.057462157015095 ], [ 128.062840391834754, 42.062915337748848 ], [ 128.06346922641626, 42.065620827676938 ], [ 128.064685642270632, 42.068187625151907 ], [ 128.066803200533968, 42.07045484725441 ], [ 128.069545041347396, 42.07224553308798 ], [ 128.071222006163197, 42.072852257734006 ], [ 128.07217341333569, 42.073015287992625 ], [ 128.072966580665565, 42.072815346563509 ], [ 128.075132950093689, 42.070553233599796 ], [ 128.075883869305471, 42.070195205088361 ], [ 128.0768090344732, 42.070116373251182 ], [ 128.078623982841151, 42.070455911835609 ], [ 128.081203951340711, 42.072386690236605 ], [ 128.083017276381042, 42.072562031850801 ], [ 128.08483723910328, 42.072286170946008 ], [ 128.088281155102322, 42.071351044812367 ], [ 128.089845166861409, 42.070637350231898 ], [ 128.091524421555761, 42.070069452504448 ], [ 128.092419929795483, 42.070038300052587 ], [ 128.093213923020528, 42.070254048391675 ], [ 128.094513979011452, 42.071231591028649 ], [ 128.096540179394367, 42.073785034386518 ], [ 128.099018102297435, 42.075785287539738 ], [ 128.100144642785864, 42.076853417341304 ], [ 128.100874974682228, 42.078106976649572 ], [ 128.102094835539447, 42.080696814063742 ], [ 128.103068202949913, 42.083356628230192 ], [ 128.103519021394305, 42.084670865998099 ], [ 128.104664520683514, 42.085793636524151 ], [ 128.105046343190367, 42.085854032326267 ], [ 128.105336491348481, 42.085584544805748 ], [ 128.105656650976613, 42.084907217911969 ], [ 128.105704421442027, 42.083569492030243 ], [ 128.105301346039511, 42.080839453979742 ], [ 128.104940692227018, 42.079500567192049 ], [ 128.105072338435235, 42.078130968596604 ], [ 128.105313178889361, 42.075409357937843 ], [ 128.10455859818137, 42.072731369942638 ], [ 128.104097932544306, 42.071404248964349 ], [ 128.103355624989405, 42.070153845685198 ], [ 128.102842598777016, 42.068846528191386 ], [ 128.102700168025649, 42.068151560937906 ], [ 128.102856253661173, 42.067820097885757 ], [ 128.10323360073059, 42.067761123727202 ], [ 128.104944092844249, 42.068433344324724 ], [ 128.106190834865941, 42.06939959550256 ], [ 128.107460019990953, 42.070381067380573 ], [ 128.108301044278562, 42.070704616708156 ], [ 128.10903721897472, 42.070332662665152 ], [ 128.109386368656573, 42.069694544198683 ], [ 128.109440627507553, 42.069017682644642 ], [ 128.109133912154647, 42.067658918202781 ], [ 128.108366747408922, 42.062212912409208 ], [ 128.107677256410796, 42.060957845683632 ], [ 128.106650150929426, 42.059815911567057 ], [ 128.105734470445583, 42.058626128521077 ], [ 128.105114303376922, 42.057338277832855 ], [ 128.103634537971487, 42.054843981640204 ], [ 128.103108723059023, 42.053548061626074 ], [ 128.102038014152669, 42.052427065107544 ], [ 128.101212210796803, 42.051204956558045 ], [ 128.100873967424832, 42.050568612559942 ], [ 128.100915410214725, 42.050208195763958 ], [ 128.101204470956787, 42.050020475961489 ], [ 128.103074543594175, 42.05041515170614 ], [ 128.104432046283307, 42.05126385603419 ], [ 128.10946634552468, 42.055279910892502 ], [ 128.111616394163605, 42.057492042192159 ], [ 128.112468477924978, 42.058726359685039 ], [ 128.113586902255406, 42.059770587326632 ], [ 128.114444257528362, 42.059867909210617 ], [ 128.11422421107514, 42.059188990383092 ], [ 128.113536693413806, 42.057802283651405 ], [ 128.112153048268851, 42.055340662885428 ], [ 128.111409250973509, 42.054101057105527 ], [ 128.110972809402938, 42.052768572351916 ], [ 128.110126792719768, 42.051551795933285 ], [ 128.108878357394843, 42.050549201911913 ], [ 128.105982564955468, 42.048872330580977 ], [ 128.102901250605157, 42.047385367716011 ], [ 128.101490364029786, 42.046499191668843 ], [ 128.100291766241071, 42.045453867367762 ], [ 128.099452798784284, 42.044278399270553 ], [ 128.098893161668286, 42.042912827000279 ], [ 128.09946959434194, 42.042422681855584 ], [ 128.100313749032722, 42.042484211041263 ], [ 128.101866136342636, 42.043465856943051 ], [ 128.102625685127776, 42.043860872652559 ], [ 128.10348209981592, 42.044030021999248 ], [ 128.104415162747955, 42.043910451814241 ], [ 128.105143166385602, 42.043511919955968 ], [ 128.106031757239606, 42.042271630952726 ], [ 128.106915879814323, 42.042166694031131 ], [ 128.107434262429479, 42.042657439305444 ], [ 128.107615832996544, 42.044155466436941 ], [ 128.107928518314395, 42.044779107972147 ], [ 128.108534490468685, 42.045257682924138 ], [ 128.110303448263835, 42.045702199467854 ], [ 128.111208231390322, 42.045610048112252 ], [ 128.112012651677986, 42.04526744518023 ], [ 128.113016132797981, 42.044137069269922 ], [ 128.113528003035327, 42.042800142780749 ], [ 128.114215977024344, 42.04152551157005 ], [ 128.115342367688442, 42.040432777499561 ], [ 128.116927189148186, 42.03973152469176 ], [ 128.118760880883286, 42.039619296281295 ], [ 128.122412560596302, 42.040076274047678 ], [ 128.123329480963889, 42.039999487495663 ], [ 128.124100908340665, 42.039657261153863 ], [ 128.125048367458561, 42.038466600933845 ], [ 128.125296775648081, 42.037116330639549 ], [ 128.12524867517547, 42.035743987180723 ], [ 128.125460086248154, 42.034389924542516 ], [ 128.126321281383269, 42.033176660463774 ], [ 128.127078572015961, 42.032792980950447 ], [ 128.127998386410724, 42.03265330300308 ], [ 128.129756206248203, 42.033039762228945 ], [ 128.132686802856455, 42.034693346187474 ], [ 128.13354849518538, 42.03495751248149 ], [ 128.134499522705937, 42.034983918970696 ], [ 128.135314286975074, 42.03470631023611 ], [ 128.135894900966491, 42.034165344759103 ], [ 128.137369226118579, 42.031642769250233 ], [ 128.137893077501644, 42.031055759426593 ], [ 128.138663499877055, 42.03072646490812 ], [ 128.140501088720441, 42.030787159801953 ], [ 128.141302526056052, 42.031126262192998 ], [ 128.141892610805257, 42.031647869017213 ], [ 128.142725108563269, 42.032874364750697 ], [ 128.143981039928292, 42.033870807159353 ], [ 128.145569569839751, 42.034535299523299 ], [ 128.147334890198181, 42.034921557324196 ], [ 128.148882895874493, 42.035659677857431 ], [ 128.151500969620713, 42.03758281584124 ], [ 128.1523829169424, 42.037753438380456 ], [ 128.153305659000466, 42.037568983357581 ], [ 128.153747784183622, 42.037038382647879 ], [ 128.153606702389425, 42.036313506543117 ], [ 128.152577536992879, 42.033668676123376 ], [ 128.152388690672154, 42.032331926119319 ], [ 128.15296287414867, 42.031003903517814 ], [ 128.152939336405382, 42.029667469947881 ], [ 128.152518866356388, 42.028323736566129 ], [ 128.151210469396801, 42.025771252433209 ], [ 128.150641218172439, 42.02447370369952 ], [ 128.150383275015344, 42.023077538167492 ], [ 128.150384275042967, 42.023077538158759 ], [ 128.144614557913968, 42.022971895702142 ], [ 128.141533563221373, 42.022718297112419 ], [ 128.138498234854694, 42.022247336720568 ], [ 128.132488888311769, 42.02096021758058 ], [ 128.126428668626318, 42.019785854125786 ], [ 128.120275267820659, 42.019099945244569 ], [ 128.114046018389729, 42.019070072311798 ], [ 128.107824400531428, 42.019490329722458 ], [ 128.095447767438685, 42.020510535305242 ], [ 128.088792925362753, 42.020633237356414 ], [ 128.089060971435401, 42.021473916044719 ], [ 128.088964813873901, 42.022679322457897 ], [ 128.08843767059949, 42.023807722163461 ], [ 128.087515377285627, 42.024806532490395 ], [ 128.08628136785066, 42.025570717164008 ], [ 128.084857480024482, 42.026142321985951 ], [ 128.081919584844172, 42.027114998571506 ], [ 128.080321190677552, 42.026969801834689 ], [ 128.079861506064816, 42.02650961881259 ], [ 128.079944722144177, 42.025897804480415 ], [ 128.081269762445402, 42.023718319912682 ], [ 128.083199667985298, 42.021787135342763 ], [ 128.084127662583455, 42.020792340673232 ], [ 128.085176673140808, 42.020283192410787 ], [ 128.085175673113184, 42.020283192419498 ], [ 128.082978910406752, 42.019917851465983 ], [ 128.079006673555313, 42.018723282688967 ] ], [ [ 128.02862403546203, 42.016544055279937 ], [ 128.028799674123348, 42.01592947283612 ], [ 128.029911857994108, 42.014973237405798 ], [ 128.03148407816596, 42.014476370349655 ], [ 128.033159698208948, 42.014395172613028 ], [ 128.034815481311256, 42.014706081465022 ], [ 128.035974081224481, 42.015642008997936 ], [ 128.036234007891494, 42.016249521193139 ], [ 128.035977775359129, 42.016837784670372 ], [ 128.033825770763855, 42.01881092490688 ], [ 128.033193689211657, 42.019987589761435 ], [ 128.032951715469096, 42.021274977035908 ], [ 128.032434026353144, 42.02171472087209 ], [ 128.03169423978818, 42.021452653200249 ], [ 128.031597935858656, 42.020175994506864 ], [ 128.031319669990751, 42.018950702888382 ], [ 128.030175969824427, 42.018015024307452 ], [ 128.02895333809343, 42.017119402538995 ], [ 128.02862403546203, 42.016544055279937 ] ], [ [ 128.071292758139975, 42.028101725671021 ], [ 128.071437169681644, 42.029283326464601 ], [ 128.071150806274744, 42.030483150265191 ], [ 128.070812367477146, 42.031022989917226 ], [ 128.070198123245149, 42.031417240501433 ], [ 128.06860668154286, 42.031530254821384 ], [ 128.067220077961736, 42.030932540968799 ], [ 128.066140967024126, 42.030034847729922 ], [ 128.063709877975271, 42.02846295940023 ], [ 128.063028394173841, 42.027373084070483 ], [ 128.063053239191277, 42.026773594633248 ], [ 128.063407183650185, 42.026238338944779 ], [ 128.064525399223299, 42.025393967214413 ], [ 128.066158350512296, 42.025309848406501 ], [ 128.067541841802466, 42.025889783685443 ], [ 128.068822426298482, 42.026623209638473 ], [ 128.070238097250837, 42.027203362649423 ], [ 128.071292758139975, 42.028101725671021 ] ], [ [ 128.050122118269115, 42.043446455286151 ], [ 128.050512944543584, 42.042521590641215 ], [ 128.050926347977878, 42.042464182988901 ], [ 128.05140677278871, 42.042807467667835 ], [ 128.052122628275981, 42.043570468270886 ], [ 128.052890299449501, 42.045157117654881 ], [ 128.053196576757045, 42.046846031618614 ], [ 128.053384544606587, 42.047771063166572 ], [ 128.053427193046247, 42.048238202273104 ], [ 128.053159059240073, 42.048583452884778 ], [ 128.052582738969306, 42.048662691804161 ], [ 128.052118630691723, 42.048388513908009 ], [ 128.051718495474375, 42.047567313289477 ], [ 128.050844884602498, 42.045958725257506 ], [ 128.050212342409139, 42.044283282853748 ], [ 128.050122118269115, 42.043446455286151 ] ], [ [ 128.061969409163254, 42.045824383742421 ], [ 128.062052874224122, 42.04536166725628 ], [ 128.062407063683281, 42.045099850007389 ], [ 128.062984644490058, 42.045144760674624 ], [ 128.063397350150183, 42.04543350425427 ], [ 128.063917314429006, 42.046234031078995 ], [ 128.064527568850423, 42.047851554150476 ], [ 128.064769363807187, 42.049554801629604 ], [ 128.064848913595398, 42.050397572314203 ], [ 128.064371587642256, 42.051218979568461 ], [ 128.063897336601627, 42.051190699922358 ], [ 128.063473201659775, 42.050827647659332 ], [ 128.063034588402104, 42.050059486459553 ], [ 128.062412578362512, 42.048410599273105 ], [ 128.062047332517437, 42.046771234315784 ], [ 128.061969409163254, 42.045824383742421 ] ], [ [ 128.065941008540619, 42.061063447070694 ], [ 128.0664034753745, 42.060568120759442 ], [ 128.067229667968462, 42.060515580002104 ], [ 128.067956904252071, 42.060810923945731 ], [ 128.068931295385653, 42.061805356374443 ], [ 128.069481288118197, 42.062977767428322 ], [ 128.069497949450778, 42.063600450436653 ], [ 128.06904546752645, 42.064126111689241 ], [ 128.068301399463962, 42.064161265153615 ], [ 128.067591015193898, 42.063743995531929 ], [ 128.066544966456661, 42.062808383863299 ], [ 128.065876993008999, 42.061705010398086 ], [ 128.065941008540619, 42.061063447070694 ] ] ] ] } },
{ "type": "Feature", "properties": { "DSN": "冰场组                                  ", "DSO": "τQ↓4↑            ", "DSO_TXT": "τQ4", "CHFCAC": "K5215D01D00006", "SHEET": "K5215" }, "geometry": { "type": "MultiPolygon", "coordinates": [ [ [ [ 128.075749298415133, 42.017089069261502 ], [ 128.074700291981657, 42.017439096990088 ], [ 128.073122815101669, 42.017311132004231 ], [ 128.071568031318577, 42.017089084022857 ], [ 128.070748419777715, 42.017164130835567 ], [ 128.070101719602235, 42.017473600309309 ], [ 128.068659107900885, 42.018639572384693 ], [ 128.066866402189703, 42.019996088373006 ], [ 128.066866402189703, 42.019996088373006 ], [ 128.070134147432157, 42.021029601043423 ], [ 128.071781478111063, 42.021511686200078 ], [ 128.073548506660359, 42.021397164560831 ], [ 128.076770862336417, 42.020317010111839 ], [ 128.079006970281796, 42.018723071176858 ], [ 128.079005970254144, 42.018723071185562 ], [ 128.076522880954968, 42.017482272547319 ], [ 128.075750298442841, 42.017089069252791 ], [ 128.075749298415133, 42.017089069261502 ] ] ] ] } },
{ "type": "Feature", "properties": { "DSN": "河漫滩                                  ", "DSO": "Q↓4↑3             ", "DSO_TXT": "Q4-3", "CHFCAC": "K5215D01D00007", "SHEET": "K5215" }, "geometry": { "type": "MultiPolygon", "coordinates": [ [ [ [ 128.065676470131336, 42.657067873537521 ], [ 128.06302149747691, 42.657756609786844 ], [ 128.061727817890073, 42.658533338738586 ], [ 128.060734307321042, 42.659526630441221 ], [ 128.060734307321042, 42.659526630441221 ], [ 128.059830153602604, 42.660619911620515 ], [ 128.059830153602604, 42.660619911620515 ], [ 128.057449135206582, 42.664388897448475 ], [ 128.057449135206582, 42.664388897448475 ], [ 128.055544827208166, 42.666993852948686 ], [ 128.055544827208166, 42.666993852948686 ], [ 128.057339635167722, 42.666994926002069 ], [ 128.057339635167722, 42.666994926002069 ], [ 128.059154974783752, 42.664347089420296 ], [ 128.062377105637353, 42.661057296248053 ], [ 128.064194633164902, 42.659548091821236 ], [ 128.066440867523283, 42.658370258946704 ], [ 128.071300749201242, 42.656486970014775 ], [ 128.075912910689027, 42.654287148435763 ], [ 128.078225095951126, 42.653196660616615 ], [ 128.080172677689177, 42.651756367917514 ], [ 128.081052754379186, 42.650981754303636 ], [ 128.081600761856294, 42.650050196582797 ], [ 128.082188765659879, 42.648009887814666 ], [ 128.081625390813571, 42.647193808310398 ], [ 128.080500520824899, 42.64654913757704 ], [ 128.079167018037822, 42.646373161587583 ], [ 128.077811280934867, 42.646518478972091 ], [ 128.075546078430449, 42.647653776706299 ], [ 128.07343568491072, 42.648968851595299 ], [ 128.071098107558953, 42.650041822245441 ], [ 128.068626301382267, 42.650859810701419 ], [ 128.065867755734217, 42.650965398466091 ], [ 128.063403239307235, 42.650039218711889 ], [ 128.061786658047112, 42.648416391521472 ], [ 128.061096199666338, 42.647560888838328 ], [ 128.060906259850356, 42.646555288901546 ], [ 128.05853441214478, 42.638630796559347 ], [ 128.057338122284193, 42.636819698165574 ], [ 128.055634769648009, 42.635217342544614 ], [ 128.053540490071981, 42.633917446363007 ], [ 128.051129067213083, 42.632938230400015 ], [ 128.048521690972024, 42.632302225069395 ], [ 128.04578869929469, 42.632119089826929 ], [ 128.043055200205515, 42.632327844440624 ], [ 128.040381866512519, 42.632827302230808 ], [ 128.035462016185619, 42.634624586221051 ], [ 128.030245865173413, 42.635887067317064 ], [ 128.024813173780927, 42.636448316854683 ], [ 128.022073598628765, 42.636454433640822 ], [ 128.019444890379191, 42.635850437285519 ], [ 128.016982349849712, 42.634954197916741 ], [ 128.015981604943562, 42.634214063661226 ], [ 128.015981604943562, 42.634214063661226 ], [ 128.017866553350359, 42.636360150922926 ], [ 128.019122378971588, 42.6370801666882 ], [ 128.020657310836128, 42.637671376942883 ], [ 128.022057328540541, 42.637921386543248 ], [ 128.023808941045161, 42.638076766957866 ], [ 128.027123772188588, 42.637982268220796 ], [ 128.030399196855768, 42.637576859781724 ], [ 128.033555965775292, 42.636825497415714 ], [ 128.036253213970411, 42.635949714187603 ], [ 128.036253213970411, 42.635949714187603 ], [ 128.03952819332946, 42.634736632260633 ], [ 128.042207826520666, 42.633244855623637 ], [ 128.044490826021303, 42.633159033575637 ], [ 128.044490826021303, 42.633159033575637 ], [ 128.045523235037592, 42.633221626275422 ], [ 128.048785741344261, 42.633583861876161 ], [ 128.05186841173176, 42.634498941302461 ], [ 128.054442417090115, 42.636054714279112 ], [ 128.056386275443629, 42.638046169839185 ], [ 128.057212550137109, 42.639116412439087 ], [ 128.057212550137109, 42.639116412439087 ], [ 128.057794293723703, 42.640262992892723 ], [ 128.05831168434176, 42.642233188287911 ], [ 128.05831168434176, 42.642233188287911 ], [ 128.059245934472301, 42.647533684287552 ], [ 128.059796487288423, 42.648692149491261 ], [ 128.060670449858861, 42.649733953377137 ], [ 128.061858885263177, 42.650603479843333 ], [ 128.063290696651592, 42.651248236571107 ], [ 128.064884444574716, 42.651635531253817 ], [ 128.066546873619245, 42.651751178190764 ], [ 128.069633013720846, 42.651307655534062 ], [ 128.071506729838205, 42.651444065698662 ], [ 128.073112623970303, 42.651772248176542 ], [ 128.073729300631754, 42.652237891144608 ], [ 128.073855663175095, 42.652651059447642 ], [ 128.07312667538713, 42.653892380849257 ], [ 128.070725229996043, 42.655292609204359 ], [ 128.067783343585859, 42.656432432548897 ], [ 128.065676470131336, 42.657067873537521 ] ] ] ] } },
{ "type": "Feature", "properties": { "DSN": "河漫滩                                  ", "DSO": "Q↓4↑3             ", "DSO_TXT": "Q4-3", "CHFCAC": "K5215D01D00008", "SHEET": "K5215" }, "geometry": { "type": "MultiPolygon", "coordinates": [ [ [ [ 128.010403229973576, 42.625986711166263 ], [ 128.013344640386606, 42.62485935172753 ], [ 128.014904667250164, 42.624340362050475 ], [ 128.016555528309766, 42.624082670424841 ], [ 128.018172511003371, 42.624494796855345 ], [ 128.018430007274532, 42.625295967186709 ], [ 128.018225963504506, 42.626039365963194 ], [ 128.017256699269041, 42.627302617760371 ], [ 128.017256699269041, 42.627302617760371 ], [ 128.015564339637763, 42.629828658828899 ], [ 128.015564339637763, 42.629828658828899 ], [ 128.018075706300976, 42.628987320354234 ], [ 128.020327348605434, 42.627823733334552 ], [ 128.02228355431518, 42.626407282350847 ], [ 128.023532632952879, 42.624609666678694 ], [ 128.023712712588889, 42.623594920856974 ], [ 128.0233372282608, 42.622630830800929 ], [ 128.021374443175688, 42.621203656206333 ], [ 128.020349012633687, 42.620522922352023 ], [ 128.019084907955545, 42.620102220248327 ], [ 128.017722576134645, 42.620172249591896 ], [ 128.016579054716573, 42.62073172400585 ], [ 128.008280365145623, 42.626050888841974 ], [ 128.006956747413284, 42.62631298727581 ], [ 128.005584556276915, 42.626234854733099 ], [ 128.003174962253212, 42.625294208234678 ], [ 128.001008775800557, 42.62411924098722 ], [ 128.001008775800557, 42.62411924098722 ], [ 128.001008781466197, 42.625700280932357 ], [ 128.001008781466197, 42.625700280932357 ], [ 128.003988453621787, 42.626727925204627 ], [ 128.005624258978173, 42.626979002596926 ], [ 128.007272269182977, 42.626881647308878 ], [ 128.010403229973576, 42.625986711166263 ] ] ] ] } },
{ "type": "Feature", "properties": { "DSN": "军舰山玄武岩                            ", "DSO": "βQ↓1              ", "DSO_TXT": "βQ1", "CHFCAC": "K5215D01D00009", "SHEET": "K5215" }, "geometry": { "type": "MultiPolygon", "coordinates": [ [ [ [ 128.077257510054778, 42.620489195596249 ], [ 128.075954175905196, 42.619064982468046 ], [ 128.075115471991836, 42.617471109653309 ], [ 128.074030461029452, 42.614127207997406 ], [ 128.07293504719371, 42.612600880097332 ], [ 128.071254685333457, 42.611423978807508 ], [ 128.067127131459614, 42.609818778640133 ], [ 128.06636239177621, 42.609150292411435 ], [ 128.066139472859589, 42.60830972624926 ], [ 128.066840495195351, 42.607625949576153 ], [ 128.06788739110533, 42.607239701757585 ], [ 128.072543518212001, 42.606810398824102 ], [ 128.077050541616444, 42.606002481756619 ], [ 128.079327009716565, 42.605681522266366 ], [ 128.082081009635147, 42.605580875885671 ], [ 128.082080009607239, 42.605580875894489 ], [ 128.084304786399144, 42.605376252102864 ], [ 128.08639768283345, 42.604877324964406 ], [ 128.087292445218225, 42.604401949804974 ], [ 128.08779243829278, 42.603671222325623 ], [ 128.087612061711127, 42.602886567373794 ], [ 128.086868873333145, 42.602272646145828 ], [ 128.086006495714173, 42.601710563721134 ], [ 128.085032000679377, 42.601496405360407 ], [ 128.08280585628097, 42.601646454135249 ], [ 128.08280585628097, 42.601646454135249 ], [ 128.080753780270783, 42.602628617583925 ], [ 128.078416225092269, 42.603382819890321 ], [ 128.075909559238738, 42.603846566520048 ], [ 128.073280978895326, 42.604006877145366 ], [ 128.072016377044548, 42.603873070291435 ], [ 128.07088599051545, 42.603491057146094 ], [ 128.06902217757704, 42.602149204722807 ], [ 128.067523767247309, 42.60057710402036 ], [ 128.066547993343022, 42.598848120856438 ], [ 128.065741462438183, 42.597049131735595 ], [ 128.064431894570703, 42.595420255174766 ], [ 128.06321841716823, 42.593776374586902 ], [ 128.062792158509609, 42.592836561799764 ], [ 128.062746474175782, 42.59187911651825 ], [ 128.063579196034851, 42.59120347559773 ], [ 128.064893500060833, 42.590850281879703 ], [ 128.065299894615919, 42.59058199795453 ], [ 128.065350189833111, 42.590141472253279 ], [ 128.064877216167957, 42.589146864100563 ], [ 128.063286542393911, 42.587685026952443 ], [ 128.061324227932147, 42.58647286977402 ], [ 128.059662994191825, 42.58503588156649 ], [ 128.058773731677491, 42.583234849191804 ], [ 128.058717254806055, 42.581306695672872 ], [ 128.059442966596208, 42.579467870225336 ], [ 128.060823644165822, 42.577878178273274 ], [ 128.062555879287771, 42.576478123049647 ], [ 128.064568799042661, 42.574879069970159 ], [ 128.064568799042661, 42.574879069970159 ], [ 128.065424005672298, 42.573352729287159 ], [ 128.066844592393437, 42.56968716939523 ], [ 128.06767431096273, 42.568362615889335 ], [ 128.06767431096273, 42.568362615889335 ], [ 128.069990627737894, 42.56678162838265 ], [ 128.074573292685585, 42.565093794650274 ], [ 128.078282215260998, 42.562491640301658 ], [ 128.080525231123659, 42.561563640707199 ], [ 128.082945202615434, 42.560833026124534 ], [ 128.085259397652152, 42.559934292647746 ], [ 128.08741340365907, 42.558870718979492 ], [ 128.090829405863303, 42.556265503051073 ], [ 128.092884227312908, 42.555086134288487 ], [ 128.094225055833277, 42.554726941296842 ], [ 128.094840013275103, 42.554745808254886 ], [ 128.095329445512618, 42.554976691647965 ], [ 128.095847056266223, 42.555877748041993 ], [ 128.095842503785889, 42.556831018053053 ], [ 128.095029372063124, 42.558659597771822 ], [ 128.093360049478179, 42.56223739676652 ], [ 128.092508147394909, 42.564069147926531 ], [ 128.091875665493887, 42.564865760891458 ], [ 128.091006414655055, 42.565508385401017 ], [ 128.086711629124181, 42.567714597353074 ], [ 128.085250847262472, 42.569283343861137 ], [ 128.084914321641349, 42.57020256363235 ], [ 128.08491775212417, 42.571141996889445 ], [ 128.085918160791948, 42.572842223468903 ], [ 128.087647848561687, 42.574361358279326 ], [ 128.091205977924176, 42.577138139792837 ], [ 128.095110110399673, 42.579582013646146 ], [ 128.095744177968015, 42.580361400238232 ], [ 128.096128480877212, 42.581266278519387 ], [ 128.096801334972128, 42.583165201650431 ], [ 128.09794036713518, 42.584881743502322 ], [ 128.099608348339416, 42.586301544900735 ], [ 128.103717781651795, 42.588608044337683 ], [ 128.105421099585271, 42.589985814805495 ], [ 128.106717279690315, 42.591632655731395 ], [ 128.106717279690315, 42.591632655731395 ], [ 128.112706956108752, 42.593251668924388 ], [ 128.114298902633976, 42.593782873055986 ], [ 128.115679101565206, 42.594585466126951 ], [ 128.117249782417474, 42.595146386233552 ], [ 128.118996974677486, 42.595287849208063 ], [ 128.122502243531812, 42.595239866047635 ], [ 128.12250324355972, 42.595239866038817 ], [ 128.123645244089374, 42.593695815396714 ], [ 128.124182902911286, 42.592176134469568 ], [ 128.12579171693713, 42.589257313956757 ], [ 128.12642028976498, 42.587753282730944 ], [ 128.127397465666888, 42.586349769585354 ], [ 128.128565200417313, 42.585037192631574 ], [ 128.130045345359719, 42.583897567522875 ], [ 128.131620368970317, 42.582822369851428 ], [ 128.1334156734207, 42.581992756887026 ], [ 128.137473793235813, 42.581007472344332 ], [ 128.139606072134256, 42.580928674655958 ], [ 128.141694297618983, 42.581241997352528 ], [ 128.145695872711372, 42.582341133090758 ], [ 128.149459546909611, 42.583824437130687 ], [ 128.153339045307092, 42.585129340205135 ], [ 128.155272613907357, 42.585806490512347 ], [ 128.157313972601145, 42.586232924170737 ], [ 128.159451090689572, 42.586229222299202 ], [ 128.16145441276592, 42.585704913778237 ], [ 128.164324645648605, 42.583988486994031 ], [ 128.165620374708027, 42.583283295784064 ], [ 128.165620374708027, 42.583283295784064 ], [ 128.164058476563866, 42.58050839147883 ], [ 128.162731785374973, 42.579356631256616 ], [ 128.162050000289526, 42.577925425431431 ], [ 128.16210185732885, 42.577174412714683 ], [ 128.162628409041162, 42.576532279947429 ], [ 128.163469872282064, 42.576089756674698 ], [ 128.164437759127026, 42.57585481840939 ], [ 128.166438061315233, 42.57557048973807 ], [ 128.168217513035785, 42.574828252101263 ], [ 128.169556260217206, 42.573679430228658 ], [ 128.170376469958427, 42.57230107875634 ], [ 128.171599966722539, 42.569421155807824 ], [ 128.173060408621438, 42.566611960718511 ], [ 128.174040772429066, 42.565281348184783 ], [ 128.174918457679183, 42.56490512154592 ], [ 128.17594869213741, 42.564835153904944 ], [ 128.177835218890294, 42.565407278940746 ], [ 128.179216085510092, 42.56650500715326 ], [ 128.181117868201369, 42.569166226322373 ], [ 128.181740329646345, 42.57216139135781 ], [ 128.181631896692352, 42.57366003100806 ], [ 128.181126929561373, 42.575118395007756 ], [ 128.179436684762749, 42.581006595645604 ], [ 128.17809249412835, 42.583853109985426 ], [ 128.177897127259058, 42.585356172956146 ], [ 128.178089033184818, 42.586855765659948 ], [ 128.178089033184818, 42.586855765659948 ], [ 128.179442297061428, 42.587089331188551 ], [ 128.181159297171575, 42.58805397285898 ], [ 128.182096469898596, 42.588477142723974 ], [ 128.183150514473908, 42.588689644177585 ], [ 128.184220740526371, 42.588658552152424 ], [ 128.185206989506838, 42.588363318611719 ], [ 128.187009943793754, 42.587529323962279 ], [ 128.18796682903843, 42.587713036421768 ], [ 128.188952723093195, 42.58817215116585 ], [ 128.190880741530606, 42.588897707930109 ], [ 128.192910653136352, 42.589384867922476 ], [ 128.195013445430988, 42.589418133594151 ], [ 128.199037867286961, 42.588272554515484 ], [ 128.203034257782406, 42.587161154840672 ], [ 128.204677491601103, 42.586163141006502 ], [ 128.205727252495194, 42.586010084099819 ], [ 128.206757261309889, 42.586283637306408 ], [ 128.207419381091569, 42.586890593742531 ], [ 128.207604149045466, 42.587668713203506 ], [ 128.207645384942538, 42.589268163505956 ], [ 128.207715569433418, 42.592409586243328 ], [ 128.208189220039714, 42.593951685995094 ], [ 128.209142932199484, 42.595359490068795 ], [ 128.209142932199484, 42.595359490068795 ], [ 128.212854279290241, 42.597412453470831 ], [ 128.215188081425055, 42.598546168199064 ], [ 128.217765635004326, 42.599338242852568 ], [ 128.220482571038787, 42.599751737713348 ], [ 128.223274425779039, 42.599823805102247 ], [ 128.226137901367935, 42.599459720722486 ], [ 128.227320509953813, 42.598945748903738 ], [ 128.228146740081655, 42.598123060849218 ], [ 128.228146740081655, 42.598123060849218 ], [ 128.2285848082972, 42.597266236543724 ], [ 128.228694702498757, 42.596513727203892 ], [ 128.227024573637294, 42.595474055466759 ], [ 128.225060915104052, 42.594928991358529 ], [ 128.223041032860351, 42.594430900364166 ], [ 128.22124430282679, 42.593566663675439 ], [ 128.220419127517061, 42.593080976537173 ], [ 128.219823743700232, 42.592425468508736 ], [ 128.219074361523553, 42.590945810415647 ], [ 128.218993677038583, 42.589368307251959 ], [ 128.21928610518404, 42.58780778333773 ], [ 128.219828388403926, 42.586291047886412 ], [ 128.219451622189212, 42.584736843454976 ], [ 128.218784369031169, 42.583245869614096 ], [ 128.218725798900778, 42.582416045103422 ], [ 128.219116881758424, 42.581698096001894 ], [ 128.220029669220054, 42.581302718194614 ], [ 128.221128615348476, 42.581167086980308 ], [ 128.223181949038377, 42.58149632582473 ], [ 128.225153503678769, 42.5821122897514 ], [ 128.227277973041339, 42.582195916855582 ], [ 128.229293649642585, 42.581691865848704 ], [ 128.230932307087102, 42.580673988886893 ], [ 128.232162611439691, 42.579397222580376 ], [ 128.232514470594992, 42.577839379857117 ], [ 128.232032122750383, 42.576294120436827 ], [ 128.231034079398711, 42.574877137066423 ], [ 128.229743210252963, 42.573626141922958 ], [ 128.228183887930612, 42.572548534625028 ], [ 128.224467081633719, 42.570991686163651 ], [ 128.222631530276459, 42.570178282632277 ], [ 128.221066561324932, 42.569133368852974 ], [ 128.219742028208543, 42.567865665863138 ], [ 128.219502017969234, 42.567100867853355 ], [ 128.219823999261735, 42.566318899146921 ], [ 128.220659415131337, 42.565819906192118 ], [ 128.221726940217962, 42.565767845123574 ], [ 128.223574143374123, 42.566517618114659 ], [ 128.22538182619931, 42.567495458993932 ], [ 128.225901879997167, 42.567619035386429 ], [ 128.226325669632786, 42.5674519094838 ], [ 128.226514289228533, 42.567081499498514 ], [ 128.226405461301937, 42.566709431981664 ], [ 128.225235160642995, 42.565298469399316 ], [ 128.223734584607001, 42.564247783675519 ], [ 128.221992423406789, 42.563294416875486 ], [ 128.220612127976523, 42.562106695192867 ], [ 128.218447102723275, 42.559382588632189 ], [ 128.216482909753296, 42.558758665498047 ], [ 128.214705131318965, 42.557905790824719 ], [ 128.214215363964655, 42.557186906061268 ], [ 128.21437230954578, 42.556418489036737 ], [ 128.21602570673997, 42.555398142673646 ], [ 128.217916932845299, 42.55471212715284 ], [ 128.218749584628966, 42.554210910837625 ], [ 128.219204241958892, 42.553505012080585 ], [ 128.219699657378186, 42.551961125778774 ], [ 128.220809882579147, 42.550597309738514 ], [ 128.221683666541935, 42.550145030654285 ], [ 128.22271101873153, 42.550000975883705 ], [ 128.224853903590969, 42.549802359827673 ], [ 128.22648652829497, 42.548827407176518 ], [ 128.228011287677248, 42.547690899153366 ], [ 128.229069187502432, 42.547601438787048 ], [ 128.230031760817923, 42.547966299285122 ], [ 128.230541875798593, 42.54866710619298 ], [ 128.23052647498497, 42.549466365626273 ], [ 128.230038122770139, 42.55015628599002 ], [ 128.229260314127004, 42.550713139026286 ], [ 128.227602112843726, 42.551722425586803 ], [ 128.226103724903027, 42.552841680281219 ], [ 128.224935950003243, 42.554167431632266 ], [ 128.224343444447243, 42.555681236448414 ], [ 128.22397675629486, 42.557220678710586 ], [ 128.223693791782694, 42.557999575457622 ], [ 128.22381545038354, 42.558778362508605 ], [ 128.225215565428243, 42.559973540872789 ], [ 128.22680519444134, 42.562888289129887 ], [ 128.228387521729701, 42.564001848844313 ], [ 128.229166136737859, 42.56453446334109 ], [ 128.229615580323241, 42.565210303274711 ], [ 128.2302547121256, 42.566725907864459 ], [ 128.231732063426676, 42.567887861088856 ], [ 128.233537680439298, 42.568727443715197 ], [ 128.23550215816141, 42.569361879868275 ], [ 128.237155852693007, 42.570326536981888 ], [ 128.238242105745854, 42.571727113234736 ], [ 128.238824213278235, 42.572367522688488 ], [ 128.23970153134735, 42.572789135095732 ], [ 128.241832278744425, 42.573122940071869 ], [ 128.243878801202527, 42.572756503361049 ], [ 128.24576828361478, 42.572023234329095 ], [ 128.247770376388416, 42.571478701127809 ], [ 128.249876938118234, 42.571242514730812 ], [ 128.251940823821002, 42.570858210543875 ], [ 128.253668736235426, 42.569951588391149 ], [ 128.255796678005282, 42.569942318167193 ], [ 128.258100882043379, 42.570954131316583 ], [ 128.258100882043379, 42.570954131316583 ], [ 128.259708524439219, 42.570073317866871 ], [ 128.260800481604122, 42.568813472064058 ], [ 128.261926995181938, 42.567583428658857 ], [ 128.263435278244685, 42.566608779928963 ], [ 128.265151954481894, 42.565820353760699 ], [ 128.266588938675028, 42.564784041565574 ], [ 128.267395825927622, 42.563426922503766 ], [ 128.267831567305791, 42.561972436594594 ], [ 128.268808070069838, 42.560669913204379 ], [ 128.270438930885661, 42.559813634682804 ], [ 128.271948673226746, 42.559001863133766 ], [ 128.273187103991802, 42.557775666607228 ], [ 128.27484706156568, 42.555049198073107 ], [ 128.275277229060322, 42.553527418730461 ], [ 128.275365433767121, 42.552321332816149 ], [ 128.275365433767121, 42.552321332816149 ], [ 128.269703030973631, 42.548460717774383 ], [ 128.268228550831878, 42.547318679598888 ], [ 128.267221065714068, 42.545943817860788 ], [ 128.26713244105116, 42.545109548262133 ], [ 128.267488536385173, 42.544361101827782 ], [ 128.268378890223687, 42.544040678060462 ], [ 128.269258895583846, 42.543707407210128 ], [ 128.270229011743567, 42.54327480862468 ], [ 128.270959382106753, 42.542771276776605 ], [ 128.271854789972735, 42.541338154620135 ], [ 128.273342379184015, 42.540241818445097 ], [ 128.274913056736722, 42.539533949550687 ], [ 128.274913056736722, 42.539533949550687 ], [ 128.27219953149492, 42.536774364279587 ], [ 128.27219953149492, 42.536774364279587 ], [ 128.270585880851627, 42.535294297952781 ], [ 128.269898485752861, 42.534848344681627 ], [ 128.268998447369626, 42.534848784782731 ], [ 128.268431075845626, 42.535362594359661 ], [ 128.268326658853965, 42.53604825135946 ], [ 128.268094495520245, 42.538613041513678 ], [ 128.26775411557847, 42.539241605887874 ], [ 128.266894386144259, 42.539674896530073 ], [ 128.266114081591212, 42.539834438659142 ], [ 128.264964217283307, 42.539772219995626 ], [ 128.261950580338606, 42.538748003329061 ], [ 128.258746486455408, 42.537434029081119 ], [ 128.256210657607795, 42.537095256269865 ], [ 128.256210657607795, 42.537095256269865 ], [ 128.255119707494316, 42.53720788813235 ], [ 128.25168694293771, 42.538138492041249 ], [ 128.249908301514353, 42.538472601581198 ], [ 128.248075635796084, 42.538489612820754 ], [ 128.244508193764659, 42.537877179172035 ], [ 128.241160311641949, 42.536768247201877 ], [ 128.237533255983635, 42.536397934146677 ], [ 128.233951487365033, 42.535862717420279 ], [ 128.230795963505585, 42.534491043297365 ], [ 128.227875080546454, 42.532853791010844 ], [ 128.226319128038199, 42.532131494059939 ], [ 128.22462244995782, 42.531610724102386 ], [ 128.222791017767406, 42.531464246373389 ], [ 128.221104776292918, 42.531964319724544 ], [ 128.219377913761122, 42.532427738626396 ], [ 128.217552758543604, 42.532516711499774 ], [ 128.215749474527627, 42.532224139307047 ], [ 128.214206613519622, 42.531508964865722 ], [ 128.211906059243404, 42.529386687441495 ], [ 128.210041720967752, 42.52705634769228 ], [ 128.208148676522825, 42.524747478357504 ], [ 128.206649611310695, 42.523533748606788 ], [ 128.206649611310695, 42.523533748606788 ], [ 128.205054509668201, 42.521931703112585 ], [ 128.20343461018237, 42.51935050365767 ], [ 128.202687817539015, 42.516711089406286 ], [ 128.202987230694049, 42.512305560816557 ], [ 128.203506587334743, 42.509611065435209 ], [ 128.204233967872938, 42.508366506713365 ], [ 128.205578686389117, 42.507446601596861 ], [ 128.206465967737643, 42.507270247202776 ], [ 128.207358395649976, 42.507376514378066 ], [ 128.20896855907236, 42.508088925301792 ], [ 128.211748110999565, 42.509834533664751 ], [ 128.214814998977118, 42.511314940453083 ], [ 128.218408440857132, 42.511881407972481 ], [ 128.220256599259358, 42.512020454414326 ], [ 128.222060515424829, 42.511914927978573 ], [ 128.225429322457103, 42.510845016214482 ], [ 128.227113052482878, 42.510327592503074 ], [ 128.228900529055693, 42.5100330833138 ], [ 128.232558847753239, 42.509884482543242 ], [ 128.236189442741789, 42.50952230306445 ], [ 128.239700848368386, 42.508752861759099 ], [ 128.242915294278703, 42.507998369294661 ], [ 128.242915294278703, 42.507998369294661 ], [ 128.24653036680516, 42.506820019717864 ], [ 128.249723977462139, 42.505488856473818 ], [ 128.251444902336885, 42.505023442264005 ], [ 128.253256929466318, 42.504801348083589 ], [ 128.256919982455457, 42.504838053869456 ], [ 128.260505589702717, 42.504334614494709 ], [ 128.262239727044289, 42.503835014634426 ], [ 128.263631650675336, 42.502957103945796 ], [ 128.263990187721845, 42.502329880284286 ], [ 128.263925912732816, 42.501658601635363 ], [ 128.262935969269904, 42.500489844424763 ], [ 128.261743637363224, 42.499478305033307 ], [ 128.260823935949588, 42.498304014061226 ], [ 128.259458431121544, 42.497410258075689 ], [ 128.257899282593002, 42.496677720353595 ], [ 128.256212359380811, 42.496180378148821 ], [ 128.254389560764196, 42.495974768661483 ], [ 128.250727377005319, 42.495961296743133 ], [ 128.247077111690487, 42.49574777223215 ], [ 128.245256635012396, 42.495695376945179 ], [ 128.243461115925271, 42.495971983708927 ], [ 128.241796770190859, 42.496539313021771 ], [ 128.240375450478808, 42.497387157829635 ], [ 128.238887194537, 42.498153824262779 ], [ 128.237087108169703, 42.498443789052743 ], [ 128.235256958608034, 42.498404669929549 ], [ 128.233476413679995, 42.498082625919956 ], [ 128.230085611981252, 42.497061516078396 ], [ 128.226456829781966, 42.496722400599097 ], [ 128.222808746311472, 42.496558138922929 ], [ 128.220976957754061, 42.496480047017627 ], [ 128.220088032033232, 42.496296428251455 ], [ 128.219798794139365, 42.496056605075985 ], [ 128.219818643001872, 42.495756296803343 ], [ 128.221216026642196, 42.494684757968699 ], [ 128.222947979508859, 42.494434004352435 ], [ 128.224712430930566, 42.494105318159079 ], [ 128.225953815344042, 42.493084478387196 ], [ 128.227008321095781, 42.491998885979228 ], [ 128.228659737725394, 42.491407222769901 ], [ 128.23167803478168, 42.491248049484888 ], [ 128.23167803478168, 42.491248049484888 ], [ 128.233959983013648, 42.49049727695153 ], [ 128.235148624663822, 42.489458818543795 ], [ 128.236874130596789, 42.487060839038534 ], [ 128.238044537657146, 42.486026675353116 ], [ 128.239667152585895, 42.485393824865895 ], [ 128.241492522530535, 42.485279484164529 ], [ 128.243285300480522, 42.485550381241289 ], [ 128.246819552795387, 42.486275457762176 ], [ 128.248669569322175, 42.486344739829889 ], [ 128.250361432854589, 42.485850444721379 ], [ 128.251569851849325, 42.484832949742817 ], [ 128.252501506078204, 42.483664378331625 ], [ 128.254548444336024, 42.481418085564236 ], [ 128.255624872550328, 42.480322916212337 ], [ 128.257029156561117, 42.47944281623716 ], [ 128.260491566771037, 42.478592469281729 ], [ 128.261995300098107, 42.477812551741636 ], [ 128.262403634343997, 42.477199971049984 ], [ 128.262505981645916, 42.476517961079104 ], [ 128.261879508833488, 42.47525073693609 ], [ 128.260777777204453, 42.474123256712666 ], [ 128.258830723623788, 42.471889602960005 ], [ 128.25822320096529, 42.470578071197934 ], [ 128.258762113625693, 42.470059868877705 ], [ 128.25964508692519, 42.469783296733382 ], [ 128.261451365790265, 42.469808138812866 ], [ 128.263229388803694, 42.470156629617996 ], [ 128.266753554504362, 42.470892701372286 ], [ 128.268561905683526, 42.470908035301896 ], [ 128.269365671757186, 42.470573018382197 ], [ 128.269782379144459, 42.470006171110782 ], [ 128.269905792524554, 42.467246147238676 ], [ 128.271307331380314, 42.464746760352476 ], [ 128.272662770370289, 42.463832867081649 ], [ 128.274271114237223, 42.463175328832421 ], [ 128.275459976631282, 42.462169819815401 ], [ 128.276297112143368, 42.460950228713536 ], [ 128.277697742028721, 42.458458755984012 ], [ 128.279132001571668, 42.45760584664027 ], [ 128.280941422839078, 42.457353379862404 ], [ 128.282680802795198, 42.457766073839473 ], [ 128.284220985409036, 42.458521693936966 ], [ 128.286878031105431, 42.460376023123992 ], [ 128.28836260444865, 42.461161539621628 ], [ 128.28924887228186, 42.461349720570404 ], [ 128.290136159347384, 42.46124612878544 ], [ 128.290682152777038, 42.460700641066339 ], [ 128.290996319531729, 42.460025460791478 ], [ 128.291283164920458, 42.458701049862256 ], [ 128.291450207636302, 42.45599505565346 ], [ 128.291934169247554, 42.454696220051204 ], [ 128.29292223252105, 42.453547895359918 ], [ 128.29451355851262, 42.452896899795178 ], [ 128.296296264302356, 42.45255680402289 ], [ 128.298119324549475, 42.452421892847354 ], [ 128.299933186435737, 42.452591330786603 ], [ 128.301581521684142, 42.453178350740011 ], [ 128.303080384809164, 42.453982041695845 ], [ 128.304378219472596, 42.454938562861535 ], [ 128.305388125151438, 42.456051287067467 ], [ 128.307055618413017, 42.458481671009395 ], [ 128.308068027449679, 42.459614465210834 ], [ 128.309356364135567, 42.460567581173919 ], [ 128.312173513609508, 42.462289480348687 ], [ 128.313499165487684, 42.46325576014786 ], [ 128.314571917013666, 42.46435728666647 ], [ 128.314907394068484, 42.465667383754294 ], [ 128.314724757848836, 42.467044051141158 ], [ 128.31365279596173, 42.469620202233152 ], [ 128.313490512423726, 42.470965068700124 ], [ 128.313823159644926, 42.471583525152802 ], [ 128.314378268030794, 42.472092991092232 ], [ 128.315895199472635, 42.471168294962197 ], [ 128.317381314607644, 42.470474613864717 ], [ 128.319159184293738, 42.47018387721473 ], [ 128.320955822484535, 42.470469055300129 ], [ 128.322705342244717, 42.47087193032408 ], [ 128.323619942272927, 42.470936641247945 ], [ 128.324494209875354, 42.470697158150422 ], [ 128.32493079029507, 42.470136478278619 ], [ 128.325038582838744, 42.469430936668203 ], [ 128.325044944947791, 42.468757001637442 ], [ 128.324721253078309, 42.468141155063563 ], [ 128.323345464675469, 42.467181080436397 ], [ 128.321742559204353, 42.466538460958994 ], [ 128.320266468273843, 42.465744396114978 ], [ 128.318973144446119, 42.464765861627463 ], [ 128.318236620160377, 42.463547388139375 ], [ 128.318246533582254, 42.462180186620465 ], [ 128.318770279246422, 42.461635699883509 ], [ 128.319526514794234, 42.461231522734131 ], [ 128.321234635646107, 42.46075543322295 ], [ 128.322922301638187, 42.460259268708164 ], [ 128.323491059583205, 42.45971273617441 ], [ 128.323653065933598, 42.459054258837647 ], [ 128.322862795208607, 42.457811013603454 ], [ 128.321707484984614, 42.456765222 ], [ 128.319238701469288, 42.454770836368461 ], [ 128.316558085587019, 42.452900365951024 ], [ 128.315464859158141, 42.451807667713119 ], [ 128.315230452212376, 42.4511518074547 ], [ 128.315320169734292, 42.450471188224697 ], [ 128.315787291885698, 42.449878697927183 ], [ 128.316502261233751, 42.449454609113118 ], [ 128.318281782147096, 42.449024877691123 ], [ 128.319096517562855, 42.448724800287629 ], [ 128.319462567092614, 42.448136602435682 ], [ 128.319872068055304, 42.446786889179684 ], [ 128.320417578599745, 42.446246455603259 ], [ 128.32131092769103, 42.446224009309113 ], [ 128.322934396725799, 42.446913311467448 ], [ 128.325429009599333, 42.448881953246406 ], [ 128.326784364742934, 42.449792183328739 ], [ 128.328413205167948, 42.450390441582464 ], [ 128.329241722908563, 42.450130584905068 ], [ 128.329928998116344, 42.449649557571881 ], [ 128.331094808459966, 42.448624939326528 ], [ 128.333256413602413, 42.4464374339843 ], [ 128.334734502245453, 42.445627144386307 ], [ 128.336497458272419, 42.445249786732887 ], [ 128.338308809996107, 42.445364161955176 ], [ 128.340088929653973, 42.445739162840169 ], [ 128.343411267764793, 42.446848925786249 ], [ 128.34502804873523, 42.447481862956316 ], [ 128.346791963269055, 42.447844764715803 ], [ 128.348612530448889, 42.447969096113546 ], [ 128.349521134143203, 42.44787131332933 ], [ 128.35023613796821, 42.447473910581856 ], [ 128.351246407606197, 42.446312451700273 ], [ 128.351641437262771, 42.444987843945121 ], [ 128.351034076602559, 42.443718474997247 ], [ 128.350119566858751, 42.442534739157423 ], [ 128.349049776729373, 42.44144149486042 ], [ 128.347737314620673, 42.440495426289601 ], [ 128.346214723338647, 42.43973323528558 ], [ 128.344556670321083, 42.439163487642297 ], [ 128.337583271454491, 42.437518445205747 ], [ 128.33585269853495, 42.437075629719814 ], [ 128.335129585300592, 42.436643854293813 ], [ 128.33497114025954, 42.436006968986099 ], [ 128.335425209086054, 42.435365214653658 ], [ 128.336152279369855, 42.434933166666305 ], [ 128.337950950707977, 42.434617796020035 ], [ 128.339774891110523, 42.434541457905816 ], [ 128.341460590608051, 42.434069036447291 ], [ 128.343101392017076, 42.433354927844015 ], [ 128.343477053774023, 42.432785934297776 ], [ 128.343377339808995, 42.432087487108546 ], [ 128.342910580532845, 42.431475003438479 ], [ 128.342130569162492, 42.431187278262662 ], [ 128.340244342294881, 42.431270908689427 ], [ 128.336665677359377, 42.431692372681574 ], [ 128.334827059881547, 42.431754860265002 ], [ 128.333000845363529, 42.431590051897011 ], [ 128.331284180754437, 42.431139541130996 ], [ 128.32970487149268, 42.430451660054693 ], [ 128.326772540160931, 42.428825822165237 ], [ 128.325568218053689, 42.427789709727179 ], [ 128.324733608547575, 42.426585483669683 ], [ 128.324379909474033, 42.425249634674003 ], [ 128.324437423799736, 42.424569649315139 ], [ 128.324796839247625, 42.423960262764837 ], [ 128.326153485915597, 42.423016814424621 ], [ 128.327746366994774, 42.422364198295838 ], [ 128.331003862159861, 42.421118795425699 ], [ 128.33218216310496, 42.420114355037136 ], [ 128.333001558424542, 42.418874534269527 ], [ 128.333444446432367, 42.418270582004183 ], [ 128.334104709879, 42.417823771271124 ], [ 128.335874038598831, 42.417510145460483 ], [ 128.33954420240957, 42.417837766295754 ], [ 128.343197438074412, 42.417827705932183 ], [ 128.34499992414942, 42.417595233244086 ], [ 128.346664318265198, 42.417047057903005 ], [ 128.348084034533116, 42.416166250228777 ], [ 128.348486331559712, 42.415567038229874 ], [ 128.348487200994953, 42.414878217209136 ], [ 128.348028470397736, 42.414294090738828 ], [ 128.347188237303584, 42.414038544444779 ], [ 128.345345149255849, 42.413855235005855 ], [ 128.338046655592052, 42.413852408000054 ], [ 128.334408389193584, 42.413571475226192 ], [ 128.332792224996894, 42.413010290833341 ], [ 128.331667776336076, 42.411929145806219 ], [ 128.331775477033347, 42.411258754438911 ], [ 128.332313087213208, 42.410685216197777 ], [ 128.333906789697323, 42.410020544131335 ], [ 128.337496865411566, 42.409491983830016 ], [ 128.341147739331063, 42.409550585647516 ], [ 128.341980665500188, 42.409315111915447 ], [ 128.342233564336311, 42.40865052262496 ], [ 128.341766747587116, 42.40734611770818 ], [ 128.341590535386842, 42.406636036122315 ], [ 128.3417064867281, 42.405957244520174 ], [ 128.342270196388426, 42.405450044354033 ], [ 128.343100305922405, 42.405131424140819 ], [ 128.344798816622671, 42.404649679129399 ], [ 128.346210366662405, 42.403786627137585 ], [ 128.347930977616869, 42.401399569923043 ], [ 128.348871276684463, 42.400240902672046 ], [ 128.349536365009897, 42.399759129860165 ], [ 128.35035010909337, 42.399474598329917 ], [ 128.352184633310515, 42.399429816603366 ], [ 128.353032874027974, 42.399159306423599 ], [ 128.353544216484977, 42.398609613449928 ], [ 128.353782523115768, 42.395900890368658 ], [ 128.355120975214305, 42.393414403717628 ], [ 128.355115167455438, 42.392710682157954 ], [ 128.354625582500773, 42.392199421698948 ], [ 128.352822611486943, 42.391993383503234 ], [ 128.349475093460626, 42.39310366412117 ], [ 128.347746253025861, 42.393549004848367 ], [ 128.345947365729387, 42.393756072398425 ], [ 128.342307834901902, 42.393467322827945 ], [ 128.340479688917043, 42.393440222662107 ], [ 128.338685091186989, 42.393668128895882 ], [ 128.331581854606782, 42.39497051212124 ], [ 128.327941676446727, 42.395196203635294 ], [ 128.326127293497279, 42.395364177509705 ], [ 128.324431775590369, 42.395866725604883 ], [ 128.322955431145203, 42.396678640928663 ], [ 128.321843993877593, 42.397751044853614 ], [ 128.320702005186547, 42.398806160806849 ], [ 128.319103551881454, 42.399455747313652 ], [ 128.317308135947968, 42.39975635170741 ], [ 128.315662604572736, 42.400299048202307 ], [ 128.314241014140407, 42.401172626056713 ], [ 128.313435107169397, 42.401489079959148 ], [ 128.312521518019565, 42.401590468534636 ], [ 128.308999048753947, 42.400896420398659 ], [ 128.307167042408025, 42.40088443515738 ], [ 128.305408904869324, 42.400531119858599 ], [ 128.304247361239049, 42.399477434649818 ], [ 128.303666461278993, 42.398186758611473 ], [ 128.302877200031702, 42.395541373494218 ], [ 128.301571056337309, 42.393020288316634 ], [ 128.300261020818141, 42.392088608795781 ], [ 128.299388732741448, 42.391891520189034 ], [ 128.298461019471176, 42.391911224761827 ], [ 128.297577691237819, 42.392131403651959 ], [ 128.296869210481134, 42.392539511813666 ], [ 128.295960506123066, 42.393725141786717 ], [ 128.294977256215361, 42.394889573685845 ], [ 128.294257225042372, 42.395282289540837 ], [ 128.293346752849061, 42.395472750564643 ], [ 128.292591345323075, 42.395195876710133 ], [ 128.292279377312838, 42.394514940694712 ], [ 128.29218886192487, 42.39317289396817 ], [ 128.292583352964328, 42.390495012409254 ], [ 128.292220578458284, 42.389152296974864 ], [ 128.291568925468738, 42.387885798224595 ], [ 128.290650379247921, 42.386720140271883 ], [ 128.289428840725265, 42.385687656171129 ], [ 128.289056727856803, 42.385088998853959 ], [ 128.288952459054855, 42.384405775133715 ], [ 128.289058194463024, 42.383053488787752 ], [ 128.289698215546167, 42.381783100498119 ], [ 128.291164159771199, 42.380972970279558 ], [ 128.292922071353047, 42.380597556468182 ], [ 128.294106019134006, 42.379569440475393 ], [ 128.295364219537191, 42.377024995848679 ], [ 128.295364219537191, 42.377024995848679 ], [ 128.295610624795614, 42.375682172306149 ], [ 128.296111773764693, 42.374388600258335 ], [ 128.29809297067186, 42.372108463183942 ], [ 128.29809297067186, 42.372108463183942 ], [ 128.299180757757938, 42.369518100606363 ], [ 128.300088641518926, 42.368338880738655 ], [ 128.300659078433057, 42.367063298847803 ], [ 128.301464691974076, 42.36583440761445 ], [ 128.302193080097368, 42.365446504005483 ], [ 128.303084488565389, 42.365317494960749 ], [ 128.306764941772514, 42.365524207123215 ], [ 128.310407613921171, 42.365300057915555 ], [ 128.312229462557639, 42.365222962107183 ], [ 128.314015067875062, 42.365508446590731 ], [ 128.314756919311009, 42.365926676853469 ], [ 128.315203077258531, 42.366512028595643 ], [ 128.315387006059979, 42.367859730895127 ], [ 128.315258784201745, 42.36922515425713 ], [ 128.315450166285302, 42.369872260998967 ], [ 128.315953769137707, 42.370451617396093 ], [ 128.316911266173065, 42.371587647656256 ], [ 128.316735098825887, 42.372936844891775 ], [ 128.316213025913584, 42.374232615933074 ], [ 128.316126869571463, 42.374914534327424 ], [ 128.316370960028678, 42.375563607664532 ], [ 128.31699421902016, 42.37606249622602 ], [ 128.317839867716685, 42.37633509441514 ], [ 128.319665539157626, 42.376393300289003 ], [ 128.323296399823789, 42.376639506839368 ], [ 128.32500799292805, 42.376151465556958 ], [ 128.325567083643676, 42.375634863867766 ], [ 128.325847592234027, 42.374980789629731 ], [ 128.326259938775962, 42.37365656082919 ], [ 128.326315852006871, 42.372306242942379 ], [ 128.326291526093712, 42.37095232930502 ], [ 128.326569051806672, 42.369599871107503 ], [ 128.327441285541568, 42.368424682392757 ], [ 128.328563917976879, 42.367348411330163 ], [ 128.329264381548029, 42.366097752932959 ], [ 128.32948897031514, 42.364751312172096 ], [ 128.32967743856517, 42.362033257073136 ], [ 128.330569190402628, 42.360881292068754 ], [ 128.332149302506252, 42.360147185987316 ], [ 128.333913039944832, 42.359799799693583 ], [ 128.33573947253646, 42.359746029834255 ], [ 128.342899605993324, 42.360796751625422 ], [ 128.346509715430614, 42.361175766489843 ], [ 128.348289943510906, 42.360834898825779 ], [ 128.34981040923816, 42.360082822576892 ], [ 128.35078324547257, 42.358937425187946 ], [ 128.351243156399931, 42.357611159514427 ], [ 128.351155957756447, 42.356266692676222 ], [ 128.350760194751018, 42.354939792615291 ], [ 128.350089946249, 42.352283142273066 ], [ 128.348343764278695, 42.349896834492469 ], [ 128.345817033577703, 42.347952559816513 ], [ 128.345201119974149, 42.347440910847475 ], [ 128.344889237051206, 42.346806355168596 ], [ 128.345069085304573, 42.346153657735343 ], [ 128.345641848686569, 42.345613024528298 ], [ 128.346860536164456, 42.34458563928326 ], [ 128.347028036170258, 42.343922968999827 ], [ 128.346804608529595, 42.343257733203039 ], [ 128.345552433186185, 42.34227523547824 ], [ 128.343879170395269, 42.341716929210342 ], [ 128.340399669756891, 42.340882388166563 ], [ 128.338987008137821, 42.340036012402656 ], [ 128.338510892572913, 42.338739642172996 ], [ 128.339085167147402, 42.337471423569724 ], [ 128.339833086936352, 42.336205975022253 ], [ 128.339889497530521, 42.334884044031767 ], [ 128.33936511781269, 42.333564912870429 ], [ 128.338615003875873, 42.330921993174279 ], [ 128.338549380222901, 42.328202006757628 ], [ 128.338846716177073, 42.326862822060576 ], [ 128.3395051648682, 42.325605646465192 ], [ 128.341566536793806, 42.323355116507081 ], [ 128.343473124369837, 42.321071018262735 ], [ 128.344866760649182, 42.318552575146036 ], [ 128.346445008744013, 42.316101623560584 ], [ 128.34836686122361, 42.313837837321564 ], [ 128.350422987217712, 42.31157092004613 ], [ 128.35146130268754, 42.310398180501657 ], [ 128.352846911067104, 42.309573437251366 ], [ 128.354684927496777, 42.309416691037711 ], [ 128.356420082784126, 42.309835046329049 ], [ 128.359813736744286, 42.310841727774381 ], [ 128.361628415342949, 42.310930393534534 ], [ 128.363455317861877, 42.310709836681077 ], [ 128.365057931820274, 42.310105530637315 ], [ 128.366357218534915, 42.309133537588295 ], [ 128.36755715313916, 42.308103320664806 ], [ 128.36755715313916, 42.308103320664806 ], [ 128.367875372395019, 42.307467114093349 ], [ 128.36780162509956, 42.306786777131315 ], [ 128.367251077746999, 42.306253591498475 ], [ 128.366406769384383, 42.306024492225198 ], [ 128.364571045500554, 42.305781371437753 ], [ 128.362841247382676, 42.305344943892571 ], [ 128.361997546032001, 42.305046733536869 ], [ 128.361427201099502, 42.304547779922423 ], [ 128.361254799858699, 42.303861421632647 ], [ 128.361444768803551, 42.30317116238561 ], [ 128.361961458661739, 42.302628598196897 ], [ 128.362740104871762, 42.302299911084269 ], [ 128.364545033235771, 42.30188808359906 ], [ 128.366135068704722, 42.301267940647108 ], [ 128.369117956018442, 42.299644053100067 ], [ 128.370109496086485, 42.29859212115381 ], [ 128.370597281867333, 42.297268548379328 ], [ 128.371681237325959, 42.294619772283454 ], [ 128.372677517233001, 42.292055263097389 ], [ 128.372887072054283, 42.290677606515473 ], [ 128.373399223616985, 42.28938502783317 ], [ 128.374756316272538, 42.288491457212174 ], [ 128.376400837208138, 42.287902221637744 ], [ 128.377137978761226, 42.287484515239072 ], [ 128.377557336612483, 42.286889244972521 ], [ 128.377525388223489, 42.286207375896069 ], [ 128.377084654237336, 42.28561098153169 ], [ 128.376353595357727, 42.285204897127358 ], [ 128.375459691009212, 42.285057572332377 ], [ 128.374661521531749, 42.284736396998078 ], [ 128.374082365457667, 42.284233195620494 ], [ 128.374049212037619, 42.28286629540581 ], [ 128.373469064132365, 42.282353827142444 ], [ 128.372566449456144, 42.282308290493546 ], [ 128.369148935650657, 42.2832549506848 ], [ 128.36741763782112, 42.283682795582301 ], [ 128.36559670169305, 42.283694381720096 ], [ 128.363771213224283, 42.283667850867978 ], [ 128.361990542109339, 42.283379592425185 ], [ 128.360169372670782, 42.283304704016956 ], [ 128.359238404167428, 42.283364187140478 ], [ 128.358698997815594, 42.283885754217117 ], [ 128.358518409340661, 42.284554861446395 ], [ 128.358729136592814, 42.285184788888991 ], [ 128.359703755164873, 42.286381773362187 ], [ 128.360338932838914, 42.287646465154751 ], [ 128.360313502145459, 42.288991050463515 ], [ 128.359865108453334, 42.28960044465888 ], [ 128.359077435992418, 42.289882210394651 ], [ 128.357299225890245, 42.289518860176472 ], [ 128.355917059439037, 42.288646347416837 ], [ 128.355147139271423, 42.287421068970467 ], [ 128.354383027864941, 42.284771619975537 ], [ 128.354186054023387, 42.282061573841403 ], [ 128.353455471477446, 42.279417282928158 ], [ 128.352375820799466, 42.276821429396627 ], [ 128.351929186795388, 42.274143333066512 ], [ 128.352267866283228, 42.2727944167167 ], [ 128.352805832583812, 42.27227129455207 ], [ 128.353580213622706, 42.271895964104402 ], [ 128.355310656716398, 42.271397091129124 ], [ 128.357084410335091, 42.271145948278544 ], [ 128.360755023681293, 42.271049395493328 ], [ 128.362514610479479, 42.270751420808899 ], [ 128.364119044317562, 42.270088759494143 ], [ 128.365519285678459, 42.269217812034142 ], [ 128.366706542733567, 42.268176101140917 ], [ 128.368045106562818, 42.267281643533103 ], [ 128.369760589224597, 42.266790269617346 ], [ 128.37333077954932, 42.266203132535409 ], [ 128.376375871512806, 42.264729095588997 ], [ 128.378060919138278, 42.264220784735734 ], [ 128.379883117071643, 42.264362887299107 ], [ 128.381438870067683, 42.264996300812115 ], [ 128.382378654085727, 42.265281319408665 ], [ 128.382823979203351, 42.265279643015177 ], [ 128.383073592255641, 42.265056128429329 ], [ 128.383193320794362, 42.264322877565363 ], [ 128.382760882542016, 42.263787538778175 ], [ 128.382086959872112, 42.263312514436677 ], [ 128.381665343764865, 42.262715021358531 ], [ 128.38128122667581, 42.261382505923649 ], [ 128.381544909282525, 42.260054752405743 ], [ 128.382079204737522, 42.258767490926417 ], [ 128.38216679035483, 42.257414002114643 ], [ 128.380866599883689, 42.256438421457084 ], [ 128.380027102764529, 42.256270059611822 ], [ 128.379137678401236, 42.25646507605056 ], [ 128.37752085047353, 42.257118618767166 ], [ 128.376653583168917, 42.257358581156943 ], [ 128.375753439253117, 42.257380416110998 ], [ 128.372336653719657, 42.25642846621195 ], [ 128.370669208524305, 42.255881439978367 ], [ 128.369175604618448, 42.255108157970291 ], [ 128.367014619179741, 42.252933305397697 ], [ 128.366042329784307, 42.251769533055516 ], [ 128.365485612232504, 42.250504789838622 ], [ 128.365314634911897, 42.247798422170078 ], [ 128.365502063571938, 42.24645549280968 ], [ 128.365182943160249, 42.245102842015072 ], [ 128.36532015280676, 42.243805265234798 ], [ 128.36554245297998, 42.243082204901306 ], [ 128.365755602371536, 42.242803691571375 ], [ 128.366183277207483, 42.242747832628936 ], [ 128.367024586775074, 42.243051649696199 ], [ 128.367623279068027, 42.243573013623603 ], [ 128.368648040221927, 42.244701166281068 ], [ 128.369094603628554, 42.24599627881237 ], [ 128.369202796008778, 42.247365852485558 ], [ 128.369489076284509, 42.24870148957654 ], [ 128.370308200404679, 42.249921956300334 ], [ 128.370998426156632, 42.250377961808709 ], [ 128.371888287193769, 42.250537388298106 ], [ 128.372743883739815, 42.25030314685705 ], [ 128.373301853732073, 42.2497563512281 ], [ 128.373570715415099, 42.248421225543957 ], [ 128.373553379855622, 42.247050028536755 ], [ 128.373655159358606, 42.244967442418343 ], [ 128.373655159358606, 42.244967442418343 ], [ 128.373930624145345, 42.241650224718853 ], [ 128.373582317432295, 42.236246477849598 ], [ 128.374717471824567, 42.230897161764517 ], [ 128.375125743643963, 42.228206593100438 ], [ 128.375004162329503, 42.226847395058158 ], [ 128.374437393250702, 42.225567842758323 ], [ 128.371968823565425, 42.223558028403808 ], [ 128.369141309780048, 42.221869137865617 ], [ 128.366253697602474, 42.22019696666068 ], [ 128.365139940887303, 42.219130564360988 ], [ 128.364546897211198, 42.217847582312707 ], [ 128.364226182187707, 42.215157495992244 ], [ 128.364126077888272, 42.212414580687422 ], [ 128.365586725538805, 42.209966455663555 ], [ 128.366035640492299, 42.208525457926413 ], [ 128.366681790430505, 42.208167940955661 ], [ 128.366681790430505, 42.208167940955661 ], [ 128.367262113147291, 42.20714253837901 ], [ 128.368172219702103, 42.206282776536661 ], [ 128.370416909803509, 42.204757587697664 ], [ 128.373691357327743, 42.201024695120289 ], [ 128.375893392462729, 42.199510093002708 ], [ 128.377761179214673, 42.197752474068103 ], [ 128.378469559182463, 42.196763415068574 ], [ 128.378860349046704, 42.195694753883366 ], [ 128.378817048273646, 42.193447410164943 ], [ 128.37748672853877, 42.189103049151335 ], [ 128.375565320669352, 42.184869896223482 ], [ 128.374104140094232, 42.182919093535126 ], [ 128.373122143970676, 42.180813110195572 ], [ 128.372423223779805, 42.177014943754912 ], [ 128.372423223779805, 42.177014943754912 ], [ 128.370983433116947, 42.172027311280011 ], [ 128.370137785617004, 42.169890905491634 ], [ 128.368985292555038, 42.167826738276062 ], [ 128.367989091615271, 42.16571892108918 ], [ 128.36753142064444, 42.163518677599974 ], [ 128.367541317725738, 42.161264504068726 ], [ 128.367913227528732, 42.160200016122793 ], [ 128.368803592205467, 42.159296647267652 ], [ 128.369829179666624, 42.158487685778603 ], [ 128.371072523794027, 42.157851733759507 ], [ 128.371072523794027, 42.157851733759507 ], [ 128.372537878545529, 42.157853350875627 ], [ 128.374055067589325, 42.158064035500914 ], [ 128.375533384172343, 42.157966375783197 ], [ 128.376903735375066, 42.157505052194097 ], [ 128.379639124181949, 42.156621562904903 ], [ 128.382611218315219, 42.156287663266554 ], [ 128.384592006105891, 42.156062291698866 ], [ 128.384592006105891, 42.156062291698866 ], [ 128.385529893207973, 42.155836228639828 ], [ 128.388013914200769, 42.154598153877956 ], [ 128.390499423403753, 42.152454589243547 ], [ 128.390499423403753, 42.152454589243547 ], [ 128.391615355202788, 42.151042161429345 ], [ 128.393999766684516, 42.149679034222416 ], [ 128.399159839431604, 42.147413958109709 ], [ 128.401583924201049, 42.14609160792272 ], [ 128.403781627221178, 42.144582028189227 ], [ 128.405844474417478, 42.142945009940995 ], [ 128.407532092671232, 42.141120062432883 ], [ 128.408292012377132, 42.139697188062655 ], [ 128.408292012377132, 42.139697188062655 ], [ 128.408926560317695, 42.137932255648884 ], [ 128.408873222928889, 42.136465279892278 ], [ 128.408873222928889, 42.136465279892278 ], [ 128.408623636872022, 42.134595777287785 ], [ 128.409008555890807, 42.132380046766293 ], [ 128.409171479710665, 42.130136541990701 ], [ 128.409384010062723, 42.129048669049389 ], [ 128.410181711799538, 42.128101280638887 ], [ 128.411337980312368, 42.127364602207848 ], [ 128.41274027484522, 42.127032209921715 ], [ 128.415743966520779, 42.126741664759692 ], [ 128.418559792896929, 42.125998048882529 ], [ 128.421110700264279, 42.124818573939422 ], [ 128.423362104444578, 42.123333973962382 ], [ 128.425048979257497, 42.121505677712463 ], [ 128.425858801168374, 42.119369445228472 ], [ 128.426302912737924, 42.11711750519077 ], [ 128.427727727827374, 42.112786015982564 ], [ 128.429908273064143, 42.108623187364429 ], [ 128.43162429085632, 42.104349826018613 ], [ 128.432940515216018, 42.099994057364341 ], [ 128.434022223786229, 42.097903116748746 ], [ 128.435636262127133, 42.096017471810747 ], [ 128.437594160890626, 42.094326684047751 ], [ 128.438341629085642, 42.093357001367153 ], [ 128.438819060713939, 42.092292394483323 ], [ 128.438986118543482, 42.091179317549589 ], [ 128.438829796578261, 42.090070272790349 ], [ 128.437850889079272, 42.087954338112183 ], [ 128.436961545480386, 42.08583208433749 ], [ 128.43668930929428, 42.083601035369917 ], [ 128.436312836475537, 42.079151245159274 ], [ 128.435689407898337, 42.076964619377385 ], [ 128.435697904679785, 42.074740893063428 ], [ 128.436541570249204, 42.070311576596197 ], [ 128.438109680670948, 42.066000123425233 ], [ 128.439274075009251, 42.063941251501042 ], [ 128.44079221477574, 42.062015839378397 ], [ 128.442516102110261, 42.060191585680911 ], [ 128.443271504716307, 42.059219697193839 ], [ 128.443733904514602, 42.058167029463107 ], [ 128.444213509491448, 42.055944698465076 ], [ 128.444423838564916, 42.053732486936745 ], [ 128.443506345790155, 42.049308755420213 ], [ 128.44365509827017, 42.04708774820466 ], [ 128.444343032232013, 42.044906686853423 ], [ 128.445351896542462, 42.042800562056684 ], [ 128.446686312813853, 42.04080028265065 ], [ 128.448383441184745, 42.038956903814054 ], [ 128.450469442096249, 42.037353277935615 ], [ 128.455149716605149, 42.034566913210604 ], [ 128.456783547121859, 42.032702759140498 ], [ 128.457935947205215, 42.030625818455874 ], [ 128.45930976594974, 42.028661679515217 ], [ 128.461213527370575, 42.026928254534333 ], [ 128.463409980335655, 42.02541165114625 ], [ 128.464753636540934, 42.024889970695142 ], [ 128.466214034503423, 42.024694499453993 ], [ 128.469195403921418, 42.024557254814646 ], [ 128.471994281305285, 42.023739058577895 ], [ 128.474947835185191, 42.023448181626243 ], [ 128.476457716976967, 42.023547674534527 ], [ 128.477874685295291, 42.023882451048642 ], [ 128.479120470751241, 42.024508955077962 ], [ 128.48016468434173, 42.025319221135277 ], [ 128.481677186130383, 42.02723927924287 ], [ 128.483708734752412, 42.031445285259899 ], [ 128.485317251108427, 42.033339647270132 ], [ 128.486503064240054, 42.034002187142967 ], [ 128.487880313634975, 42.034462908924866 ], [ 128.490737684312194, 42.035166972485385 ], [ 128.493663066266976, 42.035636138945463 ], [ 128.496646431540569, 42.035661711455724 ], [ 128.499525046646625, 42.035031038921048 ], [ 128.502301814036031, 42.034121879261214 ], [ 128.505171395794918, 42.033603224189548 ], [ 128.508175001813612, 42.033420741803646 ], [ 128.511043708465252, 42.032760310114554 ], [ 128.513508174839899, 42.031492038943583 ], [ 128.515493599842102, 42.029818893949205 ], [ 128.519161632210484, 42.026288364491265 ], [ 128.521252874862967, 42.024684489457954 ], [ 128.523779867225045, 42.023493198424987 ], [ 128.526055868407326, 42.022046267444161 ], [ 128.527623588942532, 42.020139049581886 ], [ 128.528429273455373, 42.017988052290214 ], [ 128.528227246736378, 42.015895652852628 ], [ 128.528227246736378, 42.015895652852628 ], [ 128.526569217859588, 42.01852327911449 ], [ 128.524945412356658, 42.020588246791327 ], [ 128.523423214886861, 42.021592153911769 ], [ 128.520106940422124, 42.023330872064484 ], [ 128.516607494889882, 42.024874632233697 ], [ 128.510583212748145, 42.028889265480103 ], [ 128.507336816418672, 42.030728614988604 ], [ 128.503406026185246, 42.031463954120682 ], [ 128.499378631978431, 42.031133191963619 ], [ 128.495416515006582, 42.030477675391992 ], [ 128.493424608880787, 42.030184525246163 ], [ 128.491539750271698, 42.029631591920648 ], [ 128.490080340288216, 42.028591018379721 ], [ 128.489962346495531, 42.027853349277237 ], [ 128.490186262801217, 42.027108159186724 ], [ 128.490632732760957, 42.026427651997892 ], [ 128.491344984198037, 42.02588999291779 ], [ 128.493090948278962, 42.025113412858502 ], [ 128.496619420193838, 42.023648729096273 ], [ 128.497739222507079, 42.022396435693722 ], [ 128.498143814915323, 42.02091590286431 ], [ 128.498336523153597, 42.017903859298016 ], [ 128.498290050214791, 42.016389394353745 ], [ 128.498847003024139, 42.014943172887328 ], [ 128.498756843355835, 42.014200799798481 ], [ 128.49810897857941, 42.01361838661969 ], [ 128.496150890505788, 42.013248648645074 ], [ 128.494138369361821, 42.013022303931528 ], [ 128.493279180840744, 42.012672835246157 ], [ 128.4931954035101, 42.011933038883882 ], [ 128.49506019954913, 42.011333956615985 ], [ 128.497060418847667, 42.011126581469505 ], [ 128.501149013295418, 42.011171489575794 ], [ 128.503117000586087, 42.010919785729293 ], [ 128.504931258898694, 42.01020722259458 ], [ 128.50657498651438, 42.00934802330088 ], [ 128.507808606261278, 42.008141307818498 ], [ 128.50893115107101, 42.006880454227307 ], [ 128.509755181882099, 42.005488001587864 ], [ 128.509736812902986, 42.003985927613357 ], [ 128.509364749267434, 42.003290398917741 ], [ 128.50868377874815, 42.002720423638081 ], [ 128.508084683789775, 42.002120281269093 ], [ 128.507802546921766, 42.001387726138276 ], [ 128.507667089757433, 42.000267751643889 ], [ 128.507667089757433, 42.000267751643889 ], [ 128.501010876872215, 42.000260756197065 ], [ 128.487858184525891, 42.000274440226391 ], [ 128.487858184525891, 42.000274440226391 ], [ 128.484370453993222, 42.003742937355526 ], [ 128.482533856154618, 42.005581062985236 ], [ 128.4813878896841, 42.006314513658168 ], [ 128.480033855888706, 42.006845039095793 ], [ 128.477082193101069, 42.007412000523324 ], [ 128.474049944672885, 42.007643674533846 ], [ 128.471039705980644, 42.008006483367275 ], [ 128.46959864390567, 42.00842713662972 ], [ 128.468371817066526, 42.009093488291349 ], [ 128.465216696207506, 42.012973179791928 ], [ 128.460988481989318, 42.016276987913741 ], [ 128.459243591973461, 42.018113337349007 ], [ 128.457963723279647, 42.020191183890724 ], [ 128.456450225713098, 42.022169340236452 ], [ 128.454389526141057, 42.023842774642766 ], [ 128.451500419697254, 42.027845234636153 ], [ 128.450517590105278, 42.028719471185113 ], [ 128.449299521704006, 42.029401439646996 ], [ 128.446846361058448, 42.030734890268427 ], [ 128.443547709870614, 42.034574663099846 ], [ 128.442503521101571, 42.035414298409897 ], [ 128.441234352300597, 42.036031275775329 ], [ 128.438257194363615, 42.036590093801955 ], [ 128.435224144819188, 42.036844984112847 ], [ 128.433752925520793, 42.037176535228298 ], [ 128.432445867797128, 42.037695841420934 ], [ 128.431108458177789, 42.038274597506422 ], [ 128.430318926602496, 42.038492812496266 ], [ 128.429594354966355, 42.038480977441701 ], [ 128.429107308456651, 42.038096690229324 ], [ 128.428837425360541, 42.037504817038275 ], [ 128.428681707552045, 42.036366474471755 ], [ 128.428849058748824, 42.034105556416534 ], [ 128.428783016386348, 42.032945740760297 ], [ 128.42841745770437, 42.03184667244345 ], [ 128.427644018186328, 42.030888029067206 ], [ 128.426476919659649, 42.030055564050471 ], [ 128.425781839935297, 42.02985927182641 ], [ 128.425052850311147, 42.029966232867025 ], [ 128.423964953089097, 42.030785004345589 ], [ 128.422499429552943, 42.032777993271125 ], [ 128.421428582438011, 42.033602504776503 ], [ 128.420164960975796, 42.034259212008109 ], [ 128.418762582019269, 42.034701477184406 ], [ 128.417274609490676, 42.03493598791114 ], [ 128.414259719259604, 42.035373287221802 ], [ 128.411527420610071, 42.036349525157142 ], [ 128.409156210010167, 42.037797421580386 ], [ 128.405490316588413, 42.041425748763693 ], [ 128.404296506099229, 42.042131391828434 ], [ 128.402934245906721, 42.0426528452859 ], [ 128.399994573908032, 42.043232473833939 ], [ 128.396900141925641, 42.043294184446545 ], [ 128.395463198040062, 42.043557876295658 ], [ 128.394349080218319, 42.044363590025007 ], [ 128.393645255749476, 42.045410416078688 ], [ 128.393260196941981, 42.046510350901571 ], [ 128.392627954684627, 42.048713757465762 ], [ 128.392060334891511, 42.050975630797019 ], [ 128.391776208253475, 42.052111873894063 ], [ 128.391037940228216, 42.053042568565026 ], [ 128.388405695224009, 42.054306533254142 ], [ 128.385692212495627, 42.05532644730507 ], [ 128.382829364059972, 42.056107307377687 ], [ 128.379809125803632, 42.056449082929731 ], [ 128.376754982144803, 42.056429371841958 ], [ 128.373731288402013, 42.056654149658293 ], [ 128.370715864816304, 42.057088034752617 ], [ 128.36768744385688, 42.057218969206815 ], [ 128.361741212888546, 42.056162349528762 ], [ 128.356011256190499, 42.054614636819956 ], [ 128.353055024951914, 42.054052675382437 ], [ 128.350023538036652, 42.053721494640101 ], [ 128.347001139038582, 42.053411749910509 ], [ 128.344126749486804, 42.05268209495096 ], [ 128.338814660035325, 42.050406525992088 ], [ 128.33609341112674, 42.049410106516945 ], [ 128.333175925344932, 42.048739716665942 ], [ 128.327094749474384, 42.048082963337045 ], [ 128.324149900292184, 42.04756743433223 ], [ 128.321309295567914, 42.046735476661489 ], [ 128.31834587150027, 42.046173819621458 ], [ 128.31529045290273, 42.046132843260615 ], [ 128.309334880390139, 42.047122636333413 ], [ 128.303375955881449, 42.048109403618902 ], [ 128.30033312002962, 42.04834833550666 ], [ 128.29727584773434, 42.048335309975641 ], [ 128.294261602091325, 42.048000595970059 ], [ 128.291326781670676, 42.047363991104426 ], [ 128.285689315509472, 42.045610861560824 ], [ 128.279937311470121, 42.044137783425384 ], [ 128.276956025299711, 42.043624749893503 ], [ 128.273929914595982, 42.043381615865485 ], [ 128.270924136604151, 42.043743053433175 ], [ 128.268037159458601, 42.044496379931303 ], [ 128.262416129939226, 42.046279381333996 ], [ 128.256917852904678, 42.048213950711201 ], [ 128.251626838539522, 42.050540127275852 ], [ 128.249391324435692, 42.05207295233707 ], [ 128.24768165517898, 42.053947138156218 ], [ 128.245956541753941, 42.055830513988035 ], [ 128.243765315421143, 42.057413430351247 ], [ 128.238619139012059, 42.059855336761586 ], [ 128.23333813633792, 42.062130013045696 ], [ 128.2282159418248, 42.064603270515825 ], [ 128.223566498349186, 42.067549342224119 ], [ 128.221561281953967, 42.06927096775361 ], [ 128.219960334720696, 42.071208642185013 ], [ 128.219038085667478, 42.073382855574152 ], [ 128.218927948779111, 42.075662200647884 ], [ 128.218829919522534, 42.076790744721883 ], [ 128.218393686324305, 42.077877755169517 ], [ 128.217563768000304, 42.078856751637161 ], [ 128.21638440731104, 42.079587509455621 ], [ 128.214945332222783, 42.079900353027597 ], [ 128.213387949629379, 42.079936453972415 ], [ 128.210325605335356, 42.079930242215596 ], [ 128.207271155636164, 42.079840690673564 ], [ 128.205749914959483, 42.079906287099689 ], [ 128.20427359412912, 42.080205328568731 ], [ 128.202903745421963, 42.080740311379309 ], [ 128.201715144253711, 42.081466442895085 ], [ 128.199946823113692, 42.083321040614749 ], [ 128.199100895960498, 42.0854815844312 ], [ 128.198599516156605, 42.087746554963751 ], [ 128.197997849827232, 42.088803211246983 ], [ 128.197001375266183, 42.089645179918982 ], [ 128.19423971800785, 42.090659935406968 ], [ 128.191263044474965, 42.091150437455603 ], [ 128.188222414821155, 42.09127095882085 ], [ 128.185176260617908, 42.090995942446924 ], [ 128.183658056929943, 42.090963752139452 ], [ 128.182178028675906, 42.091238258587083 ], [ 128.182178028675906, 42.091238258587083 ], [ 128.182810681920643, 42.093942461621609 ], [ 128.183097446950967, 42.096250471491928 ], [ 128.183511163492454, 42.100885686356818 ], [ 128.183938781089068, 42.103183143094206 ], [ 128.184673229790377, 42.105440218821442 ], [ 128.186902954586316, 42.109765688191821 ], [ 128.187649132136698, 42.112021932562385 ], [ 128.188777762174112, 42.114175236124183 ], [ 128.190041507990571, 42.116300218499113 ], [ 128.190856018232154, 42.118541860224681 ], [ 128.191163044416982, 42.120856362535719 ], [ 128.19072410826783, 42.123141398703076 ], [ 128.190309516526639, 42.123653736218827 ], [ 128.18966297044966, 42.123974772086967 ], [ 128.188861164802887, 42.123959932679838 ], [ 128.188271875318321, 42.123609589001752 ], [ 128.187229961283919, 42.121406088307545 ], [ 128.18648950428215, 42.116784754588728 ], [ 128.185370931956157, 42.114630220690593 ], [ 128.183637050782352, 42.112694452582616 ], [ 128.181946637052675, 42.110748434518555 ], [ 128.18141168312826, 42.109655477964125 ], [ 128.181196384248125, 42.108512181309514 ], [ 128.181801510811226, 42.103871970989829 ], [ 128.181515200976094, 42.101574208380796 ], [ 128.180560633370533, 42.099361501844918 ], [ 128.179535790041143, 42.097177063886576 ], [ 128.178907668980457, 42.094913379739431 ], [ 128.178494878096075, 42.092270994437371 ], [ 128.178494878096075, 42.092270994437371 ], [ 128.175612812298596, 42.09422614480988 ], [ 128.174131056614414, 42.095111008262954 ], [ 128.172417716398428, 42.095728567798567 ], [ 128.1689587331187, 42.096922531664703 ], [ 128.167465998175487, 42.097802928068347 ], [ 128.165886438840488, 42.099055170487411 ], [ 128.165886438840488, 42.099055170487411 ], [ 128.166044431096566, 42.104981483058133 ], [ 128.166589455251341, 42.109581298507976 ], [ 128.167786777605613, 42.114140408028575 ], [ 128.168435635478801, 42.118753087597412 ], [ 128.16858500897942, 42.123398828520081 ], [ 128.168945304806556, 42.128024460466783 ], [ 128.169879105960035, 42.132612559146885 ], [ 128.17176831687695, 42.141780045832171 ], [ 128.172522004131878, 42.146391996002478 ], [ 128.1724671722138, 42.148716730515886 ], [ 128.171929745435847, 42.151000466316489 ], [ 128.170852498376462, 42.153180936576554 ], [ 128.169523593210698, 42.155280237350127 ], [ 128.16778737459191, 42.159746827908968 ], [ 128.167035815808447, 42.160746437260535 ], [ 128.166016187523269, 42.161628699088652 ], [ 128.164857813255566, 42.162422412349642 ], [ 128.16340806983294, 42.162886315609583 ], [ 128.16261241295507, 42.162832000076108 ], [ 128.16201859131283, 42.16250312769877 ], [ 128.161323146113176, 42.16141692647259 ], [ 128.160277604925028, 42.159286003514204 ], [ 128.159624345418791, 42.158200693186934 ], [ 128.158601173757404, 42.157181787671959 ], [ 128.157956984996162, 42.156887784817741 ], [ 128.157239594549196, 42.156866610182739 ], [ 128.155790945467487, 42.157407262760593 ], [ 128.1535394467206, 42.159015983854339 ], [ 128.151767217924544, 42.160899723400519 ], [ 128.145689707925783, 42.169025484406845 ], [ 128.140954509127624, 42.177596556843497 ], [ 128.139972253978158, 42.179794594316853 ], [ 128.140063518715067, 42.18211606322496 ], [ 128.141199203655958, 42.186676225440848 ], [ 128.143148738183555, 42.195833454230424 ], [ 128.14467812070302, 42.200351977352845 ], [ 128.144953496572839, 42.202616996940648 ], [ 128.144820052293568, 42.203252012060616 ], [ 128.14443343011186, 42.203742323560846 ], [ 128.143664909621521, 42.203755013227578 ], [ 128.143076039700276, 42.203388004643379 ], [ 128.139731937156142, 42.199437226044665 ], [ 128.138735118771052, 42.197250171271868 ], [ 128.138348579884308, 42.19493330122409 ], [ 128.138035303448049, 42.190304895185157 ], [ 128.137767347979377, 42.18799297895211 ], [ 128.137125331570019, 42.185714373398639 ], [ 128.135887623164479, 42.183592175892848 ], [ 128.134102738927993, 42.181683202063624 ], [ 128.132069214516747, 42.179922227665323 ], [ 128.129670534025706, 42.178443810591276 ], [ 128.126794300316476, 42.177510385362673 ], [ 128.12524109376119, 42.177492476579019 ], [ 128.123763052232619, 42.1779023891633 ], [ 128.122548717082481, 42.178629990019388 ], [ 128.121610271232043, 42.179564351702631 ], [ 128.120199226405902, 42.181668715210108 ], [ 128.11822831786904, 42.186055127348155 ], [ 128.116530599373675, 42.190515742673426 ], [ 128.115061518054631, 42.195047166019364 ], [ 128.114385199275716, 42.196079510618809 ], [ 128.113276993103085, 42.196912081555318 ], [ 128.112541772394053, 42.197159769623923 ], [ 128.111779563123577, 42.197124016307662 ], [ 128.11114031771001, 42.196767467231609 ], [ 128.11079670276041, 42.196248747655737 ], [ 128.110588836135747, 42.19391418261953 ], [ 128.110673937780689, 42.191608470079515 ], [ 128.111394897840484, 42.187002205368323 ], [ 128.112758368332294, 42.182474017353201 ], [ 128.113854284229689, 42.17791295276448 ], [ 128.11403931168806, 42.175590002608466 ], [ 128.113822661665068, 42.173252740610607 ], [ 128.112976568212389, 42.171022703667688 ], [ 128.111361071343197, 42.169033795116832 ], [ 128.109183023617447, 42.167362933770619 ], [ 128.106671321487454, 42.165981901071653 ], [ 128.101261144609765, 42.163660805381248 ], [ 128.090310326635347, 42.159205790262781 ], [ 128.08756517308683, 42.158103512721134 ], [ 128.084705198605178, 42.157213615442949 ], [ 128.081704808361877, 42.156594097708201 ], [ 128.078610563643764, 42.156183468804649 ], [ 128.075498781211252, 42.155846861783317 ], [ 128.072503289851539, 42.155287386651857 ], [ 128.066989050570044, 42.153129563711801 ], [ 128.061344712108223, 42.151112627793111 ], [ 128.0553701166547, 42.149800036486013 ], [ 128.04920785403732, 42.149081679905734 ], [ 128.042995576523055, 42.148664390199308 ], [ 128.030606157755699, 42.147637355151915 ], [ 128.029066756899965, 42.147795016861942 ], [ 128.027577229225955, 42.148165828302751 ], [ 128.024955572548379, 42.149451826867477 ], [ 128.023030380922279, 42.1512719289614 ], [ 128.021785337965952, 42.153394084340448 ], [ 128.017557711180359, 42.162119764948777 ], [ 128.01659815563886, 42.16436506828623 ], [ 128.01607171844924, 42.165471809209791 ], [ 128.015129973794814, 42.166339353447889 ], [ 128.013706949211269, 42.166888471351946 ], [ 128.013049196136308, 42.166626848477833 ], [ 128.012575632808904, 42.166134647709654 ], [ 128.012089219592497, 42.165052528050936 ], [ 128.011970909744434, 42.163904729428822 ], [ 128.012355100611472, 42.159232206319551 ], [ 128.012784836590754, 42.156950230199392 ], [ 128.013515725801739, 42.15469244099377 ], [ 128.014253864219143, 42.152451268000746 ], [ 128.014691372986078, 42.150152761211231 ], [ 128.014495700656283, 42.147758561826038 ], [ 128.013919572909799, 42.146705139403963 ], [ 128.012882902662341, 42.14589289747925 ], [ 128.009965535560553, 42.14488178843699 ], [ 128.006901518739028, 42.144360610346276 ], [ 128.000998827241858, 42.144202980203332 ], [ 128.000998827241858, 42.144202980203332 ], [ 128.000999688078878, 42.166935801182078 ], [ 128.001002323278868, 42.333606469625146 ], [ 128.001004981381044, 42.500277135717894 ], [ 128.001008680456096, 42.608655963837279 ], [ 128.001008680456096, 42.608655963837279 ], [ 128.00186618051228, 42.608067722378316 ], [ 128.003010800286916, 42.607851400740444 ], [ 128.005506184718314, 42.608165129824528 ], [ 128.010145351622384, 42.60923122800655 ], [ 128.011344262568286, 42.609385872024404 ], [ 128.012530887540123, 42.609123034432521 ], [ 128.013342835366785, 42.608475795580155 ], [ 128.013882978563373, 42.607646106247394 ], [ 128.015343217237387, 42.606196475341399 ], [ 128.017229066712446, 42.605048471939035 ], [ 128.018004259913766, 42.604350155838411 ], [ 128.018526776632712, 42.603530955721709 ], [ 128.019001824973458, 42.601760440246196 ], [ 128.019884439257339, 42.600084036676122 ], [ 128.021344180997971, 42.598615725783148 ], [ 128.022314945522652, 42.596989372334058 ], [ 128.023050581195577, 42.595264603936997 ], [ 128.024191946388498, 42.593657590557598 ], [ 128.02590176990438, 42.592399438691224 ], [ 128.029828677576745, 42.590843415498924 ], [ 128.031362410949896, 42.590374950291334 ], [ 128.031362410949896, 42.590374950291334 ], [ 128.03247437523089, 42.589992905775873 ], [ 128.034261139107173, 42.588768613257635 ], [ 128.034645238498257, 42.587903700306811 ], [ 128.034524794820669, 42.587007325339101 ], [ 128.033967050160015, 42.586190087471913 ], [ 128.033158846558678, 42.585486222458016 ], [ 128.031377644614025, 42.584262096989065 ], [ 128.029886720612524, 42.582832759044884 ], [ 128.028695519043964, 42.581258168872992 ], [ 128.02829811835332, 42.579479276916985 ], [ 128.028564585006819, 42.577688952585149 ], [ 128.029156357163629, 42.575924919493708 ], [ 128.02988414108151, 42.575202299796558 ], [ 128.030932776979455, 42.574724835836541 ], [ 128.032138110877696, 42.574560570714759 ], [ 128.033356627279204, 42.574620953445496 ], [ 128.035768954699023, 42.574886342478571 ], [ 128.038196547998297, 42.574657050511604 ], [ 128.039209155562219, 42.574173686746605 ], [ 128.039974912003601, 42.573457983243699 ], [ 128.040996075370828, 42.572125733028393 ], [ 128.040996075370828, 42.572125733028393 ], [ 128.042094085791348, 42.570210056083425 ], [ 128.042754083910324, 42.568473311891374 ], [ 128.042915142103624, 42.566660925731611 ], [ 128.043151160150472, 42.565788957961331 ], [ 128.043744588629352, 42.564996144137552 ], [ 128.045483476068569, 42.563710698089608 ], [ 128.047405413847741, 42.562589024669457 ], [ 128.048982895382522, 42.561227754708867 ], [ 128.04993701150218, 42.559560899246819 ], [ 128.050757178506757, 42.557863092260689 ], [ 128.051991900343182, 42.556306953713566 ], [ 128.053615854438789, 42.554960971138229 ], [ 128.054948927941496, 42.553446859664902 ], [ 128.055490856561505, 42.551691354277892 ], [ 128.055392914837824, 42.549900581567037 ], [ 128.054871953910009, 42.54907679003616 ], [ 128.054091200571776, 42.548362090734379 ], [ 128.051958460866047, 42.547515010765778 ], [ 128.05096836076595, 42.546974125426928 ], [ 128.050565058478753, 42.54613483413619 ], [ 128.050956894846593, 42.545252445672773 ], [ 128.051829472781378, 42.544608172089639 ], [ 128.056210769039893, 42.543018320535737 ], [ 128.058322860098343, 42.54210923632882 ], [ 128.060252495021388, 42.541008704183866 ], [ 128.061552857412266, 42.539490203565293 ], [ 128.062070732126756, 42.537713786418159 ], [ 128.062056468794367, 42.535923334770487 ], [ 128.062127568907925, 42.535413948739688 ], [ 128.062503197012887, 42.535211534476417 ], [ 128.063696343863711, 42.535701946786283 ], [ 128.064466015053739, 42.536409079394986 ], [ 128.064936982139557, 42.537220748106805 ], [ 128.065390487419364, 42.538993805972282 ], [ 128.064844596073328, 42.540754166222037 ], [ 128.063398662328922, 42.542207687833887 ], [ 128.059643091971481, 42.54452853408857 ], [ 128.058877301954624, 42.545214819261247 ], [ 128.058628933915628, 42.546106596079724 ], [ 128.05884340110029, 42.54701004801656 ], [ 128.059396969516087, 42.547812036143441 ], [ 128.060929083791024, 42.549216743770913 ], [ 128.062006863673361, 42.550828587825009 ], [ 128.06223313243359, 42.552627270862018 ], [ 128.061863186134786, 42.554406854076404 ], [ 128.061044765442375, 42.556133195396029 ], [ 128.05967416732571, 42.5576082414808 ], [ 128.057674679800613, 42.558657587402152 ], [ 128.056872742381472, 42.559332381584746 ], [ 128.056746975693272, 42.560247993649845 ], [ 128.058130780989472, 42.561735162644119 ], [ 128.058189151473499, 42.562167167828093 ], [ 128.057835094777772, 42.56252834931685 ], [ 128.056681367370203, 42.562963046980407 ], [ 128.054497346924933, 42.563689737527369 ], [ 128.052947223776783, 42.565085792124584 ], [ 128.05186491453793, 42.566707741002972 ], [ 128.050443715797428, 42.568153403388898 ], [ 128.04873860535659, 42.569469962307984 ], [ 128.047341084763929, 42.570943782234139 ], [ 128.046831311016803, 42.5727068018941 ], [ 128.04736492275498, 42.574469019509991 ], [ 128.04736492275498, 42.574469019509991 ], [ 128.048475269771359, 42.576075897130451 ], [ 128.049973363850967, 42.577490304666497 ], [ 128.051536874034809, 42.578883428120307 ], [ 128.052705373639441, 42.580466403622687 ], [ 128.052900209937548, 42.582266388729394 ], [ 128.052345052833033, 42.584029320918916 ], [ 128.050998570528208, 42.58554228759246 ], [ 128.049969597938144, 42.58602097600594 ], [ 128.0487746360931, 42.586234290297192 ], [ 128.046345305338804, 42.586029737069303 ], [ 128.044191189529499, 42.585188885771998 ], [ 128.042702201733505, 42.583758036318521 ], [ 128.041551108660713, 42.582161423189632 ], [ 128.038898559557992, 42.579142801868855 ], [ 128.037816953500879, 42.578715679194922 ], [ 128.03723003731676, 42.578774296710378 ], [ 128.036863388257359, 42.579124418031228 ], [ 128.036750122155524, 42.580084726448518 ], [ 128.03719383743433, 42.580926436376842 ], [ 128.040136530677955, 42.583797085002494 ], [ 128.041424555451755, 42.585328233409982 ], [ 128.042498765353969, 42.586979933410753 ], [ 128.042553070246441, 42.587840992283304 ], [ 128.04226106101072, 42.588724952290313 ], [ 128.041524761684315, 42.590529883439764 ], [ 128.040775994006367, 42.591463797349128 ], [ 128.040775994006367, 42.591463797349128 ], [ 128.041132515076271, 42.592115176660002 ], [ 128.041050979502756, 42.592818879315686 ], [ 128.039953555721723, 42.593958695272583 ], [ 128.038337624591549, 42.594694131172673 ], [ 128.038337624591549, 42.594694131172673 ], [ 128.037453253290863, 42.597349437179808 ], [ 128.036861537567205, 42.598650200655598 ], [ 128.035852948859969, 42.599804327537782 ], [ 128.033327698018553, 42.601816192844446 ], [ 128.03268187325159, 42.603110550900944 ], [ 128.032592373289646, 42.604489344336585 ], [ 128.033156056063177, 42.607208637292324 ], [ 128.033068642337867, 42.608576897135926 ], [ 128.032512979772093, 42.609892938162588 ], [ 128.031507109482192, 42.611053360605396 ], [ 128.030009563687855, 42.61185224321617 ], [ 128.026086045764515, 42.612339368064326 ], [ 128.026086045764515, 42.612339368064326 ], [ 128.025217063316887, 42.612617135682349 ], [ 128.023298858940592, 42.612840546862635 ], [ 128.015673863988013, 42.613262603888721 ], [ 128.013889585200673, 42.613687797688833 ], [ 128.012179007523542, 42.614332402964841 ], [ 128.010309365415168, 42.614617771638365 ], [ 128.008919651244497, 42.614371955533173 ], [ 128.008918651216561, 42.614371955541962 ], [ 128.00476459381818, 42.613644424091312 ], [ 128.002886930113021, 42.613393522415258 ], [ 128.001007717686747, 42.613443020519178 ], [ 128.001006717658782, 42.613443020527974 ], [ 128.001006757279526, 42.619971261848541 ], [ 128.001006757279526, 42.619971261848541 ], [ 128.002148221008071, 42.621206774169416 ], [ 128.003714945799146, 42.622198879893411 ], [ 128.003714945799146, 42.622198879893411 ], [ 128.008444909407473, 42.620929140557408 ], [ 128.012406130275934, 42.619062016881372 ], [ 128.016980156946715, 42.618114355041179 ], [ 128.019219370249289, 42.617565084064559 ], [ 128.021549431758217, 42.617264980253879 ], [ 128.023894745742666, 42.617544126435646 ], [ 128.024948092055695, 42.617957737883799 ], [ 128.025828600320523, 42.618551815586152 ], [ 128.026855669776353, 42.620109277579722 ], [ 128.027214738669926, 42.621852472880882 ], [ 128.027168701404122, 42.623593312967543 ], [ 128.026623495748623, 42.625290645211791 ], [ 128.025588617840384, 42.62687168841132 ], [ 128.023981703105648, 42.628140119661502 ], [ 128.023981703105648, 42.628140119661502 ], [ 128.024166990526481, 42.630350582092156 ], [ 128.025445619428297, 42.631706552218041 ], [ 128.026371366216267, 42.632135656496175 ], [ 128.027425149962625, 42.632341403680336 ], [ 128.029671476889462, 42.632335799216285 ], [ 128.031893844353476, 42.631862896656877 ], [ 128.033945881185218, 42.63126398442234 ], [ 128.037352674738685, 42.630008855958735 ], [ 128.039892951221333, 42.629581824003779 ], [ 128.04211188926061, 42.629543888726502 ], [ 128.046561415345053, 42.629898234990883 ], [ 128.050825616731146, 42.630632428920229 ], [ 128.054854336275127, 42.631932642183102 ], [ 128.058412024100733, 42.633868356006047 ], [ 128.059911035170359, 42.635070708574837 ], [ 128.061158797502031, 42.636410099840163 ], [ 128.063165174615733, 42.639838938410598 ], [ 128.063165174615733, 42.639838938410598 ], [ 128.06526017624023, 42.641055938210052 ], [ 128.066533129447095, 42.641384989460313 ], [ 128.067884391863799, 42.641422577368331 ], [ 128.069168941330105, 42.641119932439068 ], [ 128.070208519821108, 42.640494185760836 ], [ 128.071918477012417, 42.639003093921346 ], [ 128.073161568676511, 42.638592101452112 ], [ 128.074215120681259, 42.638052653328629 ], [ 128.074746586504006, 42.637160787899994 ], [ 128.074841015712082, 42.636094215832699 ], [ 128.074166320492566, 42.634093831639007 ], [ 128.072738536008472, 42.632540827661593 ], [ 128.070996172542408, 42.631136796921744 ], [ 128.070168273474621, 42.630117939426754 ], [ 128.069890505830728, 42.629574657903412 ], [ 128.069886413707735, 42.629188305121481 ], [ 128.070273086308191, 42.62908419548819 ], [ 128.070950892077576, 42.629212003251311 ], [ 128.072449022861463, 42.629681532843556 ], [ 128.073681339122885, 42.630003852093026 ], [ 128.074952893564017, 42.630085964004941 ], [ 128.076271255605803, 42.62985030836802 ], [ 128.077302685944943, 42.629238882715214 ], [ 128.078566772108644, 42.627464829463698 ], [ 128.07903892884201, 42.625540774689675 ], [ 128.07895646348527, 42.623569621419122 ], [ 128.07895646348527, 42.623569621419122 ], [ 128.077256510026871, 42.62048919560506 ], [ 128.077257510054778, 42.620489195596249 ] ], [ [ 128.275183101717175, 42.2891829383057 ], [ 128.276851490894273, 42.293826572019732 ], [ 128.278240615381378, 42.296006327215544 ], [ 128.280046890592359, 42.298014750129695 ], [ 128.284279164794441, 42.301668061523884 ], [ 128.286023408306534, 42.303667098064388 ], [ 128.287489959441075, 42.305822557706449 ], [ 128.290292046978834, 42.310193641744227 ], [ 128.290951760203768, 42.312526036481898 ], [ 128.290865984324228, 42.314938047606638 ], [ 128.290156255000255, 42.319702920472729 ], [ 128.290268976348159, 42.324519180374423 ], [ 128.289912234185437, 42.326936571636686 ], [ 128.288732881809779, 42.329164217078024 ], [ 128.286582668330624, 42.330978524683992 ], [ 128.283811979709355, 42.332232262774781 ], [ 128.277700281295608, 42.333879996671683 ], [ 128.276120961890172, 42.334065579206367 ], [ 128.27451188379095, 42.333957501606214 ], [ 128.27138681624379, 42.333221689617368 ], [ 128.268514962885718, 42.332126910719275 ], [ 128.265833830830815, 42.330772299480437 ], [ 128.260673916304683, 42.32786243654418 ], [ 128.255612129479488, 42.32487130568844 ], [ 128.252982411366304, 42.323445787634661 ], [ 128.251529688962364, 42.322922488741447 ], [ 128.249933912369272, 42.322686927510205 ], [ 128.248291976748447, 42.322726040361189 ], [ 128.24670790031584, 42.32298903123494 ], [ 128.243594978064067, 42.32365030377791 ], [ 128.241952111581156, 42.323747582285058 ], [ 128.24031139067111, 42.323582922565244 ], [ 128.238796254869726, 42.323131175509396 ], [ 128.237512142215053, 42.322389596559205 ], [ 128.236491488038951, 42.321445415329364 ], [ 128.235726478922516, 42.320390964481476 ], [ 128.234665755318048, 42.318106410359803 ], [ 128.232490810029446, 42.313569570805079 ], [ 128.230880637347894, 42.311495843928483 ], [ 128.228995907053985, 42.309508538038287 ], [ 128.226696353799298, 42.30783208022131 ], [ 128.225233914659299, 42.307318409069829 ], [ 128.223576859133459, 42.307139429527858 ], [ 128.221889179743414, 42.307374712387123 ], [ 128.220623167570039, 42.308081719235368 ], [ 128.220623167570039, 42.308081719235368 ], [ 128.21991963257193, 42.309166277409091 ], [ 128.218954956975779, 42.31013744703273 ], [ 128.217833942111042, 42.31100341759052 ], [ 128.21725758823473, 42.312091476565556 ], [ 128.21672137231792, 42.314510638284567 ], [ 128.215771907135235, 42.316803461364692 ], [ 128.214996449960552, 42.317863438932768 ], [ 128.213832703912317, 42.318712251546522 ], [ 128.212310933128975, 42.319116332690811 ], [ 128.210706640634157, 42.318971625770423 ], [ 128.209242499477597, 42.318445768145018 ], [ 128.208149311057554, 42.317546525930915 ], [ 128.207807179842575, 42.316390599347656 ], [ 128.20826218334534, 42.315210853348312 ], [ 128.210109822592727, 42.313217773104107 ], [ 128.212123624043301, 42.311339544993125 ], [ 128.213208316211194, 42.309070563368863 ], [ 128.213944288971618, 42.306727216806429 ], [ 128.214052756012507, 42.305772798425963 ], [ 128.214052756012507, 42.305772798425963 ], [ 128.213941956984286, 42.304337826211672 ], [ 128.213260829741301, 42.301974333404736 ], [ 128.213009775882654, 42.299581755975723 ], [ 128.21337920072915, 42.298401978363238 ], [ 128.214160409437312, 42.297337351553566 ], [ 128.215363157073369, 42.296520904676989 ], [ 128.216756300990426, 42.295896795628202 ], [ 128.218700848988846, 42.294000408252394 ], [ 128.221483681387696, 42.292745251000539 ], [ 128.222692273082714, 42.291929659065708 ], [ 128.223080166908289, 42.291400884832754 ], [ 128.223188551840735, 42.290806467073907 ], [ 128.222650499007017, 42.289654188979313 ], [ 128.221441628282349, 42.288856197296084 ], [ 128.219903514715867, 42.28846690203796 ], [ 128.218282973233954, 42.28836159436888 ], [ 128.215065441563894, 42.288657655339094 ], [ 128.211984913474794, 42.289391498154536 ], [ 128.209075263659599, 42.290448712126036 ], [ 128.203444172628707, 42.292819829895492 ], [ 128.198368797079951, 42.295811864847693 ], [ 128.193536131350186, 42.29898334912896 ], [ 128.188455575806444, 42.302005362602763 ], [ 128.186038079588343, 42.30364076349759 ], [ 128.184513341933155, 42.30573685028606 ], [ 128.18362961287292, 42.306748632309144 ], [ 128.182458210596849, 42.3075813737019 ], [ 128.179626889243025, 42.308751070315559 ], [ 128.176523177335326, 42.309436958636226 ], [ 128.173293540064265, 42.309498610412469 ], [ 128.170063200666306, 42.309269433360036 ], [ 128.16682927858426, 42.309339090459382 ], [ 128.16362024314293, 42.309632067672602 ], [ 128.161994626757775, 42.309766971163285 ], [ 128.160402002237561, 42.309684787941862 ], [ 128.158845140922949, 42.30926878212334 ], [ 128.158361550015343, 42.308823805605506 ], [ 128.158339267496928, 42.308208543100889 ], [ 128.159060090360924, 42.307122599533677 ], [ 128.160101706185372, 42.306202815293382 ], [ 128.160101706185372, 42.306202815293382 ], [ 128.163703097107827, 42.302211457625397 ], [ 128.16569778568325, 42.300313557773741 ], [ 128.167400369295308, 42.298275608744497 ], [ 128.16945140660988, 42.293705913865061 ], [ 128.170665708177182, 42.291478942859598 ], [ 128.17244206980979, 42.289463864321739 ], [ 128.174697789024009, 42.287732209222817 ], [ 128.177160462609777, 42.286168957017018 ], [ 128.181724923085369, 42.282770208856803 ], [ 128.184459827407835, 42.281473722461257 ], [ 128.187365570190622, 42.280396439260677 ], [ 128.193100444406099, 42.278169923823697 ], [ 128.196190553224824, 42.277456958085168 ], [ 128.199402159144654, 42.277126525134463 ], [ 128.205867421151538, 42.276817645321572 ], [ 128.209045256409922, 42.276391433679009 ], [ 128.212123893071009, 42.275608923209532 ], [ 128.214935769499306, 42.274404206375905 ], [ 128.217142187478998, 42.272661987422744 ], [ 128.219319198728925, 42.270869316642795 ], [ 128.221885128074348, 42.269396079620904 ], [ 128.224740292621959, 42.268257850744661 ], [ 128.227801274966509, 42.267459174907813 ], [ 128.230989647298259, 42.267024610186638 ], [ 128.23422177322351, 42.266975139072933 ], [ 128.240690464007997, 42.267123007513518 ], [ 128.243931454625596, 42.266898854972951 ], [ 128.245469579536007, 42.266549589943025 ], [ 128.246860361319477, 42.265931509382135 ], [ 128.24801828053711, 42.265071605894427 ], [ 128.248483420294122, 42.263941119777549 ], [ 128.248315206519948, 42.262719876788182 ], [ 128.247835600447019, 42.261580048651439 ], [ 128.246347937364135, 42.259461336798289 ], [ 128.244459579932283, 42.257476158937784 ], [ 128.236405514710498, 42.249929903952051 ], [ 128.234291305342765, 42.248104528492568 ], [ 128.231800845028602, 42.246592396621274 ], [ 128.226231740006, 42.244141052286189 ], [ 128.223232157774049, 42.243212756717448 ], [ 128.221838599696298, 42.242594104779577 ], [ 128.220780181148371, 42.241669681769991 ], [ 128.22071962651458, 42.241074597639702 ], [ 128.221117133017771, 42.240535667781458 ], [ 128.222576772618851, 42.240013735617993 ], [ 128.223947567431935, 42.239372392597758 ], [ 128.224957168182954, 42.238434410929599 ], [ 128.226133231963246, 42.236193552421319 ], [ 128.226959693389887, 42.233867806617077 ], [ 128.228410748002375, 42.231713787213614 ], [ 128.230737234837335, 42.230073279978726 ], [ 128.233495016174601, 42.228756204371969 ], [ 128.233878242352688, 42.228228018583479 ], [ 128.233975049638957, 42.227616934392124 ], [ 128.233306096468795, 42.226530897216016 ], [ 128.232171042746444, 42.225648004584649 ], [ 128.230846547751952, 42.224967208435082 ], [ 128.22934122523688, 42.224522791072097 ], [ 128.227751313582019, 42.224298705106435 ], [ 128.224519601413931, 42.224126900401167 ], [ 128.221363070608191, 42.223609217543405 ], [ 128.218542335005566, 42.222423365975445 ], [ 128.216233795547311, 42.220739989262299 ], [ 128.215301813116497, 42.21974893756456 ], [ 128.214941262261391, 42.21857946980429 ], [ 128.215365902441306, 42.21742196898925 ], [ 128.216363334846392, 42.216461968767696 ], [ 128.218990066966484, 42.215064723154569 ], [ 128.221862628801432, 42.213958857596481 ], [ 128.227830088325675, 42.212090223182315 ], [ 128.230828498015626, 42.211193671039446 ], [ 128.233491103028456, 42.209862376603233 ], [ 128.238583291505989, 42.206863537584105 ], [ 128.24144141683044, 42.20573725741685 ], [ 128.244143238578317, 42.204438020109016 ], [ 128.246403347942817, 42.202697701719806 ], [ 128.247536819168118, 42.201845116350057 ], [ 128.248868109205404, 42.201171811714509 ], [ 128.251940794683463, 42.20037752966963 ], [ 128.255053863964946, 42.199765064728929 ], [ 128.260969278806471, 42.197755951153106 ], [ 128.26411066928361, 42.197256092462354 ], [ 128.267349385742847, 42.197273766096721 ], [ 128.270590699056783, 42.197343849877377 ], [ 128.273749776252117, 42.19687324513567 ], [ 128.280046988578249, 42.195781383454815 ], [ 128.283220204434173, 42.195335854481165 ], [ 128.284834611091327, 42.195456946246409 ], [ 128.286366872164876, 42.195859721511596 ], [ 128.287734232271475, 42.1965100732792 ], [ 128.288889544001989, 42.197355303837035 ], [ 128.290707979185157, 42.199355482421026 ], [ 128.29169827321536, 42.200299187432627 ], [ 128.29294208346144, 42.201076517679461 ], [ 128.295827304287968, 42.202154044481254 ], [ 128.298862082310308, 42.203014476382613 ], [ 128.302022120002903, 42.203441407966487 ], [ 128.308506088236243, 42.203495414272631 ], [ 128.311701788093416, 42.203816487731999 ], [ 128.314670385628915, 42.204756488036779 ], [ 128.317744316679779, 42.205540923334105 ], [ 128.320953319794, 42.205631213996277 ], [ 128.324163287937125, 42.20532203836062 ], [ 128.327466857591304, 42.205363822630311 ], [ 128.329015922196049, 42.205700902705267 ], [ 128.330376156220723, 42.206316779178636 ], [ 128.3327131931662, 42.20801446813573 ], [ 128.335152872395781, 42.20957345339486 ], [ 128.337906058929377, 42.210845454526215 ], [ 128.34033379780746, 42.212425458032442 ], [ 128.342208753306096, 42.214389891553182 ], [ 128.345746777842947, 42.218411602701856 ], [ 128.34730685708422, 42.220515304003818 ], [ 128.348320609071152, 42.222822518398758 ], [ 128.348454754517832, 42.224014678238213 ], [ 128.348257175124843, 42.225200740027823 ], [ 128.347283104607669, 42.227522880017034 ], [ 128.346540643786227, 42.229841721056637 ], [ 128.346725962774173, 42.232249855617503 ], [ 128.347706761746423, 42.237007283965937 ], [ 128.348236092984649, 42.239374478473302 ], [ 128.347876047773127, 42.241752992280553 ], [ 128.347174814952211, 42.244128115751948 ], [ 128.346105180334717, 42.246376345326631 ], [ 128.346105180334717, 42.246376345326631 ], [ 128.345283770632136, 42.247420695611858 ], [ 128.344231608842648, 42.248342065727442 ], [ 128.342722213961594, 42.2487249809395 ], [ 128.341202466562294, 42.248319145530587 ], [ 128.338884027762219, 42.246632462300695 ], [ 128.336380447660133, 42.245126923653196 ], [ 128.334978840491829, 42.244501614145896 ], [ 128.333418879022162, 42.244277468410743 ], [ 128.33017481000681, 42.244542970681181 ], [ 128.32711579738023, 42.245300244362568 ], [ 128.323885428490087, 42.245477727908295 ], [ 128.32240661734545, 42.245970174524537 ], [ 128.321298372494027, 42.246845984864684 ], [ 128.319957283928574, 42.249043406912499 ], [ 128.318979092514752, 42.249982024305531 ], [ 128.317644338752416, 42.250690202030839 ], [ 128.316138493144308, 42.251147103258461 ], [ 128.314511640728512, 42.251241230975552 ], [ 128.313059130311132, 42.250767747233418 ], [ 128.311932811802279, 42.249871824793438 ], [ 128.30986393070998, 42.248033079751579 ], [ 128.308624193120835, 42.247254140221614 ], [ 128.307201238579239, 42.246671051933603 ], [ 128.305641585538467, 42.246327281868766 ], [ 128.30402334514153, 42.246245169576703 ], [ 128.302422779223889, 42.246458748279203 ], [ 128.300992336713932, 42.247018502161225 ], [ 128.299918850934745, 42.247921101905106 ], [ 128.299109750598319, 42.248963859329422 ], [ 128.297397695407739, 42.251009665800517 ], [ 128.296148083389568, 42.251763648072405 ], [ 128.294669599144385, 42.252260676878372 ], [ 128.291487538056231, 42.252707370028702 ], [ 128.289945799905865, 42.25239715838805 ], [ 128.288552114949823, 42.251748763810141 ], [ 128.28735083859641, 42.250944786423304 ], [ 128.286421215371689, 42.249964695050927 ], [ 128.284632978758708, 42.247954382275807 ], [ 128.283656842017081, 42.247000845541763 ], [ 128.282277993262284, 42.246371834459268 ], [ 128.281453441596256, 42.246232668775171 ], [ 128.280667267551195, 42.24631881806269 ], [ 128.279610688853523, 42.247230237117662 ], [ 128.279029108932548, 42.249594162735825 ], [ 128.279228854929954, 42.251983190186941 ], [ 128.279634756469818, 42.254372293301579 ], [ 128.279545432747852, 42.255574100578698 ], [ 128.279153009020234, 42.256740343783882 ], [ 128.278359013957697, 42.25781467655559 ], [ 128.278189270488667, 42.258943038333975 ], [ 128.278518292460774, 42.260182090249629 ], [ 128.278308462385496, 42.261362683168215 ], [ 128.276097225067303, 42.2631368556846 ], [ 128.275341642954146, 42.264177141011928 ], [ 128.274935430100498, 42.265355343382637 ], [ 128.274244362754047, 42.270123564265432 ], [ 128.273689950906942, 42.272486796606657 ], [ 128.273655366492193, 42.274896225243907 ], [ 128.273656131606089, 42.279701872665591 ], [ 128.274021550868952, 42.282084040649103 ], [ 128.273841021978029, 42.284472461960902 ], [ 128.274679097585363, 42.286809318008373 ], [ 128.275183101717175, 42.2891829383057 ] ], [ [ 128.289142934472892, 42.278848315747581 ], [ 128.289079141048717, 42.282102793575099 ], [ 128.289565329214781, 42.28534893595301 ], [ 128.290171435280882, 42.286917913908049 ], [ 128.291093605251064, 42.288391791950637 ], [ 128.292991383762256, 42.290418289497175 ], [ 128.292991383762256, 42.290418289497175 ], [ 128.296966968887801, 42.293192210035251 ], [ 128.300653058142785, 42.294959670123404 ], [ 128.304437258102524, 42.296577547413222 ], [ 128.306472213110027, 42.29728378368069 ], [ 128.307533643316134, 42.297449437685202 ], [ 128.30860696838019, 42.297359466054466 ], [ 128.310529523476475, 42.296507170649036 ], [ 128.311189215956318, 42.295851407385094 ], [ 128.311466572896364, 42.295086780962421 ], [ 128.310847385008401, 42.29182907574689 ], [ 128.31032393765571, 42.288610000638393 ], [ 128.310645399184011, 42.286983538592821 ], [ 128.311711118989365, 42.285590195499637 ], [ 128.314444154557805, 42.28300666139468 ], [ 128.315356186869167, 42.281529531030614 ], [ 128.315847915714016, 42.279937607858777 ], [ 128.315921210325257, 42.278304061440437 ], [ 128.315646137439217, 42.276689211900951 ], [ 128.314695832312736, 42.273507554192214 ], [ 128.313321796246214, 42.267082802512242 ], [ 128.311751023773098, 42.264040546305345 ], [ 128.310613809090029, 42.262647533622243 ], [ 128.30918720420496, 42.261398170245634 ], [ 128.307448825550608, 42.260382398434693 ], [ 128.305467268726119, 42.259729527104462 ], [ 128.303388896958694, 42.259129858094077 ], [ 128.302505718326557, 42.258653358600768 ], [ 128.301916239870991, 42.257994549136086 ], [ 128.301070976923199, 42.256469058063324 ], [ 128.30038863872656, 42.255838054204226 ], [ 128.299489294831176, 42.255352309160685 ], [ 128.297415543206426, 42.254785935859012 ], [ 128.295254864233101, 42.254951752158384 ], [ 128.293204288062412, 42.255603641213433 ], [ 128.291686350283697, 42.256732066223087 ], [ 128.289574901336266, 42.259610921152969 ], [ 128.288804292545876, 42.261125799200038 ], [ 128.288334647890451, 42.262722011222799 ], [ 128.288134811953029, 42.2643441779746 ], [ 128.288228765553697, 42.265967093337039 ], [ 128.289767498243293, 42.272380187444206 ], [ 128.289881890861636, 42.275553979521654 ], [ 128.289881890861636, 42.275553979521654 ], [ 128.289142934472892, 42.278848315747581 ] ], [ [ 128.13610557585352, 42.327182536964536 ], [ 128.134662143854996, 42.325574515854299 ], [ 128.134330552761526, 42.323893732431685 ], [ 128.134598846326838, 42.322153644327834 ], [ 128.134843258393772, 42.320443213531703 ], [ 128.134717062999101, 42.318719102652622 ], [ 128.133742464191727, 42.317148179156476 ], [ 128.132723487260733, 42.316771688794617 ], [ 128.131604110555685, 42.317012808478445 ], [ 128.128358643985507, 42.319480790772161 ], [ 128.127161075419934, 42.320956900666289 ], [ 128.126482277808719, 42.322620973984833 ], [ 128.126255464907814, 42.324283800229885 ], [ 128.126267375020717, 42.325269024313862 ], [ 128.126550783395004, 42.325576448858598 ], [ 128.127138706119183, 42.325573513720499 ], [ 128.129284857987784, 42.324918497913636 ], [ 128.130382315757601, 42.325049102329253 ], [ 128.130787694241178, 42.325829269459952 ], [ 128.1310209909702, 42.327710175123912 ], [ 128.131177866084073, 42.329774525176902 ], [ 128.131177866084073, 42.329774525176902 ], [ 128.130605117853975, 42.33281131505089 ], [ 128.13064121170919, 42.334509081803539 ], [ 128.131139291016211, 42.336205861830841 ], [ 128.131531143787214, 42.337025661159345 ], [ 128.132301901320773, 42.337678570057335 ], [ 128.133391252850458, 42.337914712215749 ], [ 128.134511770289606, 42.337650995674053 ], [ 128.138431933603698, 42.335767665381645 ], [ 128.138431933603698, 42.335767665381645 ], [ 128.140273455355242, 42.334713246610896 ], [ 128.141859524785616, 42.333456946208166 ], [ 128.142357697305897, 42.332660632414807 ], [ 128.14241795248509, 42.331808958396763 ], [ 128.141334141166908, 42.33027564645046 ], [ 128.139593167620319, 42.329134329891147 ], [ 128.137633089407871, 42.328202701275146 ], [ 128.13610557585352, 42.327182536964536 ] ], [ [ 128.149674245420783, 42.327329308877324 ], [ 128.151255844931541, 42.328843371572681 ], [ 128.152295976477319, 42.329417563638266 ], [ 128.153502557623057, 42.329762120180185 ], [ 128.154797693617439, 42.329859977306015 ], [ 128.156087783191879, 42.329730455716259 ], [ 128.158425167143321, 42.32891145290067 ], [ 128.160220288406066, 42.327523226976709 ], [ 128.160786078919671, 42.326662266159225 ], [ 128.160969650309397, 42.32571755667621 ], [ 128.160416594091117, 42.323837075983086 ], [ 128.15966649751806, 42.323063099576061 ], [ 128.15864790131883, 42.322463281849231 ], [ 128.153948254537454, 42.320897223003357 ], [ 128.151639094961837, 42.320052752513426 ], [ 128.150363374108792, 42.319896823994732 ], [ 128.149184079377704, 42.320273325624299 ], [ 128.148243922314862, 42.320960142911922 ], [ 128.147735223772372, 42.321826686522506 ], [ 128.147888035289327, 42.323738409818581 ], [ 128.149674245420783, 42.327329308877324 ] ], [ [ 128.182538694879071, 42.338094392403796 ], [ 128.180747566584955, 42.338433682059538 ], [ 128.179214674989112, 42.339167443065456 ], [ 128.178391211545204, 42.340386910914141 ], [ 128.178397160409787, 42.341761162674736 ], [ 128.179024702783011, 42.343043955845147 ], [ 128.17935077773393, 42.344365215254676 ], [ 128.178974783317017, 42.34710940104565 ], [ 128.179272834327804, 42.348434899166818 ], [ 128.180207151331416, 42.349617388469241 ], [ 128.181573489089061, 42.350518829019379 ], [ 128.183227579215242, 42.351121110973914 ], [ 128.184903563730188, 42.35166248951284 ], [ 128.186386516244085, 42.352465231471349 ], [ 128.18794129487199, 42.353181213404454 ], [ 128.189730243621085, 42.353564278199549 ], [ 128.190645646440061, 42.353523937221517 ], [ 128.191445338748849, 42.353198880407795 ], [ 128.192590344472393, 42.35212631020255 ], [ 128.19411324790542, 42.351403788851037 ], [ 128.195835857994865, 42.350941822755999 ], [ 128.197586704139582, 42.350488265083534 ], [ 128.198044214946123, 42.349947234948246 ], [ 128.19823998481121, 42.349237090017581 ], [ 128.198627455189666, 42.347889967309875 ], [ 128.199333577426188, 42.346641831335205 ], [ 128.200167120813347, 42.34543398199046 ], [ 128.200219852293969, 42.344072706552211 ], [ 128.199197216731648, 42.341462041319708 ], [ 128.198469239894592, 42.340492304746711 ], [ 128.198469239894592, 42.340492304746711 ], [ 128.198519700234641, 42.338854243817494 ], [ 128.198223513790282, 42.337525569663811 ], [ 128.197455151301426, 42.336286193416989 ], [ 128.197109560172379, 42.33494623107844 ], [ 128.197555050041558, 42.333644299783877 ], [ 128.198879200045297, 42.332681561425503 ], [ 128.200591224423079, 42.332274955183877 ], [ 128.202413086401521, 42.332011206542731 ], [ 128.203815858258366, 42.331170238253407 ], [ 128.204681268706366, 42.329951826130639 ], [ 128.205199217726374, 42.328653110779278 ], [ 128.205545242372438, 42.325941880007086 ], [ 128.206115035769443, 42.323252975765094 ], [ 128.205825197214324, 42.321913241215974 ], [ 128.205239020047458, 42.321375851326046 ], [ 128.204345242359324, 42.321317909299118 ], [ 128.20095749916851, 42.322359455627556 ], [ 128.199481231583889, 42.323158230538802 ], [ 128.198248692755413, 42.324170375557685 ], [ 128.196330833350487, 42.326482677942614 ], [ 128.194899453163913, 42.328987806743584 ], [ 128.194899453163913, 42.328987806743584 ], [ 128.191755404284891, 42.333900329139958 ], [ 128.190623249160694, 42.334975546884266 ], [ 128.189185560787934, 42.335815556490104 ], [ 128.185809208469522, 42.336893400442463 ], [ 128.182538694879071, 42.338094392403796 ] ], [ [ 128.25833667152429, 42.388623743698432 ], [ 128.254954272742339, 42.391279718200124 ], [ 128.252474278851849, 42.394449542032142 ], [ 128.250653442892826, 42.397836820012273 ], [ 128.250397523787399, 42.399686766144256 ], [ 128.250649929309049, 42.400594063697966 ], [ 128.251373724265108, 42.401323959825071 ], [ 128.252483127050994, 42.40174151748792 ], [ 128.253717599870015, 42.401807829571922 ], [ 128.256150323952653, 42.401394390096904 ], [ 128.258421818986221, 42.400680339080324 ], [ 128.260540127683953, 42.399724737469619 ], [ 128.262172262074671, 42.398364666026254 ], [ 128.263540249470509, 42.396847179399565 ], [ 128.264938999788001, 42.395317064842082 ], [ 128.265873903932459, 42.394779681479825 ], [ 128.26711738779062, 42.394958618932286 ], [ 128.270860676889157, 42.397346297908179 ], [ 128.271994293420107, 42.397731483020308 ], [ 128.273226129323319, 42.397828676010818 ], [ 128.274400244354212, 42.397532881952735 ], [ 128.27527572187455, 42.39689473513188 ], [ 128.276574001431044, 42.395323379795599 ], [ 128.277516159151105, 42.393631017892055 ], [ 128.278362726606218, 42.392981681816799 ], [ 128.279434838369838, 42.392483412917265 ], [ 128.280470026489922, 42.39199010467977 ], [ 128.281298698718018, 42.391328331597052 ], [ 128.282236753114091, 42.389608457091796 ], [ 128.282252646824418, 42.387782408473186 ], [ 128.281276255130592, 42.386092159071453 ], [ 128.2794620832737, 42.384855944511365 ], [ 128.275087752236715, 42.383156201365196 ], [ 128.274020269992207, 42.382696772569311 ], [ 128.27309946397375, 42.382042389256007 ], [ 128.272660555825667, 42.381196656044708 ], [ 128.273047851405067, 42.380317109382162 ], [ 128.273998538549591, 42.379715985351574 ], [ 128.27520772064733, 42.379463822524201 ], [ 128.277681629957186, 42.37955113782408 ], [ 128.280126557939724, 42.379616511992893 ], [ 128.282608789526961, 42.379419313519278 ], [ 128.283816608803988, 42.379231673637086 ], [ 128.28490388816445, 42.378843897170356 ], [ 128.286755156162343, 42.377597173917842 ], [ 128.288511938861348, 42.376291759160623 ], [ 128.289540202716353, 42.375495070705682 ], [ 128.289540202716353, 42.375495070705682 ], [ 128.292471047757346, 42.374101787179818 ], [ 128.292917363137207, 42.373291293474203 ], [ 128.292726849827744, 42.372354407299341 ], [ 128.292179331614449, 42.371542233622947 ], [ 128.290877548026231, 42.370823276327457 ], [ 128.290877548026231, 42.370823276327457 ], [ 128.289068262622209, 42.37009500693506 ], [ 128.284374560275239, 42.368971520984424 ], [ 128.282063011206219, 42.3683347325331 ], [ 128.279650937673267, 42.3679328562243 ], [ 128.27718686666168, 42.367978355837899 ], [ 128.274811973207534, 42.368482650297445 ], [ 128.270487999990223, 42.370235410086167 ], [ 128.266566305016426, 42.372465369571607 ], [ 128.264973958163154, 42.373852520597559 ], [ 128.263719953676571, 42.375442832854183 ], [ 128.262917984380948, 42.377181886980807 ], [ 128.262944614125189, 42.378999538548392 ], [ 128.263313574416316, 42.382658956072277 ], [ 128.263333724072083, 42.383569523465397 ], [ 128.263016198554737, 42.384441594554666 ], [ 128.261836683153433, 42.386080477011731 ], [ 128.25833667152429, 42.388623743698432 ] ], [ [ 128.197412793621595, 42.497361791061728 ], [ 128.196554393801534, 42.498355563698397 ], [ 128.195613299204865, 42.49884856702495 ], [ 128.194493913630595, 42.499129176354636 ], [ 128.193378901463149, 42.499354318038939 ], [ 128.19236548445258, 42.499800028483996 ], [ 128.192325357649423, 42.500646648327013 ], [ 128.192934240037744, 42.501379602698606 ], [ 128.194708069048374, 42.50255479155414 ], [ 128.195060134210109, 42.503351520245005 ], [ 128.194926149585825, 42.504222188827228 ], [ 128.194192374164942, 42.505851066255687 ], [ 128.194124376620124, 42.506727067524572 ], [ 128.194309948800111, 42.507146827218094 ], [ 128.194756902745723, 42.507367140962721 ], [ 128.195978148933165, 42.507315160032846 ], [ 128.19694523565235, 42.506872044808084 ], [ 128.198589611714198, 42.505647002093902 ], [ 128.200137497397975, 42.504360444501231 ], [ 128.202256585813558, 42.503642745728783 ], [ 128.204432270804574, 42.503030433897166 ], [ 128.206232369552112, 42.501952648729258 ], [ 128.209244610563047, 42.499318389828268 ], [ 128.209244610563047, 42.499318389828268 ], [ 128.211473978610769, 42.496296061079043 ], [ 128.212308244797384, 42.494685681266077 ], [ 128.212308244797384, 42.494685681266077 ], [ 128.212494310594309, 42.492970315397002 ], [ 128.211932611950004, 42.491295957104143 ], [ 128.211632284173049, 42.490465169098613 ], [ 128.211667916964387, 42.489587182084684 ], [ 128.211428716331312, 42.48893384960445 ], [ 128.211428716331312, 42.48893384960445 ], [ 128.210681960994066, 42.488074201871605 ], [ 128.20991047997731, 42.487428044845487 ], [ 128.208876132737259, 42.486998359835802 ], [ 128.207783625589627, 42.487185130666845 ], [ 128.206814064800341, 42.487741833983399 ], [ 128.206061705372576, 42.488395657888923 ], [ 128.205535814690734, 42.48931639799946 ], [ 128.205535814690734, 42.48931639799946 ], [ 128.204807736872908, 42.490785044168376 ], [ 128.204443710728128, 42.491644776744984 ], [ 128.203816322852759, 42.492313783940425 ], [ 128.201537624019693, 42.492784753750335 ], [ 128.199609475629615, 42.493724138361593 ], [ 128.198369654896908, 42.495191334625162 ], [ 128.197412793621595, 42.497361791061728 ] ] ] ] } },
{ "type": "Feature", "properties": { "DSN": "河漫滩                                  ", "DSO": "Q↓4↑3             ", "DSO_TXT": "Q4-3", "CHFCAC": "K5215D01D00010", "SHEET": "K5215" }, "geometry": { "type": "MultiPolygon", "coordinates": [ [ [ [ 128.082081009635147, 42.605580875885671 ], [ 128.081080570881767, 42.605844394300675 ], [ 128.08022919481283, 42.606336927879731 ], [ 128.078881170410114, 42.6076926070821 ], [ 128.077891241864791, 42.609151975068421 ], [ 128.076915179788244, 42.612286805100418 ], [ 128.076190448881846, 42.615524464176502 ], [ 128.076078357561414, 42.61712867238429 ], [ 128.076426304563171, 42.618716411620937 ], [ 128.077257510054778, 42.620489195596249 ], [ 128.077256510026871, 42.62048919560506 ], [ 128.07895646348527, 42.623569621419122 ], [ 128.07895646348527, 42.623569621419122 ], [ 128.07960047034166, 42.624790726713542 ], [ 128.080060388476141, 42.626381582394544 ], [ 128.08016659557083, 42.628016364443148 ], [ 128.080219862501053, 42.629643509625517 ], [ 128.080692221003943, 42.631197586386143 ], [ 128.082313006157278, 42.634271666084004 ], [ 128.082657411267178, 42.635883534819712 ], [ 128.082321116846146, 42.63750801947068 ], [ 128.081141336912509, 42.638877464153843 ], [ 128.079202906995278, 42.639595925749163 ], [ 128.074792799465598, 42.640197871742629 ], [ 128.072735021832415, 42.640710930988384 ], [ 128.070829487486066, 42.641538565337839 ], [ 128.067344874753047, 42.643481584119449 ], [ 128.066302599330527, 42.643886138064843 ], [ 128.065256032278086, 42.64388098401048 ], [ 128.06453809897809, 42.64325821678338 ], [ 128.064274039906138, 42.642467616312508 ], [ 128.063165174615733, 42.639838938410598 ], [ 128.063165174615733, 42.639838938410598 ], [ 128.061158797502031, 42.636410099840163 ], [ 128.059911035170359, 42.635070708574837 ], [ 128.058412024100733, 42.633868356006047 ], [ 128.054854336275127, 42.631932642183102 ], [ 128.050825616731146, 42.630632428920229 ], [ 128.046561415345053, 42.629898234990883 ], [ 128.04211188926061, 42.629543888726502 ], [ 128.039892951221333, 42.629581824003779 ], [ 128.037352674738685, 42.630008855958735 ], [ 128.033945881185218, 42.63126398442234 ], [ 128.031893844353476, 42.631862896656877 ], [ 128.029671476889462, 42.632335799216285 ], [ 128.027425149962625, 42.632341403680336 ], [ 128.026371366216267, 42.632135656496175 ], [ 128.025445619428297, 42.631706552218041 ], [ 128.024166990526481, 42.630350582092156 ], [ 128.023981703105648, 42.628140119661502 ], [ 128.023981703105648, 42.628140119661502 ], [ 128.024877114531733, 42.62557856213725 ], [ 128.024876114503797, 42.625578562146046 ], [ 128.024101720324893, 42.626726990069336 ], [ 128.021690062908732, 42.628615644202291 ], [ 128.018860869942017, 42.630134633973249 ], [ 128.017690770655094, 42.631106862670272 ], [ 128.016828950422422, 42.632216416285104 ], [ 128.017093216684202, 42.633193129756044 ], [ 128.018766817968412, 42.634236135794865 ], [ 128.022073973431134, 42.63510480070213 ], [ 128.025572397128542, 42.635287333464888 ], [ 128.029031274502984, 42.634857466335767 ], [ 128.032451856027023, 42.634340450266684 ], [ 128.035533265838097, 42.633102600048502 ], [ 128.036965264354649, 42.632524595569983 ], [ 128.038675478852724, 42.632028467112647 ], [ 128.042097191502478, 42.631460008855889 ], [ 128.045557462642449, 42.631066386262077 ], [ 128.049023919085386, 42.631442011779434 ], [ 128.052404066718736, 42.63213517602685 ], [ 128.054055119483252, 42.632591387979552 ], [ 128.055505065413257, 42.633305142292706 ], [ 128.058112619788943, 42.635043114461233 ], [ 128.05962870372727, 42.637379164919409 ], [ 128.060346223754351, 42.639915769794406 ], [ 128.061652020938453, 42.642312270600712 ], [ 128.063198944154777, 42.64462681113654 ], [ 128.064161008332519, 42.645760230835826 ], [ 128.064827016693812, 42.646172013236125 ], [ 128.065674262332067, 42.646286380135855 ], [ 128.067335260186667, 42.645869862003615 ], [ 128.068529021877964, 42.644916603411083 ], [ 128.069611911557473, 42.643917003983262 ], [ 128.070963337210969, 42.643073088070473 ], [ 128.072348787966234, 42.642313618404003 ], [ 128.074082842423394, 42.642013900418625 ], [ 128.07759971481326, 42.641867296038626 ], [ 128.080877257747915, 42.640982656950683 ], [ 128.084252386267309, 42.640314801008778 ], [ 128.087711205248411, 42.639937219470703 ], [ 128.089257428965681, 42.639314172800162 ], [ 128.090563538406286, 42.638436385448721 ], [ 128.091464031683643, 42.637325181427194 ], [ 128.091832552606519, 42.636052738816382 ], [ 128.091582309903629, 42.634767737945197 ], [ 128.090653222776268, 42.633670334260678 ], [ 128.087932422879049, 42.632026627416991 ], [ 128.086642738052205, 42.631174775443611 ], [ 128.085633207128325, 42.630118870005234 ], [ 128.082473456687666, 42.62549439845543 ], [ 128.080628217893178, 42.623294548791229 ], [ 128.079228312282766, 42.620911701338258 ], [ 128.077695104862556, 42.615862286454494 ], [ 128.078097030050571, 42.613293427649047 ], [ 128.078182208058308, 42.611986761861843 ], [ 128.078800688628689, 42.61080060364484 ], [ 128.080368865700621, 42.608482192449756 ], [ 128.081268261833969, 42.607359463561195 ], [ 128.082637603282365, 42.606573552635666 ], [ 128.08454197849133, 42.606207690319224 ], [ 128.087636169688267, 42.605641900382608 ], [ 128.089284823709534, 42.604956639698052 ], [ 128.089642807449962, 42.60388643748044 ], [ 128.089014084314726, 42.602588018721178 ], [ 128.088151924154346, 42.601625150896744 ], [ 128.08694492523199, 42.600800119642479 ], [ 128.085470277188222, 42.600028583076629 ], [ 128.083675962346689, 42.600112841246478 ], [ 128.081981868171994, 42.600398866545305 ], [ 128.080454745029641, 42.60103734031216 ], [ 128.080454745029641, 42.60103734031216 ], [ 128.082804856253034, 42.601646454144053 ], [ 128.08280585628097, 42.601646454135249 ], [ 128.085032000679377, 42.601496405360407 ], [ 128.086006495714173, 42.601710563721134 ], [ 128.086868873333145, 42.602272646145828 ], [ 128.087612061711127, 42.602886567373794 ], [ 128.08779243829278, 42.603671222325623 ], [ 128.087292445218225, 42.604401949804974 ], [ 128.08639768283345, 42.604877324964406 ], [ 128.084304786399144, 42.605376252102864 ], [ 128.082080009607239, 42.605580875894489 ], [ 128.082081009635147, 42.605580875885671 ] ] ] ] } },
{ "type": "Feature", "properties": { "DSN": "河漫滩                                  ", "DSO": "Q↓4↑3             ", "DSO_TXT": "Q4-3", "CHFCAC": "K5215D01D00011", "SHEET": "K5215" }, "geometry": { "type": "MultiPolygon", "coordinates": [ [ [ [ 128.024877114531733, 42.62557856213725 ], [ 128.023981703105648, 42.628140119661502 ], [ 128.023981703105648, 42.628140119661502 ], [ 128.025588617840384, 42.62687168841132 ], [ 128.026623495748623, 42.625290645211791 ], [ 128.027168701404122, 42.623593312967543 ], [ 128.027214738669926, 42.621852472880882 ], [ 128.026855669776353, 42.620109277579722 ], [ 128.025828600320523, 42.618551815586152 ], [ 128.024948092055695, 42.617957737883799 ], [ 128.023894745742666, 42.617544126435646 ], [ 128.021549431758217, 42.617264980253879 ], [ 128.019219370249289, 42.617565084064559 ], [ 128.016980156946715, 42.618114355041179 ], [ 128.012406130275934, 42.619062016881372 ], [ 128.008444909407473, 42.620929140557408 ], [ 128.003714945799146, 42.622198879893411 ], [ 128.003714945799146, 42.622198879893411 ], [ 128.005682252704162, 42.622638651354166 ], [ 128.007761358659451, 42.622528709032416 ], [ 128.01585602304246, 42.620074260859802 ], [ 128.015855023014495, 42.620074260868591 ], [ 128.019168884334334, 42.619201954686197 ], [ 128.020917723254826, 42.619279820697798 ], [ 128.022504682439092, 42.619841602995926 ], [ 128.024836199787245, 42.621773142002141 ], [ 128.025316316097559, 42.623011372495249 ], [ 128.025211906885261, 42.624304897938522 ], [ 128.024876114503797, 42.625578562146046 ], [ 128.024877114531733, 42.62557856213725 ] ] ] ] } },
{ "type": "Feature", "properties": { "DSN": "河漫滩                                  ", "DSO": "Q↓4↑3             ", "DSO_TXT": "Q4-3", "CHFCAC": "K5215D01D00012", "SHEET": "K5215" }, "geometry": { "type": "MultiPolygon", "coordinates": [ [ [ [ 128.015855023014495, 42.620074260868591 ], [ 128.01585383938064, 42.620074922985431 ], [ 128.01585602304246, 42.620074260859802 ], [ 128.015855023014495, 42.620074260868591 ] ] ], [ [ [ 128.005682252704162, 42.622638651354166 ], [ 128.003714945799146, 42.622198879893411 ], [ 128.002148221008071, 42.621206774169416 ], [ 128.001006757279526, 42.619971261848541 ], [ 128.001008770121075, 42.622712128792017 ], [ 128.001007770093082, 42.622712128800821 ], [ 128.001582699331323, 42.623028892874245 ], [ 128.004256213517266, 42.624702074494586 ], [ 128.005935781213054, 42.625045680649535 ], [ 128.007657077619825, 42.624871496792466 ], [ 128.009224684797204, 42.624278057752576 ], [ 128.01053457855599, 42.62342259097025 ], [ 128.013071179301193, 42.621631524374457 ], [ 128.01585383938064, 42.620074922985431 ], [ 128.007761358659451, 42.622528709032416 ], [ 128.005682252704162, 42.622638651354166 ] ] ] ] } },
{ "type": "Feature", "properties": { "DSN": "河漫滩                                  ", "DSO": "Q↓4↑3             ", "DSO_TXT": "Q4-3", "CHFCAC": "K5215D01D00013", "SHEET": "K5215" }, "geometry": { "type": "MultiPolygon", "coordinates": [ [ [ [ 128.077924923363128, 42.601198318216014 ], [ 128.07792568356092, 42.601197545367505 ], [ 128.077923923335192, 42.601198318224817 ], [ 128.077924923363128, 42.601198318216014 ] ] ], [ [ [ 128.063923695347228, 42.663265433025195 ], [ 128.066473216462896, 42.660879942270235 ], [ 128.069195019405839, 42.659413920407005 ], [ 128.075279194134367, 42.657233343355543 ], [ 128.077776925879363, 42.656039311558928 ], [ 128.080745449418004, 42.65411595790038 ], [ 128.084858939443222, 42.651888759661055 ], [ 128.086220835383045, 42.651406263467933 ], [ 128.089407934409593, 42.650584558126262 ], [ 128.092780092725576, 42.650389143235081 ], [ 128.094439362434855, 42.650607820974074 ], [ 128.096010995223565, 42.651055730189249 ], [ 128.099030737755271, 42.652206375650124 ], [ 128.105187777974692, 42.654251907636706 ], [ 128.11128192062489, 42.656386439437476 ], [ 128.11429148649637, 42.65746558775578 ], [ 128.11594298177414, 42.657630797839502 ], [ 128.117988764254733, 42.657527994850305 ], [ 128.12067832725333, 42.656619956739434 ], [ 128.123049999401786, 42.655656841313458 ], [ 128.124984311467216, 42.654660338210491 ], [ 128.126014597884534, 42.653676676740595 ], [ 128.127100694833899, 42.652712207908195 ], [ 128.128465533543135, 42.651971543092451 ], [ 128.131131944079726, 42.650615586500038 ], [ 128.132176174186014, 42.64961830116161 ], [ 128.132414038681247, 42.648384660160524 ], [ 128.132062524923441, 42.64784731756572 ], [ 128.130870245323791, 42.647666694321948 ], [ 128.129328178220078, 42.648061015530928 ], [ 128.127095403072531, 42.649759962175402 ], [ 128.124676838544815, 42.651501349626194 ], [ 128.123392115690564, 42.652312790459725 ], [ 128.122217778680749, 42.652887830945268 ], [ 128.118594241343487, 42.65361969416999 ], [ 128.115327806916895, 42.653765929086227 ], [ 128.113647669996197, 42.653672305484548 ], [ 128.112022880602439, 42.653355504575764 ], [ 128.108826415123445, 42.652375318840903 ], [ 128.106117628287308, 42.650937017554639 ], [ 128.104051666853309, 42.648976078854091 ], [ 128.103019553850771, 42.647983632257862 ], [ 128.101627803697852, 42.647310877402603 ], [ 128.10011555737691, 42.646695123949421 ], [ 128.098875178457234, 42.645841589859252 ], [ 128.098199185251815, 42.644712887012979 ], [ 128.097991926837238, 42.643453692706835 ], [ 128.098111432529009, 42.642212783226412 ], [ 128.0986012092132, 42.641024638887842 ], [ 128.099859286418422, 42.638704290333578 ], [ 128.099862145845691, 42.637456970526479 ], [ 128.099513277244228, 42.63622969527966 ], [ 128.097916812823541, 42.633072457573952 ], [ 128.096665906098252, 42.631759542538369 ], [ 128.094742782733704, 42.62970713509322 ], [ 128.094120834811037, 42.628546137305705 ], [ 128.092756930717002, 42.627164705838318 ], [ 128.09087379995043, 42.626272366355096 ], [ 128.088963078489229, 42.62543708731905 ], [ 128.087792638362316, 42.624528898648883 ], [ 128.086196372043531, 42.622343422756998 ], [ 128.085041928673689, 42.621430175947523 ], [ 128.084156441459299, 42.620374509162993 ], [ 128.082884173014747, 42.61804743548084 ], [ 128.083006749688479, 42.616808335168535 ], [ 128.083691426583385, 42.615669086089262 ], [ 128.084563086392876, 42.614589313612029 ], [ 128.085168802564226, 42.613437697140391 ], [ 128.085458237118814, 42.612205338282415 ], [ 128.086044617696217, 42.6110352087682 ], [ 128.087662725618173, 42.609180993243015 ], [ 128.089872820211014, 42.606928414567406 ], [ 128.092407521642428, 42.605266588229917 ], [ 128.093152527784582, 42.604146219015377 ], [ 128.09308702562268, 42.602911442790216 ], [ 128.091642134344198, 42.600611075575323 ], [ 128.0906178599204, 42.59963029148318 ], [ 128.089352365608562, 42.598836933224504 ], [ 128.086261998552374, 42.597704058377005 ], [ 128.084589969488519, 42.597420902314205 ], [ 128.082957706233287, 42.597579468068105 ], [ 128.081441591490716, 42.598161817407771 ], [ 128.080134116383135, 42.598952361208646 ], [ 128.07792568356092, 42.601197545367505 ], [ 128.079286866358871, 42.600599894697531 ], [ 128.082122605193888, 42.599546366491111 ], [ 128.083618733562446, 42.599050432269287 ], [ 128.085149466970648, 42.598854092930367 ], [ 128.086690265861989, 42.599190809590574 ], [ 128.087929283539523, 42.599907140112848 ], [ 128.090154515419357, 42.601595764740466 ], [ 128.091272027000571, 42.60380152021488 ], [ 128.091015924324807, 42.604959042306241 ], [ 128.090030029042339, 42.60587865085968 ], [ 128.087159574516875, 42.606890455074591 ], [ 128.084060624346279, 42.607430023954286 ], [ 128.082554646216067, 42.607877948052632 ], [ 128.081518565193079, 42.608730072945335 ], [ 128.080393752349266, 42.610947644665522 ], [ 128.07995626956378, 42.613262442009649 ], [ 128.079259529296678, 42.615556001475902 ], [ 128.079442127722018, 42.617909451773166 ], [ 128.080286846980414, 42.620176200346783 ], [ 128.08172867351999, 42.622267735547169 ], [ 128.0826294873888, 42.624538250246857 ], [ 128.08427701301872, 42.626533910608266 ], [ 128.085899407242607, 42.628561560907265 ], [ 128.088154627061471, 42.630615081551909 ], [ 128.089814594457692, 42.632260980352271 ], [ 128.091895209463246, 42.634038555411855 ], [ 128.092612022469638, 42.635089305354271 ], [ 128.092926869341852, 42.636248452251316 ], [ 128.092342250675756, 42.638554645091453 ], [ 128.091753753451087, 42.639423566695577 ], [ 128.090009722389254, 42.640110377487751 ], [ 128.08716725332792, 42.641178170676682 ], [ 128.084002425902128, 42.641371029383826 ], [ 128.082408737840268, 42.641478002560874 ], [ 128.081039109678727, 42.642076908264144 ], [ 128.078165621546447, 42.643070619028855 ], [ 128.074984236756563, 42.64327795557422 ], [ 128.072099020015031, 42.644268164769237 ], [ 128.07140715639477, 42.644605312671231 ], [ 128.071038329274643, 42.645124142635609 ], [ 128.071379126574783, 42.645562605727406 ], [ 128.072235347997605, 42.645506897622795 ], [ 128.078652628030596, 42.645717008183041 ], [ 128.081787250894337, 42.646192838410215 ], [ 128.083035417592129, 42.646932747281639 ], [ 128.083718028616659, 42.647963999888688 ], [ 128.083175891103281, 42.650046304467516 ], [ 128.082493270308731, 42.651384962208795 ], [ 128.081446237011136, 42.652257930877063 ], [ 128.079151367577111, 42.653887193815088 ], [ 128.077754634646624, 42.654470702875244 ], [ 128.076796667355836, 42.655398535649816 ], [ 128.075681965754512, 42.656216410954499 ], [ 128.074233327130599, 42.656760112860702 ], [ 128.071384066589587, 42.657812011988632 ], [ 128.06851131299706, 42.658826596681557 ], [ 128.065832868014098, 42.660107935484106 ], [ 128.063713312920527, 42.661864840124728 ], [ 128.062000873847666, 42.6638382413025 ], [ 128.059471771311593, 42.666996166225189 ], [ 128.059472771339586, 42.666996166216371 ], [ 128.06108207349962, 42.666997075580504 ], [ 128.063923695347228, 42.663265433025195 ] ] ] ] } },
{ "type": "Feature", "properties": { "DSN": "军舰山玄武岩                            ", "DSO": "βQ↓1              ", "DSO_TXT": "βQ1", "CHFCAC": "K5215D01D00014", "SHEET": "K5215" }, "geometry": { "type": "MultiPolygon", "coordinates": [ [ [ [ 128.706411170453947, 42.055339173297547 ], [ 128.706045915683404, 42.057035521827956 ], [ 128.706309239411809, 42.058067877459337 ], [ 128.70693048092707, 42.059001305121981 ], [ 128.709731735191866, 42.062003624429842 ], [ 128.712614938395291, 42.063591644772295 ], [ 128.715155343848892, 42.065063930251412 ], [ 128.71945956208728, 42.067195655654274 ], [ 128.721290677262544, 42.068730801085408 ], [ 128.72213984551118, 42.069611061858957 ], [ 128.722340421212664, 42.070097288171958 ], [ 128.722120842697535, 42.070588958119714 ], [ 128.721012998914176, 42.07123161191091 ], [ 128.719702720923095, 42.071613074297865 ], [ 128.716980946315658, 42.072065889689782 ], [ 128.714203760154504, 42.072318977125413 ], [ 128.71140242972686, 42.072251877298321 ], [ 128.708744896005669, 42.071630154419296 ], [ 128.70625865072077, 42.070667674880582 ], [ 128.703867415132549, 42.069582558586994 ], [ 128.701693491939892, 42.068275374277633 ], [ 128.699923125446645, 42.066870557563 ], [ 128.69859402233979, 42.064437637154327 ], [ 128.696667177314708, 42.060858794787286 ], [ 128.694817517908518, 42.059316158890809 ], [ 128.691699132209067, 42.057963001287376 ], [ 128.688086721944074, 42.056588758183629 ], [ 128.684972914064787, 42.055395262274629 ], [ 128.682300800165763, 42.054864040518872 ], [ 128.680914196056364, 42.054783662815296 ], [ 128.680141686100683, 42.055002729422341 ], [ 128.680141686100683, 42.055002729422341 ], [ 128.679826431030165, 42.055501051849426 ], [ 128.680148262202152, 42.0562376680802 ], [ 128.681040525601816, 42.057453475739706 ], [ 128.68266977656603, 42.058737111242749 ], [ 128.684375104405859, 42.061145037411855 ], [ 128.685072045093875, 42.064298784922372 ], [ 128.686027632070534, 42.066434024831743 ], [ 128.687269785220622, 42.067425421431146 ], [ 128.68873351764131, 42.068115938229113 ], [ 128.69141379938344, 42.068622475641995 ], [ 128.693128062021657, 42.069532053992212 ], [ 128.694171219491892, 42.070533437033312 ], [ 128.694583828598411, 42.071907611187477 ], [ 128.694620904958327, 42.073396605746495 ], [ 128.694985185927635, 42.075460059712903 ], [ 128.695756182950987, 42.076324754057424 ], [ 128.697031234378073, 42.076743201095816 ], [ 128.698404571354786, 42.07691597018497 ], [ 128.699709536445567, 42.077304082756832 ], [ 128.700958637079196, 42.077755955248357 ], [ 128.701907672712025, 42.078528756020532 ], [ 128.703644713512318, 42.080160307985309 ], [ 128.705882270291823, 42.081399534519825 ], [ 128.708599431875456, 42.081880021189228 ], [ 128.711368308895118, 42.081643144690688 ], [ 128.716634955944244, 42.080260897743713 ], [ 128.722044838910278, 42.079211004667044 ], [ 128.724753711768216, 42.078698101542912 ], [ 128.727537595256791, 42.078479156642466 ], [ 128.728911249271789, 42.078665099229269 ], [ 128.730074420723668, 42.079238758351785 ], [ 128.730849884547894, 42.080104278714899 ], [ 128.731097206496258, 42.081121904413742 ], [ 128.731087713202896, 42.083207634406996 ], [ 128.731721956996353, 42.085229064830934 ], [ 128.73318564608698, 42.08700896576952 ], [ 128.733306851047985, 42.089097961415739 ], [ 128.732566970302599, 42.091089979490867 ], [ 128.73271704631162, 42.093170404995391 ], [ 128.733203143505136, 42.094157388985515 ], [ 128.734021267430165, 42.095000708919358 ], [ 128.7351016487587, 42.095670960505799 ], [ 128.736377593669999, 42.096082432542531 ], [ 128.739103374058033, 42.096571481851818 ], [ 128.740270282471016, 42.09711422471463 ], [ 128.741289559344864, 42.097836138393887 ], [ 128.743516629467337, 42.099093053277805 ], [ 128.744729919336663, 42.099608110732788 ], [ 128.745423351319005, 42.099680159631127 ], [ 128.746027020255895, 42.099429259532371 ], [ 128.746783217078786, 42.098547144247156 ], [ 128.746935251940414, 42.097520743165347 ], [ 128.746678722320496, 42.096495823615669 ], [ 128.746144747097162, 42.095536485112767 ], [ 128.745707964521216, 42.094544529164544 ], [ 128.745643965953832, 42.093494288364418 ], [ 128.746386494291784, 42.091489401943036 ], [ 128.747141130612562, 42.089487139430709 ], [ 128.748702851006612, 42.087753648113384 ], [ 128.749528253216369, 42.087070398892571 ], [ 128.749528253216369, 42.087070398892571 ], [ 128.750573061912291, 42.086205500225873 ], [ 128.751550504961187, 42.08546406697824 ], [ 128.752271198336103, 42.084578042531653 ], [ 128.75318947723818, 42.082593039844419 ], [ 128.753510341905155, 42.080532989620039 ], [ 128.753640088102202, 42.078452966835535 ], [ 128.754242597744792, 42.076421660671478 ], [ 128.754886970883746, 42.075479909978057 ], [ 128.755926402181558, 42.074793501238091 ], [ 128.757271743500866, 42.074492858914873 ], [ 128.758664525610811, 42.074551811052608 ], [ 128.760053541810692, 42.074703339664204 ], [ 128.761269622803781, 42.07423310212976 ], [ 128.762049857663555, 42.073404920411193 ], [ 128.762244133060562, 42.072345305061759 ], [ 128.762518424145611, 42.071870938427836 ], [ 128.763360181755985, 42.07135229090219 ], [ 128.764408864555719, 42.071167210217467 ], [ 128.766462920032296, 42.071171408364066 ], [ 128.767973154511367, 42.070862410301338 ], [ 128.769584612069281, 42.07034759151442 ], [ 128.772073934911447, 42.069394805218799 ], [ 128.774520624718775, 42.068597402579037 ], [ 128.776419303775725, 42.067058431363819 ], [ 128.777660603559212, 42.066585472051258 ], [ 128.779054134288884, 42.066765049954732 ], [ 128.780099573452247, 42.067484802273711 ], [ 128.781018747070647, 42.06836033441823 ], [ 128.782228170756014, 42.070172598841744 ], [ 128.783102361480388, 42.070764589593779 ], [ 128.783781479493427, 42.07085562652361 ], [ 128.784198040473484, 42.070269940258662 ], [ 128.784202796752083, 42.068865667080338 ], [ 128.783914452452535, 42.067367222458998 ], [ 128.783626541788038, 42.065743954346019 ], [ 128.783757145934629, 42.064274021488174 ], [ 128.784010470874449, 42.063788836129199 ], [ 128.784518872973848, 42.06342701876401 ], [ 128.78587181567309, 42.063161331208036 ], [ 128.788643328596635, 42.063255735331836 ], [ 128.789996692254419, 42.063573875407819 ], [ 128.791289362288097, 42.063207570600284 ], [ 128.79256351665569, 42.062818578745471 ], [ 128.793970866599466, 42.062838496801632 ], [ 128.796696639867889, 42.063238721606979 ], [ 128.797323311296026, 42.063032603872522 ], [ 128.79763628949712, 42.062553490526852 ], [ 128.797378031148583, 42.061532807075785 ], [ 128.796499903001944, 42.060722396640969 ], [ 128.795873440796868, 42.05979815906592 ], [ 128.795864181613325, 42.058752560895499 ], [ 128.796529739816151, 42.057848358700376 ], [ 128.798720291532618, 42.05656816780963 ], [ 128.801142568050437, 42.055559352985689 ], [ 128.80186117016288, 42.05559255565813 ], [ 128.802447334407134, 42.055825390553309 ], [ 128.802487498136173, 42.056857151184261 ], [ 128.802154298322392, 42.057874580410335 ], [ 128.802233846257252, 42.058388965962244 ], [ 128.803168926022806, 42.058854740682158 ], [ 128.803168926022806, 42.058854740682158 ], [ 128.804056041611375, 42.058997022760671 ], [ 128.805425162886451, 42.058820049541382 ], [ 128.806562298261639, 42.05820760511282 ], [ 128.807259339664057, 42.057318258506697 ], [ 128.807900007348593, 42.056388964864929 ], [ 128.80883082785715, 42.055620792247851 ], [ 128.809870540890529, 42.054906969963341 ], [ 128.811186749420841, 42.054630350354792 ], [ 128.812591232724685, 42.054647923213686 ], [ 128.813845390552501, 42.05510029236499 ], [ 128.814825888602741, 42.055832643847253 ], [ 128.815282041815834, 42.056817512871099 ], [ 128.816064711292114, 42.057680563295875 ], [ 128.817220388789366, 42.058240216547617 ], [ 128.818460602560265, 42.058711977360424 ], [ 128.819373211145916, 42.059489940952972 ], [ 128.820096833394985, 42.060381432665125 ], [ 128.821202914462162, 42.0610058274181 ], [ 128.821899730484915, 42.0610913907229 ], [ 128.822488868439024, 42.060849716931138 ], [ 128.82264944158976, 42.059814894523008 ], [ 128.822212322051769, 42.058850044445236 ], [ 128.82135022835979, 42.058014848882365 ], [ 128.819607463566655, 42.056367451150933 ], [ 128.818891267150491, 42.05551050670087 ], [ 128.818869819643282, 42.054459463192934 ], [ 128.818823558477305, 42.0523774317424 ], [ 128.818358976208827, 42.050325652895616 ], [ 128.8178819680179, 42.04934452516548 ], [ 128.817663001239879, 42.047978212321937 ], [ 128.817960432930022, 42.046543190192317 ], [ 128.817921737255745, 42.045419697885883 ], [ 128.81748680612489, 42.04426598293157 ], [ 128.816799058943673, 42.042390888472156 ], [ 128.81679805891622, 42.042390888481044 ], [ 128.815803973577829, 42.042764897852628 ], [ 128.814795035161524, 42.042886804440208 ], [ 128.812778686643725, 42.042972277142781 ], [ 128.811846212702505, 42.043286298507113 ], [ 128.811187065255695, 42.043833393870493 ], [ 128.810757195924737, 42.045470520699432 ], [ 128.810711124617512, 42.046874731929883 ], [ 128.810585247647055, 42.048364502991959 ], [ 128.810113207831421, 42.049013880340802 ], [ 128.809216124896778, 42.04939487896953 ], [ 128.807331280147508, 42.04994881410137 ], [ 128.803655878382216, 42.051225705169543 ], [ 128.80028013705757, 42.052917421435048 ], [ 128.798808474663701, 42.053948409467345 ], [ 128.797544411496233, 42.055133513904515 ], [ 128.794834957105309, 42.057383818509479 ], [ 128.793392919794343, 42.058453113264932 ], [ 128.791616976264152, 42.059190459958046 ], [ 128.789663182410322, 42.059159154919193 ], [ 128.788525305106816, 42.059099877716456 ], [ 128.788007946927536, 42.059034249941725 ], [ 128.787726457286567, 42.058810523944018 ], [ 128.787866874543113, 42.058016332185801 ], [ 128.788282372449089, 42.057333547214512 ], [ 128.789258862431836, 42.056015259919164 ], [ 128.792178848732817, 42.053913984602133 ], [ 128.794891030519352, 42.051668327805551 ], [ 128.797607352425558, 42.049417250183787 ], [ 128.799109363500236, 42.048397510703836 ], [ 128.80094707806353, 42.047772652887183 ], [ 128.802735808631695, 42.047068255776146 ], [ 128.804311454946827, 42.046088380248136 ], [ 128.805327690904335, 42.044803509970102 ], [ 128.805463975965125, 42.044044780352529 ], [ 128.80495323899811, 42.043396750779102 ], [ 128.804231531537056, 42.042882142872543 ], [ 128.803230451143861, 42.042737938012223 ], [ 128.801243944581529, 42.043032151640986 ], [ 128.797304710622939, 42.043767456123568 ], [ 128.79534941792619, 42.044186224980415 ], [ 128.793535043264939, 42.044865188804835 ], [ 128.789653340681014, 42.045716856660498 ], [ 128.782575710861124, 42.048691209727217 ], [ 128.781007230793165, 42.049655938738084 ], [ 128.779792225141421, 42.050882227935169 ], [ 128.77905650788162, 42.052300573253738 ], [ 128.778606762666726, 42.053781322487644 ], [ 128.777786400769571, 42.05514234679984 ], [ 128.776471616082802, 42.056320145860695 ], [ 128.774933181270171, 42.057329879343797 ], [ 128.773209447432265, 42.058103169920152 ], [ 128.769861206203046, 42.059070231591477 ], [ 128.766210128434864, 42.060092663463706 ], [ 128.762342778845039, 42.061957172368714 ], [ 128.759268824089929, 42.063954289946899 ], [ 128.755976607067481, 42.065725094059779 ], [ 128.75429831981495, 42.066582043591879 ], [ 128.752389112769293, 42.067033491141146 ], [ 128.750138079263053, 42.067485892471929 ], [ 128.74428404375314, 42.06767509241233 ], [ 128.737264194768642, 42.068518157455081 ], [ 128.734790499734657, 42.068886940152204 ], [ 128.732568587963215, 42.068944196579118 ], [ 128.730432625699081, 42.068502312364345 ], [ 128.728071766926945, 42.067606305166329 ], [ 128.725311062342541, 42.065769327823794 ], [ 128.72198733354557, 42.063426748985876 ], [ 128.719474377649902, 42.061861449699819 ], [ 128.715995077107948, 42.060288735249515 ], [ 128.712339071895514, 42.058748746032713 ], [ 128.709082820630869, 42.057109822562218 ], [ 128.7064121704814, 42.055339173288687 ], [ 128.706411170453947, 42.055339173297547 ] ], [ [ 128.794104816592437, 42.050403673148637 ], [ 128.792649330974228, 42.052060072489056 ], [ 128.791074473026697, 42.053171797812851 ], [ 128.789273933162946, 42.054080172286632 ], [ 128.787818065867413, 42.055280100739132 ], [ 128.785053883959421, 42.057784333873997 ], [ 128.783512333906515, 42.058907720511243 ], [ 128.781636805428036, 42.059755628551883 ], [ 128.780685415494617, 42.060135269018019 ], [ 128.779630854052556, 42.060291794068917 ], [ 128.778525255954264, 42.060368941132651 ], [ 128.777400904622652, 42.0600525001271 ], [ 128.776900361720379, 42.059364989137926 ], [ 128.777464418257409, 42.058496542316298 ], [ 128.7786692701128, 42.057146170019656 ], [ 128.780104113469775, 42.055929785561631 ], [ 128.781732113815025, 42.054863936255742 ], [ 128.783707079025419, 42.051882454398566 ], [ 128.784548906018614, 42.050791816227843 ], [ 128.786574291502717, 42.049603054119899 ], [ 128.788621149303367, 42.048583734594104 ], [ 128.790092025727716, 42.04730697284424 ], [ 128.791099966805064, 42.046622271094712 ], [ 128.792396526006996, 42.046081233043687 ], [ 128.793442960817799, 42.045894319930959 ], [ 128.795606008155829, 42.045651559180399 ], [ 128.797677131438832, 42.045168406033305 ], [ 128.799706556226852, 42.044584176206762 ], [ 128.801122082448273, 42.044330800699598 ], [ 128.802085246207241, 42.044519702874858 ], [ 128.802335499439465, 42.044894612345956 ], [ 128.802128444756306, 42.045677300191748 ], [ 128.801366924874173, 42.046221258878994 ], [ 128.80033459057978, 42.046535052359921 ], [ 128.79839684714878, 42.0472648812272 ], [ 128.79637391373862, 42.048472925369275 ], [ 128.794104816592437, 42.050403673148637 ] ] ] ] } },
{ "type": "Feature", "properties": { "DSN": "长财组未分                              ", "DSO": "J↓3→c             ", "DSO_TXT": "J3c", "CHFCAC": "K5215D01D00015", "SHEET": "K5215" }, "geometry": { "type": "MultiPolygon", "coordinates": [ [ [ [ 128.224248718066633, 42.610397125211783 ], [ 128.224249024370124, 42.610397501887341 ], [ 128.224249718094455, 42.610397125202937 ], [ 128.224248718066633, 42.610397125211783 ] ] ], [ [ [ 128.226976828672406, 42.629728203144793 ], [ 128.234081089101437, 42.634457091095278 ], [ 128.234932823685028, 42.635295875467726 ], [ 128.236505189638194, 42.636964823097948 ], [ 128.239218909173161, 42.640908912168044 ], [ 128.242501368369886, 42.644366211770226 ], [ 128.242485998601893, 42.642957511078599 ], [ 128.242742689467718, 42.641110286141426 ], [ 128.242761669513868, 42.640186809214129 ], [ 128.242485955334217, 42.639274745539112 ], [ 128.241611424563246, 42.63753251748831 ], [ 128.240077981469341, 42.634005506763387 ], [ 128.239581266246688, 42.632133605756621 ], [ 128.239338304772303, 42.631708774899835 ], [ 128.23887689218617, 42.631447406331368 ], [ 128.237597762886622, 42.631229441366933 ], [ 128.235286745196788, 42.630519507764376 ], [ 128.234377373397194, 42.629852077502996 ], [ 128.233919047728051, 42.629010040507708 ], [ 128.234041103199559, 42.627116098886248 ], [ 128.234500594896588, 42.625296460722062 ], [ 128.234963614104572, 42.624380216150833 ], [ 128.235808254827617, 42.623773042723364 ], [ 128.238377717327779, 42.623538325038176 ], [ 128.240778515354833, 42.62300769148267 ], [ 128.241916369200595, 42.622594972688034 ], [ 128.243047344236714, 42.622134153003913 ], [ 128.24116710392866, 42.620809694965914 ], [ 128.239087898909304, 42.619646840454905 ], [ 128.236747457101103, 42.618788196986294 ], [ 128.235463608512617, 42.618598302318276 ], [ 128.234169554707222, 42.618739037061076 ], [ 128.233010686031577, 42.619204720907604 ], [ 128.232092917218921, 42.619889329501198 ], [ 128.230596190750504, 42.621463276819384 ], [ 128.229834285454416, 42.622251925281077 ], [ 128.228690948564321, 42.6226781409636 ], [ 128.227392744956319, 42.622532799857211 ], [ 128.226862794405179, 42.62202217516051 ], [ 128.226971620829573, 42.619723908281365 ], [ 128.226936478579461, 42.616066170022357 ], [ 128.226754162718379, 42.613961898444416 ], [ 128.225725016831831, 42.612212597966746 ], [ 128.224249024370124, 42.610397501887341 ], [ 128.22177795832917, 42.61173926259216 ], [ 128.218373185611142, 42.614056439694188 ], [ 128.21537446440297, 42.616602805497251 ], [ 128.212941881497329, 42.61960567409799 ], [ 128.212942881525265, 42.619605674089151 ], [ 128.219581620897628, 42.624964781860349 ], [ 128.226976828672406, 42.629728203144793 ] ] ] ] } },
{ "type": "Feature", "properties": { "DSN": "长财组未分                              ", "DSO": "J↓3→c             ", "DSO_TXT": "J3c", "CHFCAC": "K5215D01D00016", "SHEET": "K5215" }, "geometry": { "type": "MultiPolygon", "coordinates": [ [ [ [ 128.248636339884456, 42.662928922165534 ], [ 128.23443417743843, 42.645580139442771 ], [ 128.228161354596665, 42.639724431912782 ], [ 128.224714884576485, 42.637122027096382 ], [ 128.224714884576485, 42.637122027096382 ], [ 128.232100886801248, 42.635640585550817 ], [ 128.234932823685028, 42.635295875467726 ], [ 128.234932823685028, 42.635295875467726 ], [ 128.236505189638194, 42.636964823097948 ], [ 128.239218909173161, 42.640908912168044 ], [ 128.242501368369886, 42.644366211770226 ], [ 128.242501368369886, 42.644366211770226 ], [ 128.246983563465392, 42.648186378136884 ], [ 128.246983563465392, 42.648186378136884 ], [ 128.245747440132533, 42.651207835074395 ], [ 128.245633471930461, 42.652670157290565 ], [ 128.245975128942575, 42.65410821963787 ], [ 128.246873726891522, 42.655423152129416 ], [ 128.248222263680418, 42.65649796733392 ], [ 128.251181850117803, 42.658416248986967 ], [ 128.252233522147463, 42.659662272838148 ], [ 128.252990618516776, 42.661014753710198 ], [ 128.253711857598717, 42.662369558118712 ], [ 128.254739838769126, 42.663630595058379 ], [ 128.256172630905297, 42.66462896526474 ], [ 128.257882352425639, 42.66536249083439 ], [ 128.260828078453841, 42.666955793974367 ], [ 128.260828078453841, 42.666955793974367 ], [ 128.251904508864953, 42.666946551070652 ], [ 128.251904508864953, 42.666946551070652 ], [ 128.248637339912335, 42.662928922156674 ], [ 128.248636339884456, 42.662928922165534 ] ] ] ] } },
{ "type": "Feature", "properties": { "DSN": "长财组未分                              ", "DSO": "J↓3→c             ", "DSO_TXT": "J3c", "CHFCAC": "K5215D01D00017", "SHEET": "K5215" }, "geometry": { "type": "MultiPolygon", "coordinates": [ [ [ [ 128.232100886801248, 42.635640585550817 ], [ 128.234932823685028, 42.635295875467726 ], [ 128.234081089101437, 42.634457091095278 ], [ 128.226976828672406, 42.629728203144793 ], [ 128.219581620897628, 42.624964781860349 ], [ 128.212942881525265, 42.619605674089151 ], [ 128.212941881497329, 42.61960567409799 ], [ 128.209687898400006, 42.616135457003736 ], [ 128.204516130039423, 42.617735539106313 ], [ 128.200694183959087, 42.618871875954511 ], [ 128.208444915275209, 42.627484381250035 ], [ 128.22052759522964, 42.638026526688975 ], [ 128.224714884576485, 42.637122027096382 ], [ 128.232100886801248, 42.635640585550817 ] ] ], [ [ [ 128.220527793673085, 42.638026699831002 ], [ 128.22052759522964, 42.638026526688975 ], [ 128.220526793645206, 42.638026699839848 ], [ 128.220527793673085, 42.638026699831002 ] ] ] ] } },
{ "type": "Feature", "properties": { "DSN": "大拉子组下段                            ", "DSO": "K↓1→d↑1          ", "DSO_TXT": "K1d-1", "CHFCAC": "K5215D01D00018", "SHEET": "K5215" }, "geometry": { "type": "MultiPolygon", "coordinates": [ [ [ [ 128.259039295354967, 42.659332512731424 ], [ 128.266053700131948, 42.659132870391744 ], [ 128.266053700131948, 42.659132870391744 ], [ 128.266072399247776, 42.657372860353817 ], [ 128.266278539314357, 42.654962126726829 ], [ 128.266656071875559, 42.653008823772346 ], [ 128.266850746118621, 42.651315128169422 ], [ 128.266700019865681, 42.649097685158672 ], [ 128.266192191877593, 42.647269091951394 ], [ 128.265503046043705, 42.645830475996902 ], [ 128.264725327307588, 42.644326102500521 ], [ 128.264121852154716, 42.642953231309633 ], [ 128.263786044097543, 42.64145169040907 ], [ 128.263798109271903, 42.640343532631817 ], [ 128.264078270114112, 42.639237078797692 ], [ 128.264439717511038, 42.638391934311279 ], [ 128.264710184102029, 42.637937335654449 ], [ 128.264710184102029, 42.637937335654449 ], [ 128.259969449504979, 42.632740666374346 ], [ 128.255628610995103, 42.627880457601741 ], [ 128.2536273602758, 42.624342624128623 ], [ 128.2536273602758, 42.624342624128623 ], [ 128.250603433821794, 42.623525432226401 ], [ 128.248007024754969, 42.623308511434757 ], [ 128.245473525773605, 42.622856147849475 ], [ 128.243047344236714, 42.622134153003913 ], [ 128.243047344236714, 42.622134153003913 ], [ 128.241916369200595, 42.622594972688034 ], [ 128.240778515354833, 42.62300769148267 ], [ 128.238377717327779, 42.623538325038176 ], [ 128.235808254827617, 42.623773042723364 ], [ 128.234963614104572, 42.624380216150833 ], [ 128.234500594896588, 42.625296460722062 ], [ 128.234041103199559, 42.627116098886248 ], [ 128.233919047728051, 42.629010040507708 ], [ 128.234377373397194, 42.629852077502996 ], [ 128.235286745196788, 42.630519507764376 ], [ 128.237597762886622, 42.631229441366933 ], [ 128.23887689218617, 42.631447406331368 ], [ 128.239338304772303, 42.631708774899835 ], [ 128.239581266246688, 42.632133605756621 ], [ 128.240077981469341, 42.634005506763387 ], [ 128.241611424563246, 42.63753251748831 ], [ 128.242485955334217, 42.639274745539112 ], [ 128.242761669513868, 42.640186809214129 ], [ 128.242742689467718, 42.641110286141426 ], [ 128.242485998601893, 42.642957511078599 ], [ 128.242501368369886, 42.644366211770226 ], [ 128.242501368369886, 42.644366211770226 ], [ 128.246983563465392, 42.648186378136884 ], [ 128.246983563465392, 42.648186378136884 ], [ 128.255164146080062, 42.655202306518021 ], [ 128.259039295354967, 42.659332512731424 ] ] ] ] } },
{ "type": "Feature", "properties": { "DSN": "大拉子组上段                            ", "DSO": "K↓1→d↑2          ", "DSO_TXT": "K1d-2", "CHFCAC": "K5215D01D00019", "SHEET": "K5215" }, "geometry": { "type": "MultiPolygon", "coordinates": [ [ [ [ 128.267818819418579, 42.659209367974867 ], [ 128.266053700131948, 42.659132870391744 ], [ 128.266053700131948, 42.659132870391744 ], [ 128.259039295354967, 42.659332512731424 ], [ 128.259039295354967, 42.659332512731424 ], [ 128.255164146080062, 42.655202306518021 ], [ 128.246983563465392, 42.648186378136884 ], [ 128.246983563465392, 42.648186378136884 ], [ 128.245747440132533, 42.651207835074395 ], [ 128.245633471930461, 42.652670157290565 ], [ 128.245975128942575, 42.65410821963787 ], [ 128.246873726891522, 42.655423152129416 ], [ 128.248222263680418, 42.65649796733392 ], [ 128.251181850117803, 42.658416248986967 ], [ 128.252233522147463, 42.659662272838148 ], [ 128.252990618516776, 42.661014753710198 ], [ 128.253711857598717, 42.662369558118712 ], [ 128.254739838769126, 42.663630595058379 ], [ 128.256172630905297, 42.66462896526474 ], [ 128.257882352425639, 42.66536249083439 ], [ 128.260828078453841, 42.666955793974367 ], [ 128.260828078453841, 42.666955793974367 ], [ 128.277077221342324, 42.666970836310931 ], [ 128.277077221342324, 42.666970836310931 ], [ 128.275860352336764, 42.665254047378113 ], [ 128.275860352336764, 42.665254047378113 ], [ 128.27313873195726, 42.661612789927091 ], [ 128.271531104118111, 42.659111064308448 ], [ 128.271531104118111, 42.659111064308448 ], [ 128.267818819418579, 42.659209367974867 ] ] ] ] } },
{ "type": "Feature", "properties": { "DSN": "冰场组                                  ", "DSO": "τQ↓4↑            ", "DSO_TXT": "τQ4", "CHFCAC": "K5215D01D00020", "SHEET": "K5215" }, "geometry": { "type": "MultiPolygon", "coordinates": [ [ [ [ 128.151359218235626, 42.023086055511719 ], [ 128.152088575319766, 42.023239631000166 ], [ 128.152679030908558, 42.02356510122636 ], [ 128.153045666647927, 42.024049487195455 ], [ 128.155166108074155, 42.026279205285284 ], [ 128.15587729683574, 42.027527012033026 ], [ 128.155779384416348, 42.028897120523887 ], [ 128.155575677972138, 42.030259777139349 ], [ 128.155779072200488, 42.03161366744655 ], [ 128.156996930298448, 42.034181328849996 ], [ 128.157056949248556, 42.035554960800496 ], [ 128.157477265371767, 42.036883155702725 ], [ 128.158183430340443, 42.037310573955246 ], [ 128.159090621286794, 42.037313430169441 ], [ 128.16082375826818, 42.036803181832767 ], [ 128.162296072831339, 42.036011063548223 ], [ 128.164142669035158, 42.036034919621024 ], [ 128.165974935812756, 42.036091157873095 ], [ 128.167753956230371, 42.03570152932361 ], [ 128.169067653119157, 42.034771585069919 ], [ 128.169799872966479, 42.03350500337347 ], [ 128.170936643805732, 42.032446841460398 ], [ 128.172534363573504, 42.031748396651039 ], [ 128.175936114398269, 42.03072009968524 ], [ 128.177179304661081, 42.029720783244002 ], [ 128.177581292556823, 42.028383038495662 ], [ 128.177342044367407, 42.025652451798472 ], [ 128.177399846563191, 42.023691429493368 ], [ 128.177399846563191, 42.023691429493368 ], [ 128.182012121031619, 42.023829631478392 ], [ 128.194475770377096, 42.024048976833889 ], [ 128.206938499933528, 42.023889522545886 ], [ 128.219037419749327, 42.023705281863279 ], [ 128.219037419749327, 42.023705281863279 ], [ 128.217175255518583, 42.024533299575239 ], [ 128.215934608572098, 42.025243762004742 ], [ 128.214891415955918, 42.026102956923772 ], [ 128.214673117207667, 42.026672550434384 ], [ 128.214844625089597, 42.027216304489954 ], [ 128.215928496363517, 42.028101763028793 ], [ 128.218537110174168, 42.029329755374086 ], [ 128.221581097143371, 42.029790779998123 ], [ 128.224557436755617, 42.030372045645066 ], [ 128.225895757312259, 42.031081678383011 ], [ 128.226353260960593, 42.031584378119454 ], [ 128.226271268364684, 42.032097158712943 ], [ 128.225005549367836, 42.032839275274327 ], [ 128.223494995699809, 42.032860548665184 ], [ 128.220603112657074, 42.031962806940143 ], [ 128.217874364219142, 42.030918447002996 ], [ 128.216382509555842, 42.030467891193801 ], [ 128.214810523191971, 42.03025423501871 ], [ 128.213460301461339, 42.030726039400591 ], [ 128.212372886768605, 42.031601224044174 ], [ 128.212111896146098, 42.032705962923615 ], [ 128.212558772751891, 42.033851728812763 ], [ 128.213472951983334, 42.034765287564873 ], [ 128.214758970700842, 42.035440848528673 ], [ 128.220235186961162, 42.03763592580966 ], [ 128.225087660671306, 42.040530406681725 ], [ 128.22747544933415, 42.042049099864215 ], [ 128.230159712014739, 42.043194386642107 ], [ 128.2330616020229, 42.044043479000109 ], [ 128.235621391018782, 42.045355543446483 ], [ 128.237925214309286, 42.046925008231334 ], [ 128.239880359418436, 42.048737596331854 ], [ 128.240846055931797, 42.049645298864156 ], [ 128.24203990164736, 42.050369567011245 ], [ 128.24453182770236, 42.051758443647664 ], [ 128.245109761589958, 42.052875512999208 ], [ 128.244639692580648, 42.053251113718133 ], [ 128.243801741878684, 42.053412023372275 ], [ 128.242284286242295, 42.053456514321745 ], [ 128.240862370628662, 42.053000889749782 ], [ 128.235551971356898, 42.050561615424598 ], [ 128.233073723267069, 42.049145759198503 ], [ 128.230442023314509, 42.047925230270025 ], [ 128.227704267297952, 42.046781858629181 ], [ 128.225288319699132, 42.045334605047998 ], [ 128.223426889080429, 42.043476094306584 ], [ 128.221169663970613, 42.041880473083424 ], [ 128.218754641569035, 42.040373811467035 ], [ 128.217432811285732, 42.039787912828245 ], [ 128.215970702399744, 42.039418443333155 ], [ 128.209911546709748, 42.038366187412898 ], [ 128.208338752991807, 42.038100550772363 ], [ 128.206830410266889, 42.038184260296376 ], [ 128.205535117679204, 42.038841293521877 ], [ 128.204403195117266, 42.039672581283838 ], [ 128.202530597046234, 42.041491706012437 ], [ 128.200901101880675, 42.043477407233411 ], [ 128.198992123726782, 42.045319448792497 ], [ 128.196663058406443, 42.046850556444753 ], [ 128.191397062873961, 42.049338477986943 ], [ 128.189158353631029, 42.050964402904235 ], [ 128.18794607287208, 42.051662802024275 ], [ 128.186529859254904, 42.052128723413531 ], [ 128.180387617788767, 42.053078570770182 ], [ 128.179034223048347, 42.053622422767781 ], [ 128.177821120041642, 42.054373280879524 ], [ 128.1758618302309, 42.056222967118508 ], [ 128.174506267954285, 42.058306992823333 ], [ 128.173658586395391, 42.060541269725434 ], [ 128.173252916955192, 42.062851248481834 ], [ 128.173205364912263, 42.065173280123744 ], [ 128.173351955990768, 42.069803739942969 ], [ 128.173088625625724, 42.074457187497913 ], [ 128.173771830573486, 42.076686143800416 ], [ 128.175106317104422, 42.078816401027076 ], [ 128.180221673238862, 42.087269346132771 ], [ 128.182178028675906, 42.091238258587083 ], [ 128.182178028675906, 42.091238258587083 ], [ 128.182810681920643, 42.093942461621609 ], [ 128.183097446950967, 42.096250471491928 ], [ 128.183511163492454, 42.100885686356818 ], [ 128.183938781089068, 42.103183143094206 ], [ 128.184673229790377, 42.105440218821442 ], [ 128.186902954586316, 42.109765688191821 ], [ 128.187649132136698, 42.112021932562385 ], [ 128.188777762174112, 42.114175236124183 ], [ 128.190041507990571, 42.116300218499113 ], [ 128.190856018232154, 42.118541860224681 ], [ 128.191163044416982, 42.120856362535719 ], [ 128.19072410826783, 42.123141398703076 ], [ 128.190309516526639, 42.123653736218827 ], [ 128.18966297044966, 42.123974772086967 ], [ 128.188861164802887, 42.123959932679838 ], [ 128.188271875318321, 42.123609589001752 ], [ 128.187229961283919, 42.121406088307545 ], [ 128.18648950428215, 42.116784754588728 ], [ 128.185370931956157, 42.114630220690593 ], [ 128.183637050782352, 42.112694452582616 ], [ 128.181946637052675, 42.110748434518555 ], [ 128.18141168312826, 42.109655477964125 ], [ 128.181196384248125, 42.108512181309514 ], [ 128.181801510811226, 42.103871970989829 ], [ 128.181515200976094, 42.101574208380796 ], [ 128.180560633370533, 42.099361501844918 ], [ 128.179535790041143, 42.097177063886576 ], [ 128.178907668980457, 42.094913379739431 ], [ 128.178494878096075, 42.092270994437371 ], [ 128.178494878096075, 42.092270994437371 ], [ 128.178269367028861, 42.090268485743714 ], [ 128.177461219804172, 42.088043788069697 ], [ 128.17607704487088, 42.085959125474098 ], [ 128.174622188210805, 42.08395701592368 ], [ 128.1728683591231, 42.081993457471206 ], [ 128.171741762787121, 42.08107417162087 ], [ 128.170365041652957, 42.080602329353532 ], [ 128.168880726228053, 42.080947710158952 ], [ 128.168007766743273, 42.081900902509354 ], [ 128.167134772279525, 42.084150805343889 ], [ 128.166590266709278, 42.086420766676291 ], [ 128.166082936323818, 42.091053565779568 ], [ 128.166101074249156, 42.095690159927258 ], [ 128.165886438840488, 42.099055170487411 ], [ 128.165886438840488, 42.099055170487411 ], [ 128.166044431096566, 42.104981483058133 ], [ 128.166589455251341, 42.109581298507976 ], [ 128.167786777605613, 42.114140408028575 ], [ 128.168435635478801, 42.118753087597412 ], [ 128.16858500897942, 42.123398828520081 ], [ 128.168945304806556, 42.128024460466783 ], [ 128.169879105960035, 42.132612559146885 ], [ 128.17176831687695, 42.141780045832171 ], [ 128.172522004131878, 42.146391996002478 ], [ 128.1724671722138, 42.148716730515886 ], [ 128.171929745435847, 42.151000466316489 ], [ 128.170852498376462, 42.153180936576554 ], [ 128.169523593210698, 42.155280237350127 ], [ 128.16778737459191, 42.159746827908968 ], [ 128.167035815808447, 42.160746437260535 ], [ 128.166016187523269, 42.161628699088652 ], [ 128.164857813255566, 42.162422412349642 ], [ 128.16340806983294, 42.162886315609583 ], [ 128.16261241295507, 42.162832000076108 ], [ 128.16201859131283, 42.16250312769877 ], [ 128.161323146113176, 42.16141692647259 ], [ 128.160277604925028, 42.159286003514204 ], [ 128.159624345418791, 42.158200693186934 ], [ 128.158601173757404, 42.157181787671959 ], [ 128.157956984996162, 42.156887784817741 ], [ 128.157239594549196, 42.156866610182739 ], [ 128.155790945467487, 42.157407262760593 ], [ 128.1535394467206, 42.159015983854339 ], [ 128.151767217924544, 42.160899723400519 ], [ 128.145689707925783, 42.169025484406845 ], [ 128.140954509127624, 42.177596556843497 ], [ 128.139972253978158, 42.179794594316853 ], [ 128.140063518715067, 42.18211606322496 ], [ 128.141199203655958, 42.186676225440848 ], [ 128.143148738183555, 42.195833454230424 ], [ 128.14467812070302, 42.200351977352845 ], [ 128.144953496572839, 42.202616996940648 ], [ 128.144820052293568, 42.203252012060616 ], [ 128.14443343011186, 42.203742323560846 ], [ 128.143664909621521, 42.203755013227578 ], [ 128.143076039700276, 42.203388004643379 ], [ 128.139731937156142, 42.199437226044665 ], [ 128.138735118771052, 42.197250171271868 ], [ 128.138348579884308, 42.19493330122409 ], [ 128.138035303448049, 42.190304895185157 ], [ 128.137767347979377, 42.18799297895211 ], [ 128.137125331570019, 42.185714373398639 ], [ 128.135887623164479, 42.183592175892848 ], [ 128.134102738927993, 42.181683202063624 ], [ 128.132069214516747, 42.179922227665323 ], [ 128.129670534025706, 42.178443810591276 ], [ 128.126794300316476, 42.177510385362673 ], [ 128.12524109376119, 42.177492476579019 ], [ 128.123763052232619, 42.1779023891633 ], [ 128.122548717082481, 42.178629990019388 ], [ 128.121610271232043, 42.179564351702631 ], [ 128.120199226405902, 42.181668715210108 ], [ 128.11822831786904, 42.186055127348155 ], [ 128.116530599373675, 42.190515742673426 ], [ 128.115061518054631, 42.195047166019364 ], [ 128.114385199275716, 42.196079510618809 ], [ 128.113276993103085, 42.196912081555318 ], [ 128.112541772394053, 42.197159769623923 ], [ 128.111779563123577, 42.197124016307662 ], [ 128.11114031771001, 42.196767467231609 ], [ 128.11079670276041, 42.196248747655737 ], [ 128.110588836135747, 42.19391418261953 ], [ 128.110673937780689, 42.191608470079515 ], [ 128.111394897840484, 42.187002205368323 ], [ 128.112758368332294, 42.182474017353201 ], [ 128.113854284229689, 42.17791295276448 ], [ 128.11403931168806, 42.175590002608466 ], [ 128.113822661665068, 42.173252740610607 ], [ 128.112976568212389, 42.171022703667688 ], [ 128.111361071343197, 42.169033795116832 ], [ 128.109183023617447, 42.167362933770619 ], [ 128.106671321487454, 42.165981901071653 ], [ 128.101261144609765, 42.163660805381248 ], [ 128.090310326635347, 42.159205790262781 ], [ 128.08756517308683, 42.158103512721134 ], [ 128.084705198605178, 42.157213615442949 ], [ 128.081704808361877, 42.156594097708201 ], [ 128.078610563643764, 42.156183468804649 ], [ 128.075498781211252, 42.155846861783317 ], [ 128.072503289851539, 42.155287386651857 ], [ 128.066989050570044, 42.153129563711801 ], [ 128.061344712108223, 42.151112627793111 ], [ 128.0553701166547, 42.149800036486013 ], [ 128.04920785403732, 42.149081679905734 ], [ 128.042995576523055, 42.148664390199308 ], [ 128.030606157755699, 42.147637355151915 ], [ 128.029066756899965, 42.147795016861942 ], [ 128.027577229225955, 42.148165828302751 ], [ 128.024955572548379, 42.149451826867477 ], [ 128.023030380922279, 42.1512719289614 ], [ 128.021785337965952, 42.153394084340448 ], [ 128.017557711180359, 42.162119764948777 ], [ 128.01659815563886, 42.16436506828623 ], [ 128.01607171844924, 42.165471809209791 ], [ 128.015129973794814, 42.166339353447889 ], [ 128.013706949211269, 42.166888471351946 ], [ 128.013049196136308, 42.166626848477833 ], [ 128.012575632808904, 42.166134647709654 ], [ 128.012089219592497, 42.165052528050936 ], [ 128.011970909744434, 42.163904729428822 ], [ 128.012355100611472, 42.159232206319551 ], [ 128.012784836590754, 42.156950230199392 ], [ 128.013515725801739, 42.15469244099377 ], [ 128.014253864219143, 42.152451268000746 ], [ 128.014691372986078, 42.150152761211231 ], [ 128.014495700656283, 42.147758561826038 ], [ 128.013919572909799, 42.146705139403963 ], [ 128.012882902662341, 42.14589289747925 ], [ 128.009965535560553, 42.14488178843699 ], [ 128.006901518739028, 42.144360610346276 ], [ 128.000998827241858, 42.144202980203332 ], [ 128.000998827241858, 42.144202980203332 ], [ 128.001000389827198, 42.080923992989092 ], [ 128.001000389827198, 42.080923992989092 ], [ 128.002465091740135, 42.080241716443197 ], [ 128.004187979613931, 42.079783185358664 ], [ 128.007859902929795, 42.079669730790641 ], [ 128.011459638567771, 42.080197139582673 ], [ 128.013044324528806, 42.080881555155763 ], [ 128.014457469443158, 42.081800373891085 ], [ 128.015356590913541, 42.082968339396778 ], [ 128.015946094920054, 42.084268732514829 ], [ 128.017242126353523, 42.085239934399304 ], [ 128.019000595540064, 42.085629320978526 ], [ 128.022688658195108, 42.085596853945958 ], [ 128.026194650632789, 42.084781854401335 ], [ 128.032968276487594, 42.08265779238689 ], [ 128.036526845758942, 42.081970940356371 ], [ 128.040167707251015, 42.081605474192301 ], [ 128.047519594440018, 42.081660071822967 ], [ 128.049347291848534, 42.081544444430669 ], [ 128.051122215086082, 42.081170569197901 ], [ 128.054321245467008, 42.079830719460553 ], [ 128.055729405082531, 42.078940601264449 ], [ 128.056763613111201, 42.07781955807318 ], [ 128.057362851820926, 42.076514345786144 ], [ 128.057638650586227, 42.075159400582443 ], [ 128.057408688446344, 42.072429853773016 ], [ 128.056591193410583, 42.069766680700212 ], [ 128.056178613322658, 42.068431461858943 ], [ 128.056095340579304, 42.067065254701319 ], [ 128.055865366540644, 42.06434931143712 ], [ 128.055103741722547, 42.061640690742628 ], [ 128.054457429916852, 42.06037822048193 ], [ 128.053462247182694, 42.059228091018987 ], [ 128.05268507661367, 42.057985088400144 ], [ 128.052344446890771, 42.056594580786019 ], [ 128.052638905301137, 42.056459498471767 ], [ 128.053125094444653, 42.056595558674047 ], [ 128.053905133594611, 42.056942525671012 ], [ 128.054797379694776, 42.056936458376931 ], [ 128.055624756738922, 42.056623504242125 ], [ 128.056276234220633, 42.056159064585522 ], [ 128.05647286831055, 42.055481004033474 ], [ 128.056580126875957, 42.054102298616243 ], [ 128.056183029236706, 42.051394250387347 ], [ 128.055942747042366, 42.048667719254105 ], [ 128.055997006201238, 42.045921617009007 ], [ 128.056445194804411, 42.044577497796695 ], [ 128.056974329616821, 42.044057388504612 ], [ 128.057856642909229, 42.044253551460002 ], [ 128.05850883913152, 42.044802527449392 ], [ 128.058801857050753, 42.045451000544489 ], [ 128.059128325799293, 42.046809258663927 ], [ 128.061011557649636, 42.05209173729493 ], [ 128.061928854513638, 42.054741447700792 ], [ 128.062319186815699, 42.057462157015095 ], [ 128.062840391834754, 42.062915337748848 ], [ 128.06346922641626, 42.065620827676938 ], [ 128.064685642270632, 42.068187625151907 ], [ 128.066803200533968, 42.07045484725441 ], [ 128.069545041347396, 42.07224553308798 ], [ 128.071222006163197, 42.072852257734006 ], [ 128.07217341333569, 42.073015287992625 ], [ 128.072966580665565, 42.072815346563509 ], [ 128.075132950093689, 42.070553233599796 ], [ 128.075883869305471, 42.070195205088361 ], [ 128.0768090344732, 42.070116373251182 ], [ 128.078623982841151, 42.070455911835609 ], [ 128.081203951340711, 42.072386690236605 ], [ 128.083017276381042, 42.072562031850801 ], [ 128.08483723910328, 42.072286170946008 ], [ 128.088281155102322, 42.071351044812367 ], [ 128.089845166861409, 42.070637350231898 ], [ 128.091524421555761, 42.070069452504448 ], [ 128.092419929795483, 42.070038300052587 ], [ 128.093213923020528, 42.070254048391675 ], [ 128.094513979011452, 42.071231591028649 ], [ 128.096540179394367, 42.073785034386518 ], [ 128.099018102297435, 42.075785287539738 ], [ 128.100144642785864, 42.076853417341304 ], [ 128.100874974682228, 42.078106976649572 ], [ 128.102094835539447, 42.080696814063742 ], [ 128.103068202949913, 42.083356628230192 ], [ 128.103519021394305, 42.084670865998099 ], [ 128.104664520683514, 42.085793636524151 ], [ 128.105046343190367, 42.085854032326267 ], [ 128.105336491348481, 42.085584544805748 ], [ 128.105656650976613, 42.084907217911969 ], [ 128.105704421442027, 42.083569492030243 ], [ 128.105301346039511, 42.080839453979742 ], [ 128.104940692227018, 42.079500567192049 ], [ 128.105072338435235, 42.078130968596604 ], [ 128.105313178889361, 42.075409357937843 ], [ 128.10455859818137, 42.072731369942638 ], [ 128.104097932544306, 42.071404248964349 ], [ 128.103355624989405, 42.070153845685198 ], [ 128.102842598777016, 42.068846528191386 ], [ 128.102700168025649, 42.068151560937906 ], [ 128.102856253661173, 42.067820097885757 ], [ 128.10323360073059, 42.067761123727202 ], [ 128.104944092844249, 42.068433344324724 ], [ 128.106190834865941, 42.06939959550256 ], [ 128.107460019990953, 42.070381067380573 ], [ 128.108301044278562, 42.070704616708156 ], [ 128.10903721897472, 42.070332662665152 ], [ 128.109386368656573, 42.069694544198683 ], [ 128.109440627507553, 42.069017682644642 ], [ 128.109133912154647, 42.067658918202781 ], [ 128.108366747408922, 42.062212912409208 ], [ 128.107677256410796, 42.060957845683632 ], [ 128.106650150929426, 42.059815911567057 ], [ 128.105734470445583, 42.058626128521077 ], [ 128.105114303376922, 42.057338277832855 ], [ 128.103634537971487, 42.054843981640204 ], [ 128.103108723059023, 42.053548061626074 ], [ 128.102038014152669, 42.052427065107544 ], [ 128.101212210796803, 42.051204956558045 ], [ 128.100873967424832, 42.050568612559942 ], [ 128.100915410214725, 42.050208195763958 ], [ 128.101204470956787, 42.050020475961489 ], [ 128.103074543594175, 42.05041515170614 ], [ 128.104432046283307, 42.05126385603419 ], [ 128.10946634552468, 42.055279910892502 ], [ 128.111616394163605, 42.057492042192159 ], [ 128.112468477924978, 42.058726359685039 ], [ 128.113586902255406, 42.059770587326632 ], [ 128.114444257528362, 42.059867909210617 ], [ 128.11422421107514, 42.059188990383092 ], [ 128.113536693413806, 42.057802283651405 ], [ 128.112153048268851, 42.055340662885428 ], [ 128.111409250973509, 42.054101057105527 ], [ 128.110972809402938, 42.052768572351916 ], [ 128.110126792719768, 42.051551795933285 ], [ 128.108878357394843, 42.050549201911913 ], [ 128.105982564955468, 42.048872330580977 ], [ 128.102901250605157, 42.047385367716011 ], [ 128.101490364029786, 42.046499191668843 ], [ 128.100291766241071, 42.045453867367762 ], [ 128.099452798784284, 42.044278399270553 ], [ 128.098893161668286, 42.042912827000279 ], [ 128.09946959434194, 42.042422681855584 ], [ 128.100313749032722, 42.042484211041263 ], [ 128.101866136342636, 42.043465856943051 ], [ 128.102625685127776, 42.043860872652559 ], [ 128.10348209981592, 42.044030021999248 ], [ 128.104415162747955, 42.043910451814241 ], [ 128.105143166385602, 42.043511919955968 ], [ 128.106031757239606, 42.042271630952726 ], [ 128.106915879814323, 42.042166694031131 ], [ 128.107434262429479, 42.042657439305444 ], [ 128.107615832996544, 42.044155466436941 ], [ 128.107928518314395, 42.044779107972147 ], [ 128.108534490468685, 42.045257682924138 ], [ 128.110303448263835, 42.045702199467854 ], [ 128.111208231390322, 42.045610048112252 ], [ 128.112012651677986, 42.04526744518023 ], [ 128.113016132797981, 42.044137069269922 ], [ 128.113528003035327, 42.042800142780749 ], [ 128.114215977024344, 42.04152551157005 ], [ 128.115342367688442, 42.040432777499561 ], [ 128.116927189148186, 42.03973152469176 ], [ 128.118760880883286, 42.039619296281295 ], [ 128.122412560596302, 42.040076274047678 ], [ 128.123329480963889, 42.039999487495663 ], [ 128.124100908340665, 42.039657261153863 ], [ 128.125048367458561, 42.038466600933845 ], [ 128.125296775648081, 42.037116330639549 ], [ 128.12524867517547, 42.035743987180723 ], [ 128.125460086248154, 42.034389924542516 ], [ 128.126321281383269, 42.033176660463774 ], [ 128.127078572015961, 42.032792980950447 ], [ 128.127998386410724, 42.03265330300308 ], [ 128.129756206248203, 42.033039762228945 ], [ 128.132686802856455, 42.034693346187474 ], [ 128.13354849518538, 42.03495751248149 ], [ 128.134499522705937, 42.034983918970696 ], [ 128.135314286975074, 42.03470631023611 ], [ 128.135894900966491, 42.034165344759103 ], [ 128.137369226118579, 42.031642769250233 ], [ 128.137893077501644, 42.031055759426593 ], [ 128.138663499877055, 42.03072646490812 ], [ 128.140501088720441, 42.030787159801953 ], [ 128.141302526056052, 42.031126262192998 ], [ 128.141892610805257, 42.031647869017213 ], [ 128.142725108563269, 42.032874364750697 ], [ 128.143981039928292, 42.033870807159353 ], [ 128.145569569839751, 42.034535299523299 ], [ 128.147334890198181, 42.034921557324196 ], [ 128.148882895874493, 42.035659677857431 ], [ 128.151500969620713, 42.03758281584124 ], [ 128.1523829169424, 42.037753438380456 ], [ 128.153305659000466, 42.037568983357581 ], [ 128.153747784183622, 42.037038382647879 ], [ 128.153606702389425, 42.036313506543117 ], [ 128.152577536992879, 42.033668676123376 ], [ 128.152388690672154, 42.032331926119319 ], [ 128.15296287414867, 42.031003903517814 ], [ 128.152939336405382, 42.029667469947881 ], [ 128.152518866356388, 42.028323736566129 ], [ 128.151210469396801, 42.025771252433209 ], [ 128.150641218172439, 42.02447370369952 ], [ 128.150383275015344, 42.023077538167492 ], [ 128.150384275042967, 42.023077538158759 ], [ 128.15136021826325, 42.023086055503001 ], [ 128.151359218235626, 42.023086055511719 ] ] ] ] } },
{ "type": "Feature", "properties": { "DSN": "大拉子组下段                            ", "DSO": "K↓1→d↑1          ", "DSO_TXT": "K1d-1", "CHFCAC": "K5215D01D00021", "SHEET": "K5215" }, "geometry": { "type": "MultiPolygon", "coordinates": [ [ [ [ 128.125616960115366, 42.658907856293887 ], [ 128.12561796014333, 42.658907856285069 ], [ 128.121356904107529, 42.658523919557048 ], [ 128.117988764254733, 42.657527994850305 ], [ 128.11594298177414, 42.657630797839502 ], [ 128.11429148649637, 42.65746558775578 ], [ 128.11128192062489, 42.656386439437476 ], [ 128.105187777974692, 42.654251907636706 ], [ 128.099030737755271, 42.652206375650124 ], [ 128.096010995223565, 42.651055730189249 ], [ 128.094439362434855, 42.650607820974074 ], [ 128.092780092725576, 42.650389143235081 ], [ 128.089407934409593, 42.650584558126262 ], [ 128.086220835383045, 42.651406263467933 ], [ 128.084858939443222, 42.651888759661055 ], [ 128.089784186903842, 42.657661358720077 ], [ 128.096540124948064, 42.664585431649186 ], [ 128.099031236108601, 42.667011966209451 ], [ 128.131937454190563, 42.667014699956773 ], [ 128.130495524518722, 42.665176978217161 ], [ 128.125616960115366, 42.658907856293887 ] ], [ [ 128.090147934553727, 42.655340585233418 ], [ 128.089539019898154, 42.654607339364439 ], [ 128.089321421996061, 42.653750864338733 ], [ 128.089539582016641, 42.65290613879263 ], [ 128.090191493711899, 42.652212108958366 ], [ 128.091147002572455, 42.651703384179605 ], [ 128.092251920844717, 42.65140429107214 ], [ 128.093393478207815, 42.651398213763507 ], [ 128.094459729930492, 42.651726523897452 ], [ 128.095347363340181, 42.652313481486956 ], [ 128.096625309407329, 42.653774706221689 ], [ 128.097467333628799, 42.654293560773326 ], [ 128.098592018774895, 42.654503879517264 ], [ 128.100887784236676, 42.65451287691026 ], [ 128.102007461439939, 42.654745576370566 ], [ 128.10288384730336, 42.655335897116473 ], [ 128.103152224573165, 42.656167391530964 ], [ 128.102526059596443, 42.656870915518589 ], [ 128.100897903414392, 42.658015892788555 ], [ 128.09888552088475, 42.659039936556219 ], [ 128.098367294804007, 42.659090836097754 ], [ 128.097933249621008, 42.65888678376735 ], [ 128.09714532772378, 42.658182830571867 ], [ 128.095231175470104, 42.657266260149783 ], [ 128.09102960255376, 42.655882130589461 ], [ 128.090147934553727, 42.655340585233418 ] ] ], [ [ [ 128.131937454262697, 42.667014700048689 ], [ 128.131938454290605, 42.667014700039857 ], [ 128.131937454190563, 42.667014699956773 ], [ 128.131937454262697, 42.667014700048689 ] ] ] ] } },
{ "type": "Feature", "properties": { "DSN": "长财组未分                              ", "DSO": "J↓3→c             ", "DSO_TXT": "J3c", "CHFCAC": "K5215D01D00022", "SHEET": "K5215" }, "geometry": { "type": "MultiPolygon", "coordinates": [ [ [ [ 128.251904508864953, 42.666946551070652 ], [ 128.248637339912335, 42.662928922156674 ], [ 128.248636339884456, 42.662928922165534 ], [ 128.238633819191449, 42.662369091702118 ], [ 128.236277193024193, 42.662091888283278 ], [ 128.234058137585322, 42.661430784111666 ], [ 128.233087403747646, 42.660839281511883 ], [ 128.232347203874326, 42.660073566703936 ], [ 128.232062996438799, 42.659230260275393 ], [ 128.232392219335139, 42.658402974027517 ], [ 128.235293307453702, 42.655551600985333 ], [ 128.235832978901016, 42.653802515978178 ], [ 128.235664393036529, 42.652918763997199 ], [ 128.235178625133074, 42.652132742216651 ], [ 128.233469491203039, 42.650873516306554 ], [ 128.231235572006256, 42.649960678336868 ], [ 128.228912252630352, 42.649322278233711 ], [ 128.226572864704281, 42.648926974553817 ], [ 128.221855323223963, 42.64877213694794 ], [ 128.217121840823694, 42.649306590449193 ], [ 128.214771570801673, 42.649771762721329 ], [ 128.212543024677188, 42.650439671404676 ], [ 128.210918391914248, 42.651726557258996 ], [ 128.210025408407716, 42.653378727695035 ], [ 128.209696512450165, 42.655133838342977 ], [ 128.20968187723895, 42.656928088269837 ], [ 128.209758871048678, 42.658986928669975 ], [ 128.210221783560513, 42.663634250656386 ], [ 128.20934524901071, 42.665728884981725 ], [ 128.208258364692455, 42.666984649383885 ], [ 128.251015645592332, 42.666945591336344 ], [ 128.251904508864953, 42.666946551070652 ] ] ], [ [ [ 128.20825836390884, 42.666984650289265 ], [ 128.208258364692455, 42.666984649383885 ], [ 128.208257363880932, 42.666984650298112 ], [ 128.20825836390884, 42.666984650289265 ] ] ] ] } },
{ "type": "Feature", "properties": { "DSN": "长财组未分                              ", "DSO": "J↓3→c             ", "DSO_TXT": "J3c", "CHFCAC": "K5215D01D00023", "SHEET": "K5215" }, "geometry": { "type": "MultiPolygon", "coordinates": [ [ [ [ 128.273517780848806, 42.646719626348975 ], [ 128.273518780876657, 42.646719626340129 ], [ 128.273518650892044, 42.646719481476403 ], [ 128.273517780848806, 42.646719626348975 ] ] ], [ [ [ 128.280949599900396, 42.646008340028359 ], [ 128.284458146317576, 42.644924782558846 ], [ 128.286161335218424, 42.644323074464658 ], [ 128.287160675611773, 42.644283115874629 ], [ 128.287849133266946, 42.644694648757131 ], [ 128.288035112769592, 42.645416613293541 ], [ 128.287908799356018, 42.646112330201944 ], [ 128.287234450597794, 42.647416408411289 ], [ 128.286717664995763, 42.648772848069953 ], [ 128.286743122079201, 42.650177632213655 ], [ 128.287440773665054, 42.651485837575898 ], [ 128.288552393567812, 42.652635217116007 ], [ 128.288870943030417, 42.655596684557359 ], [ 128.289035208960456, 42.657100037165677 ], [ 128.289908771856744, 42.658316433884494 ], [ 128.291327632448514, 42.65911812358889 ], [ 128.293114601904762, 42.659463968990863 ], [ 128.295011967963603, 42.659679163299543 ], [ 128.296724396660949, 42.660118755655226 ], [ 128.299379950936469, 42.661991778190902 ], [ 128.301002952245113, 42.662593823095065 ], [ 128.302827821219125, 42.662752084772762 ], [ 128.3047001260434, 42.662729110090844 ], [ 128.306468105774428, 42.662981288080097 ], [ 128.307981189702303, 42.663759657292644 ], [ 128.309164238648719, 42.66479523429453 ], [ 128.310979216412505, 42.66699480102438 ], [ 128.310978216384626, 42.666994801033255 ], [ 128.371990268641838, 42.667012652009312 ], [ 128.37120595899583, 42.664771000796812 ], [ 128.369627798777117, 42.662708805114114 ], [ 128.367469954819342, 42.660953962920345 ], [ 128.365069144191693, 42.659376403391278 ], [ 128.360108012927725, 42.6563646185678 ], [ 128.359025096709388, 42.655467099136317 ], [ 128.358321343856289, 42.654414311100965 ], [ 128.358106904547526, 42.653232060044104 ], [ 128.358192641355373, 42.652046445070845 ], [ 128.355554882780552, 42.650968449287078 ], [ 128.353438968984875, 42.649830871864076 ], [ 128.351082920866304, 42.649004807364058 ], [ 128.348492424871381, 42.648835456198164 ], [ 128.345874275450171, 42.648850946744432 ], [ 128.340708091207745, 42.649359018695058 ], [ 128.338129277261885, 42.649625425817831 ], [ 128.335519898680246, 42.649666554692075 ], [ 128.330295534812308, 42.649524059854073 ], [ 128.325246196843949, 42.648530478969988 ], [ 128.322727834264157, 42.64802885257587 ], [ 128.320348472795217, 42.647257933495062 ], [ 128.315888336740812, 42.64524733636425 ], [ 128.313731100538803, 42.644137408584839 ], [ 128.312554902261127, 42.643754586590845 ], [ 128.311261038340547, 42.643598843390059 ], [ 128.308635239184298, 42.643740615895581 ], [ 128.306347089476787, 42.644658790564208 ], [ 128.304392874328613, 42.645918081353955 ], [ 128.303374420617843, 42.64654496630201 ], [ 128.302152381967119, 42.64686551635166 ], [ 128.300882126676015, 42.646634004594404 ], [ 128.300159086328108, 42.645856335049025 ], [ 128.299330715258549, 42.644024167279689 ], [ 128.297865245912959, 42.642436351327639 ], [ 128.295570189878163, 42.641551427296591 ], [ 128.290626880471251, 42.640305959143028 ], [ 128.288214961991883, 42.639542252395664 ], [ 128.286019054437219, 42.638540574611028 ], [ 128.284070106188807, 42.637248466898164 ], [ 128.281828149850469, 42.636051486570487 ], [ 128.27058898619407, 42.643454463022671 ], [ 128.273518650892044, 42.646719481476403 ], [ 128.277170236084345, 42.6461114490059 ], [ 128.280949599900396, 42.646008340028359 ] ] ] ] } },
{ "type": "Feature", "properties": { "DSN": "大拉子组下段                            ", "DSO": "K↓1→d↑1          ", "DSO_TXT": "K1d-1", "CHFCAC": "K5215D01D00024", "SHEET": "K5215" }, "geometry": { "type": "MultiPolygon", "coordinates": [ [ [ [ 128.371990268641838, 42.667012652009312 ], [ 128.37120595899583, 42.664771000796812 ], [ 128.369627798777117, 42.662708805114114 ], [ 128.367469954819342, 42.660953962920345 ], [ 128.365069144191693, 42.659376403391278 ], [ 128.360108012927725, 42.6563646185678 ], [ 128.359025096709388, 42.655467099136317 ], [ 128.358321343856289, 42.654414311100965 ], [ 128.358106904547526, 42.653232060044104 ], [ 128.358192641355373, 42.652046445070845 ], [ 128.358192641355373, 42.652046445070845 ], [ 128.360295872623226, 42.65253584345399 ], [ 128.361435353872281, 42.653014562210807 ], [ 128.362392650830657, 42.653671997092573 ], [ 128.364147466947543, 42.655094868073569 ], [ 128.366319746947994, 42.656171648818223 ], [ 128.368788883484768, 42.65678236024182 ], [ 128.371299223476427, 42.657301066533364 ], [ 128.372508756897474, 42.657689193073949 ], [ 128.373466997535871, 42.658327720023294 ], [ 128.374784180601949, 42.659987841666442 ], [ 128.375313244326122, 42.660867251166728 ], [ 128.376199084531891, 42.661576703146068 ], [ 128.377375771859249, 42.661995032574296 ], [ 128.378707034792114, 42.661863340268312 ], [ 128.378984452339154, 42.661467118309282 ], [ 128.378949981642563, 42.660948702131982 ], [ 128.378586873939554, 42.660015119021672 ], [ 128.378605060984427, 42.65905418317088 ], [ 128.379474584566736, 42.658367256162499 ], [ 128.38073150940582, 42.658025714815437 ], [ 128.38201924486458, 42.657909515604246 ], [ 128.383315215335244, 42.658031762657643 ], [ 128.384538213983035, 42.658369416222634 ], [ 128.386809820588354, 42.659327197305942 ], [ 128.389174087381576, 42.660141877117326 ], [ 128.391800022317852, 42.660233860721156 ], [ 128.393060844437372, 42.660392326979064 ], [ 128.394219202597611, 42.660841879230766 ], [ 128.396646059922716, 42.661560005909642 ], [ 128.399230736959453, 42.661839471236767 ], [ 128.401836118974501, 42.661758766418593 ], [ 128.403104046157353, 42.661508990301812 ], [ 128.404206274787441, 42.661010936224272 ], [ 128.406249498235553, 42.659795417371079 ], [ 128.408128240535802, 42.658470358738924 ], [ 128.409798521069206, 42.657808403138631 ], [ 128.409798521069206, 42.657808403138631 ], [ 128.414168546168725, 42.662251790001214 ], [ 128.416072880163966, 42.664607486116189 ], [ 128.417450398923137, 42.667004825746822 ], [ 128.417450398923137, 42.667004825746822 ], [ 128.371990268641838, 42.667012652009312 ] ] ] ] } },
{ "type": "Feature", "properties": { "DSN": "大拉子组上段                            ", "DSO": "K↓1→d↑2          ", "DSO_TXT": "K1d-2", "CHFCAC": "K5215D01D00025", "SHEET": "K5215" }, "geometry": { "type": "MultiPolygon", "coordinates": [ [ [ [ 128.517717954038432, 42.622463091843827 ], [ 128.51364851306397, 42.62004958073333 ], [ 128.511416779141513, 42.619069059148636 ], [ 128.508931571841686, 42.618519849067326 ], [ 128.50642465429388, 42.617957973621252 ], [ 128.504102345846604, 42.61709423612961 ], [ 128.499746382686226, 42.614994038203314 ], [ 128.495019979949916, 42.613377887022224 ], [ 128.492496873721734, 42.612851485374513 ], [ 128.490106992829823, 42.612154019762094 ], [ 128.485909603051283, 42.60985030637454 ], [ 128.481248042569035, 42.60814298976743 ], [ 128.476309665551753, 42.606935682266908 ], [ 128.471255124040738, 42.605992843136711 ], [ 128.468893677282637, 42.605196240214291 ], [ 128.466753288065632, 42.604087355330655 ], [ 128.462842637114989, 42.601549405166018 ], [ 128.460723039439841, 42.600417358661971 ], [ 128.45842009124874, 42.599526105961516 ], [ 128.453458312684717, 42.598356870565766 ], [ 128.448590503378142, 42.596996917466484 ], [ 128.443874031879119, 42.59537194333214 ], [ 128.443874031879119, 42.59537194333214 ], [ 128.440059549572851, 42.595965108746562 ], [ 128.43760999515078, 42.596627599838143 ], [ 128.435287812383393, 42.597505878465554 ], [ 128.432787571546498, 42.598044584860368 ], [ 128.430207852487882, 42.598328482219131 ], [ 128.427598329150669, 42.598271590914671 ], [ 128.425032686688724, 42.597875960560387 ], [ 128.422693061258627, 42.597054345689209 ], [ 128.420595230819231, 42.595890159281581 ], [ 128.414437674802741, 42.591996120047405 ], [ 128.414437674802741, 42.591996120047405 ], [ 128.408783144202999, 42.591221418309338 ], [ 128.403067414606284, 42.590636514212036 ], [ 128.400192733687675, 42.590672232857678 ], [ 128.397364960174116, 42.591048796930764 ], [ 128.391733188077893, 42.591934180247904 ], [ 128.388894918655353, 42.59231200012492 ], [ 128.386141625473414, 42.592894199941135 ], [ 128.381028935371631, 42.594872049830364 ], [ 128.371064476961266, 42.599129851147595 ], [ 128.360735842381672, 42.602885041990213 ], [ 128.355366512186009, 42.604425333745162 ], [ 128.349840558653511, 42.605605039589378 ], [ 128.344226204788868, 42.606554771326664 ], [ 128.338691242285933, 42.607723810302382 ], [ 128.3361512770513, 42.608726952489967 ], [ 128.335137539460192, 42.609488768921381 ], [ 128.334424034534777, 42.610422243838151 ], [ 128.334095750013574, 42.611473047495103 ], [ 128.334183673085704, 42.612540853892831 ], [ 128.335343540089212, 42.614487562391055 ], [ 128.338422205945534, 42.618072566523793 ], [ 128.342087733917765, 42.62135681531467 ], [ 128.346188755773795, 42.62435170443171 ], [ 128.350836591268575, 42.626820448925045 ], [ 128.355924615994269, 42.628831717398469 ], [ 128.361188483709924, 42.630644720750993 ], [ 128.371608339478257, 42.634295180955334 ], [ 128.381998823633779, 42.637919454039853 ], [ 128.387143624188042, 42.639838243675378 ], [ 128.392079251208145, 42.642078754894925 ], [ 128.396559210096285, 42.644760378930656 ], [ 128.40039741103422, 42.647922985890588 ], [ 128.404001651654511, 42.651247115633055 ], [ 128.407094879583582, 42.654828354358884 ], [ 128.407094879583582, 42.654828354358884 ], [ 128.408824300061184, 42.654586534238838 ], [ 128.40992024853432, 42.6541091714532 ], [ 128.411835546162393, 42.652775167875696 ], [ 128.413378893204481, 42.651231700161709 ], [ 128.415186726600211, 42.649837228217862 ], [ 128.416342549124749, 42.649380343044328 ], [ 128.417613049677612, 42.649148058768056 ], [ 128.420227132313244, 42.649187167861712 ], [ 128.422821311931017, 42.649359339460112 ], [ 128.425280727374599, 42.650022796269532 ], [ 128.426260432781589, 42.650659361127374 ], [ 128.426418452843023, 42.651134839738376 ], [ 128.426174487434992, 42.651562808675223 ], [ 128.425155245010416, 42.652204254852883 ], [ 128.423958389672265, 42.65254445654044 ], [ 128.421414548721458, 42.653019813085656 ], [ 128.420176655518162, 42.653314665250257 ], [ 128.419122702991615, 42.653889291403345 ], [ 128.417534979372334, 42.655420010078615 ], [ 128.416629387914838, 42.656117448908113 ], [ 128.415516466488583, 42.656617948402285 ], [ 128.409798521069206, 42.657808403138631 ], [ 128.409798521069206, 42.657808403138631 ], [ 128.414168546168725, 42.662251790001214 ], [ 128.416072880163966, 42.664607486116189 ], [ 128.417450398923137, 42.667004825746822 ], [ 128.417450398923137, 42.667004825746822 ], [ 128.43709719467256, 42.666995859470781 ], [ 128.43709719467256, 42.666995859470781 ], [ 128.440035012603971, 42.664584765530194 ], [ 128.441618276631516, 42.663381027127052 ], [ 128.443405782881143, 42.662353123720266 ], [ 128.447481822240263, 42.660827435790125 ], [ 128.448691479622795, 42.659487548989659 ], [ 128.449455512653998, 42.657849891273692 ], [ 128.450297936968269, 42.656293087081941 ], [ 128.451443047184682, 42.654863862885612 ], [ 128.453037938521192, 42.653616857895258 ], [ 128.454989680282296, 42.652804386219827 ], [ 128.457166108656082, 42.652599620515588 ], [ 128.459528076678197, 42.652686532510039 ], [ 128.460728084456179, 42.652673644662222 ], [ 128.461771353363019, 42.652415683407661 ], [ 128.46248380340657, 42.651773747093195 ], [ 128.462731084499524, 42.650933157300763 ], [ 128.462467628487673, 42.650122375873323 ], [ 128.461847996810036, 42.649387424012865 ], [ 128.460351367236456, 42.648092359960962 ], [ 128.460042137699077, 42.647294359591655 ], [ 128.460287314420981, 42.646476166629427 ], [ 128.461913637834982, 42.645285210094166 ], [ 128.463843637579686, 42.644398810929324 ], [ 128.466000211718125, 42.64402015588832 ], [ 128.470569432363533, 42.643987643785493 ], [ 128.47501236094368, 42.64343651124689 ], [ 128.477224432072688, 42.643085156715664 ], [ 128.479471923029109, 42.642963667723031 ], [ 128.48848039590365, 42.643637725476538 ], [ 128.492937020258296, 42.644215958678352 ], [ 128.495158783020173, 42.644518104535543 ], [ 128.497387056995422, 42.64421447956952 ], [ 128.498359049148917, 42.643768163238512 ], [ 128.499080745683273, 42.643123177565343 ], [ 128.499428877383053, 42.642322208807634 ], [ 128.499384097488672, 42.641486316341862 ], [ 128.499302883198794, 42.640655284725092 ], [ 128.499646542584003, 42.639858147399302 ], [ 128.500476354782165, 42.639272647573534 ], [ 128.501543780421429, 42.639023141971009 ], [ 128.502619104266159, 42.639118689941512 ], [ 128.503685166998281, 42.639446555915143 ], [ 128.50579689892524, 42.640302132392165 ], [ 128.507958188310454, 42.640764340651515 ], [ 128.509098252310366, 42.640710171584786 ], [ 128.510182723457774, 42.64043870642324 ], [ 128.511102235667011, 42.639951825474178 ], [ 128.511828618847744, 42.639300425259599 ], [ 128.512888731844242, 42.637806284910269 ], [ 128.514202535715896, 42.636484845853715 ], [ 128.516077895643463, 42.635473431769825 ], [ 128.517132964910274, 42.635155697670214 ], [ 128.518237381786037, 42.635131977820819 ], [ 128.520275598674658, 42.635893566715261 ], [ 128.521209176656896, 42.63636531804395 ], [ 128.522299395666863, 42.636612203813009 ], [ 128.523411517741721, 42.636431753542283 ], [ 128.524022415291853, 42.635744512174654 ], [ 128.524195369291391, 42.634882010160958 ], [ 128.524062716593676, 42.634057241395574 ], [ 128.523376649816669, 42.632472002078828 ], [ 128.523258854948182, 42.630790597526641 ], [ 128.522931472609486, 42.62997624020683 ], [ 128.522345228795587, 42.629264331918165 ], [ 128.520519289299017, 42.628272273331206 ], [ 128.519450862573649, 42.627987914907102 ], [ 128.518340676137996, 42.627920808781241 ], [ 128.513936620286643, 42.6287124269194 ], [ 128.511659152979774, 42.628948444064619 ], [ 128.510726483250153, 42.6284972099076 ], [ 128.510549097451843, 42.627699235277248 ], [ 128.511432943898484, 42.626121259651491 ], [ 128.512996743430364, 42.624930440967276 ], [ 128.514967056995999, 42.624103975297082 ], [ 128.516685072063893, 42.623027523195347 ], [ 128.517717954038432, 42.622463091843827 ] ], [ [ 128.36541846764004, 42.618459609886628 ], [ 128.366279953003527, 42.616407058029452 ], [ 128.367148074675924, 42.615524485660806 ], [ 128.368236589724461, 42.614818698329813 ], [ 128.374049553692231, 42.615158822380216 ], [ 128.376979881202743, 42.615157149977385 ], [ 128.377654630014121, 42.615401081798268 ], [ 128.378127615353151, 42.615803358206648 ], [ 128.378365414856546, 42.616880786889048 ], [ 128.377554941175816, 42.618955189641504 ], [ 128.376392229797318, 42.62093806127789 ], [ 128.37564687789245, 42.621877030239823 ], [ 128.374609291618896, 42.622624698083513 ], [ 128.37189268234934, 42.623466507462012 ], [ 128.368988047493758, 42.623594421842434 ], [ 128.366357823069535, 42.624558462923545 ], [ 128.365047975300655, 42.625052157515924 ], [ 128.364346560932574, 42.625059421498484 ], [ 128.363831528259396, 42.624670038040868 ], [ 128.363416464274991, 42.6236137636851 ], [ 128.364073096605267, 42.622628170098587 ], [ 128.365046799668335, 42.620605425044516 ], [ 128.36541846764004, 42.618459609886628 ] ], [ [ 128.414739310399256, 42.624757111420976 ], [ 128.418744180267055, 42.623029296694497 ], [ 128.420942984463522, 42.622447941647664 ], [ 128.423218181712457, 42.622703717837879 ], [ 128.425362283061872, 42.623375978596016 ], [ 128.427310760300514, 42.624317325971965 ], [ 128.431658126676751, 42.625467874746292 ], [ 128.432634582170721, 42.625957946814822 ], [ 128.433235671584697, 42.626663095782298 ], [ 128.433386067355741, 42.627534923344392 ], [ 128.432438037207447, 42.627999460509514 ], [ 128.430388767948841, 42.628769986865073 ], [ 128.42858040636267, 42.629855373351511 ], [ 128.427559289743357, 42.631383378036702 ], [ 128.427027030841401, 42.63215655527268 ], [ 128.42625181688831, 42.632798432328251 ], [ 128.425253966111853, 42.633237739490639 ], [ 128.424132274220312, 42.633476750062243 ], [ 128.42181413749492, 42.633583314719147 ], [ 128.417176602246656, 42.6336137471367 ], [ 128.41262487861411, 42.634316741777504 ], [ 128.411467124901236, 42.634392124802226 ], [ 128.410314403051302, 42.634214982034607 ], [ 128.409441094473294, 42.633685446793564 ], [ 128.408881783248148, 42.632921873327355 ], [ 128.408209788233421, 42.632218985023954 ], [ 128.407278377035283, 42.631696866697709 ], [ 128.405087622373316, 42.631177316372948 ], [ 128.403684124307375, 42.629821923285974 ], [ 128.403910669384459, 42.628129142524735 ], [ 128.40401723513412, 42.626410955746771 ], [ 128.404692434907474, 42.625707557681622 ], [ 128.405799630010961, 42.625522043430465 ], [ 128.410424707536293, 42.625922768986214 ], [ 128.412676180759348, 42.625542840275955 ], [ 128.414739310399256, 42.624757111420976 ] ], [ [ 128.448286021979072, 42.619346039615209 ], [ 128.450233321127087, 42.618080518377212 ], [ 128.452438334775053, 42.61705339518759 ], [ 128.454948155656894, 42.616566201875173 ], [ 128.45624925255504, 42.616638191668059 ], [ 128.457474499186986, 42.616984732226669 ], [ 128.45845426380555, 42.617628020158442 ], [ 128.458976680558322, 42.618510174297299 ], [ 128.458871970795229, 42.61945405568153 ], [ 128.458348012241061, 42.620366405112435 ], [ 128.456804870101109, 42.62192825350337 ], [ 128.454746194172856, 42.623063086982945 ], [ 128.452340825541398, 42.623827860205118 ], [ 128.449837488667328, 42.624387652029768 ], [ 128.447344904020895, 42.62482625819446 ], [ 128.444638537136711, 42.624904815045767 ], [ 128.443564202196114, 42.624429536531508 ], [ 128.443158757565641, 42.623515178909187 ], [ 128.443556247201968, 42.622594550872471 ], [ 128.444323862999482, 42.621806137857476 ], [ 128.448286021979072, 42.619346039615209 ] ] ] ] } },
{ "type": "Feature", "properties": { "DSN": "张广才岭玄武岩                          ", "DSO": "βN                 ", "DSO_TXT": "βN", "CHFCAC": "K5215D01D00026", "SHEET": "K5215" }, "geometry": { "type": "MultiPolygon", "coordinates": [ [ [ [ 128.774054303995342, 42.660676966586543 ], [ 128.772955774704627, 42.658224812064717 ], [ 128.770065340040418, 42.653943814711866 ], [ 128.768202320193581, 42.651523378988834 ], [ 128.767394326513767, 42.649962903728344 ], [ 128.766595478919186, 42.648049129391602 ], [ 128.765896549316807, 42.645061276552546 ], [ 128.764902948658658, 42.643575004816547 ], [ 128.763457116366027, 42.642275306920126 ], [ 128.760037862359837, 42.640094463370808 ], [ 128.756491439697641, 42.636373034630637 ], [ 128.752635768985272, 42.630714590690424 ], [ 128.749091574186735, 42.625512149002631 ], [ 128.746098427810949, 42.619207529544482 ], [ 128.742936791470811, 42.612954430192246 ], [ 128.741487434113765, 42.610027739623739 ], [ 128.740119931716322, 42.606610614325952 ], [ 128.739658227699152, 42.603250374590935 ], [ 128.739160573715594, 42.601640084580929 ], [ 128.738007340983842, 42.600206715110971 ], [ 128.736365435574527, 42.599065360687412 ], [ 128.734506094550852, 42.598076382633202 ], [ 128.733763477435673, 42.597474046077345 ], [ 128.733328488355028, 42.596706718895589 ], [ 128.733203696094421, 42.595827022830015 ], [ 128.733411376309931, 42.595479642273901 ], [ 128.733871449370923, 42.595269320854243 ], [ 128.736227417544285, 42.594977515069786 ], [ 128.738429714196229, 42.594991911730084 ], [ 128.740639882956458, 42.595356820628254 ], [ 128.742691049690563, 42.596060841659352 ], [ 128.746895067763091, 42.597265158157114 ], [ 128.748663510871381, 42.598318971174407 ], [ 128.750117094478838, 42.599598615553553 ], [ 128.751769824790017, 42.601899680961111 ], [ 128.753797989709653, 42.603395060047468 ], [ 128.755761623797412, 42.604786911484524 ], [ 128.757772714870811, 42.605539524480562 ], [ 128.759978261062145, 42.606030399050518 ], [ 128.762127024505816, 42.606559936885212 ], [ 128.763938227227641, 42.607532894326646 ], [ 128.765165073116691, 42.60894953956916 ], [ 128.765794049206335, 42.61055371877972 ], [ 128.766489646911708, 42.612136145664408 ], [ 128.767700696938391, 42.613521521816267 ], [ 128.768205240206981, 42.616850031460118 ], [ 128.76842796049732, 42.618349530779135 ], [ 128.768917309747394, 42.619031074570984 ], [ 128.770273310360039, 42.619595091431712 ], [ 128.772558971969886, 42.619584831427161 ], [ 128.77478669205027, 42.619749310964316 ], [ 128.775904249221981, 42.619894922652499 ], [ 128.777020508459316, 42.619689740738579 ], [ 128.777499316538638, 42.618952088978723 ], [ 128.777602117917496, 42.618098937507547 ], [ 128.776846506947862, 42.614821790225619 ], [ 128.777103229562016, 42.613168733375431 ], [ 128.77796309009139, 42.611594647036171 ], [ 128.778844738847738, 42.611105069495565 ], [ 128.779976831818431, 42.610902700338038 ], [ 128.782206681497541, 42.611199363429016 ], [ 128.786266558919522, 42.61269690346159 ], [ 128.790584563910301, 42.613645154901306 ], [ 128.792819609144829, 42.613888036431383 ], [ 128.79508712013822, 42.61385264168856 ], [ 128.79724279489912, 42.614309719010301 ], [ 128.799161352155778, 42.615212142156054 ], [ 128.801816772891556, 42.61668864826995 ], [ 128.804571955006338, 42.618256391432979 ], [ 128.805880362226333, 42.619607317138716 ], [ 128.806643832404632, 42.621174948601727 ], [ 128.807111073092273, 42.622836454635404 ], [ 128.807544085525763, 42.623597010127583 ], [ 128.808351375122356, 42.62416947968773 ], [ 128.809339996064637, 42.624608557390012 ], [ 128.810435035338827, 42.624724847435346 ], [ 128.812559118362884, 42.624140366787678 ], [ 128.814597805111504, 42.623386423316013 ], [ 128.816437539841473, 42.622472010106073 ], [ 128.817690904258086, 42.621024786388531 ], [ 128.818085891091528, 42.620187170686087 ], [ 128.818065977906258, 42.619398776284768 ], [ 128.817489189018488, 42.61873298836187 ], [ 128.816611140253229, 42.618137303276761 ], [ 128.813701033030441, 42.615565997513485 ], [ 128.812229553952335, 42.614296955722871 ], [ 128.810456504937918, 42.613259424091609 ], [ 128.808925550339609, 42.612040674661351 ], [ 128.807840958373532, 42.610557120971677 ], [ 128.806983575012595, 42.610048519767432 ], [ 128.805897006305372, 42.609750384351756 ], [ 128.803678692265493, 42.609458120643168 ], [ 128.801374269686733, 42.609304987561522 ], [ 128.800342931360177, 42.609041942392054 ], [ 128.799501020616674, 42.608530245009902 ], [ 128.796609338118316, 42.605849637805541 ], [ 128.79553603168236, 42.60440203086506 ], [ 128.795255614001576, 42.603556258025513 ], [ 128.794696143003051, 42.602871223458273 ], [ 128.793602661307744, 42.602620144521069 ], [ 128.79249871938211, 42.602804699823523 ], [ 128.790589377313893, 42.603684265883359 ], [ 128.786283139768329, 42.604747947703217 ], [ 128.783423650598934, 42.60496593725788 ], [ 128.78183965595116, 42.604790687402236 ], [ 128.779870410339129, 42.603949634741646 ], [ 128.778365086128645, 42.602690896033337 ], [ 128.777358390552024, 42.601181763073924 ], [ 128.776814434177453, 42.599559157780142 ], [ 128.776923299514834, 42.59814029298262 ], [ 128.776735446510656, 42.597102577399284 ], [ 128.776269772052984, 42.596860301741515 ], [ 128.775731881143628, 42.596842748270646 ], [ 128.773476821762898, 42.597117748749696 ], [ 128.772377807422998, 42.596892527329629 ], [ 128.771460313326202, 42.596418747332066 ], [ 128.76969313939648, 42.595359923848001 ], [ 128.767461402379809, 42.595199966568451 ], [ 128.766389782908476, 42.594933763524054 ], [ 128.765681726637951, 42.594287064744101 ], [ 128.764880561111028, 42.592719535185438 ], [ 128.763430612744628, 42.590400234185886 ], [ 128.762657352775818, 42.589869726779668 ], [ 128.760635198159548, 42.589126563805124 ], [ 128.758818504346209, 42.588139342330159 ], [ 128.755811662884241, 42.58566796715354 ], [ 128.754036088873164, 42.584598164497649 ], [ 128.753091588180951, 42.584126547917528 ], [ 128.752019263017161, 42.583882501573683 ], [ 128.750866191367521, 42.583963006821399 ], [ 128.749874819363839, 42.584357693546629 ], [ 128.748567252982014, 42.585750841792212 ], [ 128.747436838499709, 42.58721345719897 ], [ 128.74663631794806, 42.587786228624545 ], [ 128.745601957951493, 42.588151286438162 ], [ 128.744469973346554, 42.588205784715001 ], [ 128.743378250561989, 42.587949716204321 ], [ 128.741591679107046, 42.586929421068902 ], [ 128.739805384147786, 42.585901163113164 ], [ 128.737665899334871, 42.585352644924946 ], [ 128.728742975283325, 42.586339862831124 ], [ 128.726553414429503, 42.586785032614308 ], [ 128.724328489075504, 42.586889875437308 ], [ 128.719893598338075, 42.586164291603083 ], [ 128.715832033618227, 42.584696256769575 ], [ 128.713603888962126, 42.584169806206283 ], [ 128.712845433960496, 42.58360340549298 ], [ 128.712626529537317, 42.58278548068575 ], [ 128.712998519469124, 42.581986385960796 ], [ 128.712999519496861, 42.581986385951836 ], [ 128.713650647123558, 42.581293256848227 ], [ 128.715211863529305, 42.580089628698531 ], [ 128.717956932435925, 42.577454047697621 ], [ 128.719069879164664, 42.575954966800715 ], [ 128.719636406462257, 42.574355740223396 ], [ 128.719135265217062, 42.572723092941949 ], [ 128.718275994868549, 42.571147439701733 ], [ 128.717105871539445, 42.569735584370441 ], [ 128.715462764111294, 42.568588642078929 ], [ 128.711474964148522, 42.566997773993954 ], [ 128.709924804010626, 42.565763179211942 ], [ 128.709549059716238, 42.564972329966629 ], [ 128.709499336804868, 42.564129971621867 ], [ 128.709779599344301, 42.56332044375641 ], [ 128.710464160081642, 42.562641270583988 ], [ 128.711486299936354, 42.562314564308892 ], [ 128.712632481743924, 42.562378550704523 ], [ 128.714763553612187, 42.56292324878283 ], [ 128.716973915920875, 42.563244471436533 ], [ 128.719213737992931, 42.563022806491126 ], [ 128.721237830269047, 42.562295828757229 ], [ 128.722629470104209, 42.561745309642895 ], [ 128.724205944708956, 42.561715836244851 ], [ 128.727310114747866, 42.562056041233603 ], [ 128.730195278046409, 42.561663543880975 ], [ 128.731188256420211, 42.561166720058857 ], [ 128.731913419123941, 42.560336490532912 ], [ 128.732908194721233, 42.558941178113493 ], [ 128.734217625730622, 42.558145572219154 ], [ 128.735417811838516, 42.557622140079914 ], [ 128.735531556536102, 42.556750967827824 ], [ 128.735266581037735, 42.556078571933305 ], [ 128.733870212334409, 42.555116546736393 ], [ 128.732554191613048, 42.554652393386831 ], [ 128.730349950910067, 42.554211657564757 ], [ 128.728266378510256, 42.55353946236869 ], [ 128.726091087918689, 42.552668980146393 ], [ 128.724610438714194, 42.551667115024095 ], [ 128.72175142884376, 42.54895889338502 ], [ 128.720156222688786, 42.547599250507929 ], [ 128.720155222661106, 42.547599250516875 ], [ 128.717079682926993, 42.545338252492535 ], [ 128.715770670313958, 42.543978582835415 ], [ 128.714754092243965, 42.542479010917127 ], [ 128.71407131130843, 42.54089182383062 ], [ 128.71360774913137, 42.539258411753657 ], [ 128.712750905439776, 42.537705612372264 ], [ 128.711990176402736, 42.537081117833814 ], [ 128.710998834415165, 42.536666442375179 ], [ 128.708798941859357, 42.536297069150073 ], [ 128.70810398731993, 42.535664837919903 ], [ 128.708216565230884, 42.534809585669052 ], [ 128.709395707787905, 42.533373603641849 ], [ 128.709791280869666, 42.532592389410425 ], [ 128.709846061086751, 42.531737978954688 ], [ 128.708993626520197, 42.530196899669022 ], [ 128.706615041255418, 42.527366106313096 ], [ 128.705317840908521, 42.524159724186497 ], [ 128.704918648280312, 42.522513181981594 ], [ 128.704820708354589, 42.520845433352235 ], [ 128.705408143781483, 42.519226015076441 ], [ 128.706675374867075, 42.517854664255601 ], [ 128.708135734921655, 42.516571647229092 ], [ 128.709281386449533, 42.515134953376915 ], [ 128.71002371678415, 42.513534162838084 ], [ 128.710037297947196, 42.51188733229904 ], [ 128.708474353835328, 42.508731741154556 ], [ 128.708410768591222, 42.507078237765349 ], [ 128.708790734708657, 42.506316603261951 ], [ 128.70996695982862, 42.506261112294759 ], [ 128.710886452922637, 42.506758643980582 ], [ 128.711624493816203, 42.50739272076143 ], [ 128.71347799452144, 42.50834479749323 ], [ 128.717745184502974, 42.509546313087853 ], [ 128.72217478415493, 42.510100745958191 ], [ 128.726692881330592, 42.509908388697497 ], [ 128.73102922400389, 42.509006757558126 ], [ 128.735353073014892, 42.508069619009312 ], [ 128.737465151633501, 42.507488185556703 ], [ 128.73849955140949, 42.507047941604895 ], [ 128.738849273445965, 42.506312736507297 ], [ 128.738426779219566, 42.505517220194662 ], [ 128.737626031399458, 42.504933616658661 ], [ 128.735573303861912, 42.504073729689566 ], [ 128.733597157352875, 42.503212108701526 ], [ 128.731960016568536, 42.502123549282821 ], [ 128.729550297347458, 42.499282897005919 ], [ 128.727570244613815, 42.496317288434618 ], [ 128.726027039844183, 42.493161184354015 ], [ 128.726453834234377, 42.492366180938554 ], [ 128.72694634835176, 42.492249647077124 ], [ 128.727529123948415, 42.492354105406392 ], [ 128.729414020164057, 42.493298286445103 ], [ 128.736913084764609, 42.497024337270545 ], [ 128.738994503450698, 42.497662041278303 ], [ 128.741206789575614, 42.497948881461333 ], [ 128.745730958247663, 42.498130768796436 ], [ 128.747798601736918, 42.498781825388654 ], [ 128.749640404525991, 42.499772506346787 ], [ 128.751482683698924, 42.500721462508118 ], [ 128.753576531009372, 42.501352531289193 ], [ 128.758025404182177, 42.502015794694181 ], [ 128.758990897075648, 42.502388151488013 ], [ 128.759709539050817, 42.50304496315654 ], [ 128.76115289978938, 42.504357417829972 ], [ 128.762075077725967, 42.504814612251451 ], [ 128.763160409292539, 42.505069519435509 ], [ 128.764323291041194, 42.505099805854812 ], [ 128.765414358723746, 42.50487600409398 ], [ 128.767009614313224, 42.503718468930259 ], [ 128.768347210670385, 42.502330245417603 ], [ 128.769305984590574, 42.500861618434712 ], [ 128.769760506626085, 42.499228061198366 ], [ 128.770286950785504, 42.49757196987909 ], [ 128.770791023214514, 42.496835750857443 ], [ 128.77153878628954, 42.496229095548649 ], [ 128.775172343982291, 42.494232392847394 ], [ 128.77632189693017, 42.493952674405101 ], [ 128.776874903942456, 42.493992916112987 ], [ 128.777214540556486, 42.494268128385499 ], [ 128.777327315185829, 42.495168404132336 ], [ 128.777086040119173, 42.495985950559913 ], [ 128.776647442570976, 42.497593231661916 ], [ 128.776703031075527, 42.499283108574012 ], [ 128.777314887079399, 42.500876890590099 ], [ 128.778298317236136, 42.502388014138106 ], [ 128.778796955088779, 42.50401584558594 ], [ 128.778402741679884, 42.505658032380438 ], [ 128.776133956709259, 42.50854885111417 ], [ 128.773899944077698, 42.511445940503712 ], [ 128.772974025644316, 42.512975206104791 ], [ 128.772345164321251, 42.514567382647861 ], [ 128.772066578623964, 42.51792431513757 ], [ 128.772604290809284, 42.51953255696796 ], [ 128.773285111587541, 42.520204990353001 ], [ 128.774193454848927, 42.520724008967278 ], [ 128.775249797599002, 42.521049523623624 ], [ 128.776375731895257, 42.521163544637155 ], [ 128.778633313811696, 42.521071466213428 ], [ 128.779730454318695, 42.521320774299646 ], [ 128.780503025696078, 42.521918629081839 ], [ 128.780732292075157, 42.522746713855497 ], [ 128.780638632535187, 42.523582290554785 ], [ 128.779696143937826, 42.526314787454019 ], [ 128.779845249220955, 42.528535868211847 ], [ 128.779362255763857, 42.530165069476652 ], [ 128.778722707896236, 42.530854085524304 ], [ 128.777864603273343, 42.531394207951934 ], [ 128.776248672721266, 42.532553079563861 ], [ 128.775507045177761, 42.534130617080351 ], [ 128.775490668641311, 42.535807345295105 ], [ 128.776293626917607, 42.539085361772237 ], [ 128.777244792126254, 42.542362269011697 ], [ 128.777216406264529, 42.543962368784264 ], [ 128.776681609371224, 42.545310285092626 ], [ 128.776839495526332, 42.546442607799001 ], [ 128.77727106604695, 42.54720907950513 ], [ 128.778031899738693, 42.548795529769571 ], [ 128.777904571924438, 42.550456767662759 ], [ 128.777963639023739, 42.551300362430077 ], [ 128.7784916169459, 42.552053713942982 ], [ 128.779482281048217, 42.552202962639818 ], [ 128.780588589471563, 42.552119759330992 ], [ 128.782754596871143, 42.551398749530435 ], [ 128.784872825524133, 42.551049212023841 ], [ 128.787118291582686, 42.55119657278955 ], [ 128.789395561065504, 42.551145163904721 ], [ 128.790405025509244, 42.550783355259362 ], [ 128.79123544376489, 42.55021089202382 ], [ 128.79248732048859, 42.548819873523776 ], [ 128.793336436917286, 42.547271589492965 ], [ 128.793914239408792, 42.545648122978228 ], [ 128.794937928037456, 42.544185994585973 ], [ 128.796531676455686, 42.542973978202291 ], [ 128.798321907812777, 42.541949862855375 ], [ 128.802004108497016, 42.540022917425077 ], [ 128.803696363807092, 42.53891212100546 ], [ 128.805090813044899, 42.537611219765388 ], [ 128.806204890766367, 42.536125755223992 ], [ 128.806868838761773, 42.535484565499615 ], [ 128.807764049702826, 42.535013524074195 ], [ 128.808849624656688, 42.534574699173319 ], [ 128.809927574184286, 42.534405255294622 ], [ 128.810653157098983, 42.535018840911583 ], [ 128.810853390476666, 42.535864308028692 ], [ 128.810576016738196, 42.537545350591238 ], [ 128.810728550133319, 42.538372015772921 ], [ 128.811397590699386, 42.539039456178621 ], [ 128.813470948214047, 42.53971006474471 ], [ 128.814126777612842, 42.540365227183827 ], [ 128.814472621480576, 42.541200125071676 ], [ 128.814484993597517, 42.542846198755377 ], [ 128.813829057222989, 42.544468254012152 ], [ 128.813722069587698, 42.545296231549798 ], [ 128.814178294335221, 42.546058479802397 ], [ 128.81525901285454, 42.546293738584943 ], [ 128.816350278725281, 42.546077646059956 ], [ 128.820492064514553, 42.544735565662066 ], [ 128.822314230793012, 42.543739012039723 ], [ 128.822807484400556, 42.542989750293849 ], [ 128.822825663801183, 42.542149736437331 ], [ 128.82209620980791, 42.540566737682781 ], [ 128.822048626534382, 42.538889391352555 ], [ 128.822291537250635, 42.538071480626733 ], [ 128.822956302805551, 42.537428660647656 ], [ 128.825001018136248, 42.536636235184893 ], [ 128.827026277974113, 42.535894754251032 ], [ 128.828433270461403, 42.534600663737969 ], [ 128.829472631723831, 42.534246223537046 ], [ 128.830593846330544, 42.534209964367641 ], [ 128.831744934213475, 42.534224007722202 ], [ 128.832763169051617, 42.533921449783591 ], [ 128.833484979934866, 42.53325067506205 ], [ 128.83393452161215, 42.532483079841519 ], [ 128.834532667215143, 42.530857547449898 ], [ 128.835076813039706, 42.52915925199499 ], [ 128.834923817501362, 42.528376482587845 ], [ 128.834298605113077, 42.527689758869442 ], [ 128.830974688369992, 42.525416134427488 ], [ 128.829551590331249, 42.524094225471451 ], [ 128.828644356396012, 42.523648133017325 ], [ 128.82756388732389, 42.523389522922194 ], [ 128.823294941687863, 42.522277147319159 ], [ 128.821240552672748, 42.521534513332398 ], [ 128.819548284012399, 42.520445543752764 ], [ 128.818838796766784, 42.519244019678332 ], [ 128.818754253055943, 42.517232199571446 ], [ 128.82021602346299, 42.514073471954923 ], [ 128.821251432474412, 42.512592658304442 ], [ 128.822537638770171, 42.51123211636358 ], [ 128.82413926533323, 42.510018336248486 ], [ 128.824978503846978, 42.509432882289069 ], [ 128.825536268576769, 42.508737050454862 ], [ 128.826179851074073, 42.507132107941494 ], [ 128.827190466172141, 42.505634554954078 ], [ 128.828125982567144, 42.50411843338172 ], [ 128.828704473237195, 42.50251111274013 ], [ 128.82892027676391, 42.499142652543703 ], [ 128.828973358592663, 42.497472558946313 ], [ 128.82942967295611, 42.495859443711829 ], [ 128.829863501941787, 42.494212644765703 ], [ 128.82968316202178, 42.493344865200626 ], [ 128.829157758708988, 42.492598211974936 ], [ 128.828288575771751, 42.492122219385884 ], [ 128.827195665353031, 42.491859633880956 ], [ 128.824989616811905, 42.491376227396799 ], [ 128.822878230090851, 42.490799719842393 ], [ 128.820657384717038, 42.490430262287035 ], [ 128.818448989651131, 42.490569704859851 ], [ 128.816203652757565, 42.490937686358002 ], [ 128.815102321864714, 42.491144704572662 ], [ 128.814187409756897, 42.491570948034131 ], [ 128.812874424855238, 42.492969763995951 ], [ 128.811616922371854, 42.49433817923569 ], [ 128.809841305636922, 42.495459322429802 ], [ 128.808780510638258, 42.495468813112481 ], [ 128.807838625658718, 42.494944046080981 ], [ 128.807287605155977, 42.494193668797784 ], [ 128.807118173662275, 42.493354042293753 ], [ 128.807856292911566, 42.490035563624232 ], [ 128.806717378159533, 42.48678774302595 ], [ 128.806743554319922, 42.485969385867122 ], [ 128.807182610196378, 42.485207325171402 ], [ 128.808806273644763, 42.48399114766395 ], [ 128.810868718244905, 42.483342593547533 ], [ 128.813106751410004, 42.483135779706771 ], [ 128.815266023774228, 42.48263490328916 ], [ 128.816884867534213, 42.481479360792662 ], [ 128.81839061127215, 42.480263525247437 ], [ 128.819199833135485, 42.479694317553779 ], [ 128.819849188146264, 42.478921940490359 ], [ 128.819954442594138, 42.47809868187634 ], [ 128.819082058174047, 42.477691767705991 ], [ 128.816689213199425, 42.477434620182507 ], [ 128.814536540702136, 42.477141297067121 ], [ 128.812499824527947, 42.476423912701655 ], [ 128.811336501519293, 42.474987177047318 ], [ 128.810880241948979, 42.473377235581474 ], [ 128.810568568540788, 42.471678976318202 ], [ 128.809836824327249, 42.469998707587955 ], [ 128.809172828290656, 42.469368881397678 ], [ 128.808252107574305, 42.468988807296945 ], [ 128.805684137795652, 42.468595936182247 ], [ 128.801720768971308, 42.467447388962775 ], [ 128.799450468502187, 42.467239379413336 ], [ 128.797393919754825, 42.467820702411231 ], [ 128.795374759185336, 42.468613596753343 ], [ 128.793156646916685, 42.468811179626961 ], [ 128.790940641854888, 42.468448800516306 ], [ 128.788844062033519, 42.467848491013818 ], [ 128.784560644683722, 42.466713393728163 ], [ 128.782319701960148, 42.466460532842113 ], [ 128.780086055765395, 42.466541861050104 ], [ 128.775629337808709, 42.467233014894362 ], [ 128.773381097260369, 42.467428944412553 ], [ 128.771153616101884, 42.467329696670262 ], [ 128.766685470390428, 42.466847204773508 ], [ 128.764450517623118, 42.467095490767448 ], [ 128.762364492662329, 42.467704908780163 ], [ 128.758193709681024, 42.46904039599157 ], [ 128.755977213585425, 42.469325237548617 ], [ 128.753724912045982, 42.469186759311441 ], [ 128.751555247739901, 42.468688862768509 ], [ 128.749502127727595, 42.467991529614459 ], [ 128.747428163521704, 42.467357420230599 ], [ 128.74525025323149, 42.466933797039196 ], [ 128.740768029105311, 42.466415003055864 ], [ 128.736282104846566, 42.466395083107003 ], [ 128.731772684768032, 42.466638913928328 ], [ 128.729508653030337, 42.466500878531612 ], [ 128.727176749519231, 42.46596793198151 ], [ 128.723211652080522, 42.464702577033975 ], [ 128.721053524055748, 42.464220676239329 ], [ 128.718774872520356, 42.46417644744119 ], [ 128.716603091077332, 42.464635210831034 ], [ 128.714680368980794, 42.465519959005796 ], [ 128.711433244002819, 42.467844674274488 ], [ 128.709797994212011, 42.468981973227535 ], [ 128.7078489426994, 42.469825246363364 ], [ 128.704503763113138, 42.472062265986473 ], [ 128.702742297296226, 42.473092749661021 ], [ 128.700720432419899, 42.473844509913718 ], [ 128.696352546562338, 42.474682895451807 ], [ 128.694091635261003, 42.47476664067478 ], [ 128.691863699889922, 42.474515602278387 ], [ 128.689626807720543, 42.474303707923561 ], [ 128.68849273501624, 42.474285620810278 ], [ 128.687436368242629, 42.474013911803539 ], [ 128.686776576657905, 42.473315914432696 ], [ 128.686793816787798, 42.472904439025598 ], [ 128.687132183147952, 42.472605501474298 ], [ 128.689434297526674, 42.472191519156524 ], [ 128.691612248359434, 42.472067997906727 ], [ 128.693823272304314, 42.471697034062522 ], [ 128.696006477963067, 42.471162037679981 ], [ 128.696893685140168, 42.470684287234214 ], [ 128.697557294236248, 42.470008906053003 ], [ 128.699053775747046, 42.466841410694364 ], [ 128.699923761295452, 42.465298734772254 ], [ 128.701153355803797, 42.46390346953973 ], [ 128.704255829465922, 42.461459006625006 ], [ 128.707096011296215, 42.458887756937791 ], [ 128.709016234675858, 42.455855700993602 ], [ 128.710478551251128, 42.452690248045357 ], [ 128.711877755907494, 42.44951867530893 ], [ 128.713078150150892, 42.448097114733088 ], [ 128.715991929941396, 42.4465205123469 ], [ 128.718722421475917, 42.445361827864616 ], [ 128.722355198071966, 42.443404778527814 ], [ 128.724219123931647, 42.44240370709565 ], [ 128.725244841109827, 42.442063747939095 ], [ 128.726342018172005, 42.441989226293003 ], [ 128.728588233821313, 42.442327282668245 ], [ 128.730618845313927, 42.443021762331533 ], [ 128.732381376209105, 42.444098301932002 ], [ 128.73428069382669, 42.444926250661354 ], [ 128.736521221133842, 42.44516170431443 ], [ 128.738825028653537, 42.445167789516212 ], [ 128.738826028681189, 42.445167789507266 ], [ 128.747832345844046, 42.445468396270151 ], [ 128.750069730352436, 42.445410930894575 ], [ 128.752183571808928, 42.444843952473086 ], [ 128.754086893632547, 42.44389361378844 ], [ 128.755726579063406, 42.442738573519016 ], [ 128.758355789912002, 42.440028422645106 ], [ 128.760045236532392, 42.436929356322956 ], [ 128.760848882960659, 42.435372393647214 ], [ 128.761974099799431, 42.433926752463186 ], [ 128.763002856772061, 42.432449425277937 ], [ 128.763502413695932, 42.430816605178101 ], [ 128.763542025179959, 42.42839468932349 ], [ 128.763361302230322, 42.427452261978978 ], [ 128.762223279472892, 42.424239251040852 ], [ 128.761951886803558, 42.422550695870655 ], [ 128.762503377897048, 42.420905320727172 ], [ 128.76318446907743, 42.42031346524719 ], [ 128.764109541413006, 42.419902541493819 ], [ 128.766347670866736, 42.419334802892294 ], [ 128.768549208188091, 42.418649075657775 ], [ 128.770292935359493, 42.417609567895255 ], [ 128.771368800328219, 42.416190998764023 ], [ 128.772093594246456, 42.414562980699387 ], [ 128.773143935771287, 42.413098026575632 ], [ 128.7751008262602, 42.412268410376235 ], [ 128.779566470435753, 42.411691495926867 ], [ 128.780632462206768, 42.411353516487672 ], [ 128.781464940719701, 42.410781749850045 ], [ 128.781853927812477, 42.409968099144301 ], [ 128.781563044150431, 42.409200203216074 ], [ 128.779761380202501, 42.408090342074544 ], [ 128.777838390020548, 42.407253936797879 ], [ 128.775719276096623, 42.406798810804453 ], [ 128.7734532233506, 42.406591448330616 ], [ 128.768988948656869, 42.406094856267245 ], [ 128.764579552192743, 42.405398835049233 ], [ 128.762317625165764, 42.405275913033016 ], [ 128.76015009468577, 42.405650322926682 ], [ 128.755965092227058, 42.406970718279553 ], [ 128.753774207703486, 42.407247875057621 ], [ 128.751507425046299, 42.407180968705688 ], [ 128.747048037563815, 42.406646114133167 ], [ 128.74274598991974, 42.405680774254115 ], [ 128.740506148932468, 42.405898683352945 ], [ 128.739499167443057, 42.406280426349042 ], [ 128.738686269788616, 42.406869040593932 ], [ 128.738151256732266, 42.407610369152245 ], [ 128.737945987115069, 42.408422267115874 ], [ 128.738245890499769, 42.410110911169241 ], [ 128.739387689556594, 42.413348739236248 ], [ 128.739296179253387, 42.414995788497357 ], [ 128.738753299609698, 42.416647619664687 ], [ 128.738063947067673, 42.41825670711151 ], [ 128.737671893976341, 42.41988246261392 ], [ 128.737608172445249, 42.421555158077823 ], [ 128.737227561470831, 42.423201364756068 ], [ 128.736392365265687, 42.424765500528501 ], [ 128.734984128218855, 42.42607474626989 ], [ 128.733023225599709, 42.426905478984779 ], [ 128.730786299194392, 42.427117965261935 ], [ 128.728521391620916, 42.426899379371584 ], [ 128.726366362427342, 42.426407280066279 ], [ 128.722285497934678, 42.424999786415917 ], [ 128.720777770966038, 42.424756050254182 ], [ 128.718995215692274, 42.425031202459124 ], [ 128.718290866609095, 42.425671154483204 ], [ 128.718134851157913, 42.426482797696679 ], [ 128.718328017732517, 42.42735897337311 ], [ 128.718958189033742, 42.429014053207055 ], [ 128.719424552264883, 42.430603091529157 ], [ 128.719470601937473, 42.432259700046593 ], [ 128.719154476516991, 42.433952999265621 ], [ 128.718514441883741, 42.435596970083289 ], [ 128.717399786722154, 42.437014390190825 ], [ 128.715726794783023, 42.438087985197477 ], [ 128.711652420346837, 42.439705080368419 ], [ 128.707578098658729, 42.441131137594141 ], [ 128.703334520559281, 42.442194842303508 ], [ 128.699056085073408, 42.443248409877576 ], [ 128.697079134549654, 42.444046931827536 ], [ 128.695256933278984, 42.445051168878379 ], [ 128.69363201157617, 42.446239692006877 ], [ 128.692324845991465, 42.447603001396864 ], [ 128.690769434341235, 42.450727574854284 ], [ 128.689970568695287, 42.452290678003017 ], [ 128.688806345597044, 42.453725969732275 ], [ 128.687315328916981, 42.455005260473612 ], [ 128.685573688057843, 42.456108830544281 ], [ 128.683644639349239, 42.45700521410793 ], [ 128.681165981413159, 42.457846151956758 ], [ 128.679326395746244, 42.457895396470555 ], [ 128.677077748727868, 42.457720692901646 ], [ 128.672941229614906, 42.456454690248371 ], [ 128.670826912538075, 42.455795962624734 ], [ 128.669699778128972, 42.455616658604008 ], [ 128.668639992880316, 42.455729282379806 ], [ 128.666735120126646, 42.456656428405722 ], [ 128.664661344428112, 42.45733871380547 ], [ 128.662366694287783, 42.457376486383374 ], [ 128.66013992151764, 42.456951492487647 ], [ 128.658293250545029, 42.456007728875463 ], [ 128.657081734495847, 42.454581850640103 ], [ 128.656633393339604, 42.452935850063987 ], [ 128.656915605352282, 42.451291119776293 ], [ 128.658538622671841, 42.448143185471778 ], [ 128.661470094989653, 42.445633612191209 ], [ 128.662141307869916, 42.44403014867089 ], [ 128.662042628013836, 42.443172526595049 ], [ 128.661423511128362, 42.442519903451831 ], [ 128.660350546164295, 42.442169202748687 ], [ 128.65918997359887, 42.442041152028352 ], [ 128.656961910757531, 42.44222920205776 ], [ 128.654824641364797, 42.442784308015014 ], [ 128.652935577624362, 42.443714725145782 ], [ 128.651563609973863, 42.445032386766158 ], [ 128.650649196427025, 42.446558331142747 ], [ 128.650003320463668, 42.447272783104921 ], [ 128.649127401708682, 42.4477893549454 ], [ 128.64804320686531, 42.447979165954976 ], [ 128.646880360064387, 42.447912257657435 ], [ 128.644727515184854, 42.447394403843973 ], [ 128.641759020134174, 42.446384724918722 ], [ 128.640610340817858, 42.446036768288977 ], [ 128.638383359247541, 42.445831613339806 ], [ 128.636101042757389, 42.44601876057596 ], [ 128.633929302474712, 42.446549729308551 ], [ 128.63212146979788, 42.447507751519588 ], [ 128.630631869066264, 42.448771702958311 ], [ 128.629039380906733, 42.449956743261481 ], [ 128.627208834966837, 42.450938227988551 ], [ 128.625220924574251, 42.451780529270444 ], [ 128.623538008609273, 42.452850117302674 ], [ 128.622597075141954, 42.45438695528064 ], [ 128.622438937148985, 42.45607336174298 ], [ 128.623257397419991, 42.457607100717816 ], [ 128.624649936948259, 42.458955446326719 ], [ 128.625944643434337, 42.460313241103229 ], [ 128.62665417926803, 42.461886272752267 ], [ 128.626782355097333, 42.465231029225706 ], [ 128.62709569689693, 42.466890404185939 ], [ 128.6274030302271, 42.467711353151088 ], [ 128.627382361885395, 42.46852421619343 ], [ 128.627032478489753, 42.46932846254392 ], [ 128.627050420393459, 42.470125412307532 ], [ 128.627887751272823, 42.471735051580296 ], [ 128.628210621166602, 42.473396152228368 ], [ 128.627981511272424, 42.475047986573713 ], [ 128.62671444301219, 42.478264108994566 ], [ 128.625391879890714, 42.479612445233123 ], [ 128.624224965416374, 42.481003724149438 ], [ 128.623939545838027, 42.481854867550446 ], [ 128.623953266554537, 42.482759343320637 ], [ 128.624596664642525, 42.483332700887459 ], [ 128.625785280423173, 42.483390804511252 ], [ 128.627836804737939, 42.482657790349577 ], [ 128.628828535553566, 42.482267602803773 ], [ 128.629952889140412, 42.482097691166288 ], [ 128.632104981238228, 42.482563406836114 ], [ 128.634339894342304, 42.482676177035103 ], [ 128.636586610875611, 42.482547844695084 ], [ 128.637735035022644, 42.482841253292577 ], [ 128.638524064851424, 42.483431792237234 ], [ 128.638315901873909, 42.484125270467494 ], [ 128.637533998071461, 42.484862417757753 ], [ 128.636492417728164, 42.486401952353717 ], [ 128.635465084093568, 42.487814528143915 ], [ 128.633970084024753, 42.489092364444033 ], [ 128.63257710191715, 42.490431636574854 ], [ 128.6315659306876, 42.49192211092226 ], [ 128.629810245222785, 42.495009034101557 ], [ 128.627585910034327, 42.497913595063885 ], [ 128.625025947820376, 42.500682600020454 ], [ 128.622721198145626, 42.503538808954445 ], [ 128.621162539534168, 42.506679072301708 ], [ 128.619321582137246, 42.509730559602644 ], [ 128.617956334982551, 42.511070091022269 ], [ 128.616212870506047, 42.512127389799765 ], [ 128.614159810152302, 42.512831919016499 ], [ 128.611993739309213, 42.513312021007323 ], [ 128.607693585081535, 42.514343437646062 ], [ 128.605811923203618, 42.515310001193953 ], [ 128.605217783713698, 42.516000468281099 ], [ 128.60490863751204, 42.516810685897596 ], [ 128.604679309305254, 42.520150408635715 ], [ 128.604488049746521, 42.52163428135816 ], [ 128.604015474461193, 42.523454220784814 ], [ 128.602390808474354, 42.526570870127429 ], [ 128.600652554866514, 42.529638154417569 ], [ 128.599705614277866, 42.531190828153683 ], [ 128.598387320852709, 42.532540776984014 ], [ 128.596446134019544, 42.533357672031634 ], [ 128.594295379589568, 42.534018345724022 ], [ 128.593416061334068, 42.534492882194876 ], [ 128.592795094985803, 42.535145905199897 ], [ 128.591990408935118, 42.536753930880906 ], [ 128.589995984144593, 42.539761386456647 ], [ 128.588929224586849, 42.541245521044345 ], [ 128.588531684293258, 42.542889044906644 ], [ 128.589189825200378, 42.544486495582724 ], [ 128.590753204480961, 42.545705428442098 ], [ 128.592563398254327, 42.546710828251342 ], [ 128.593932129335798, 42.548021654570029 ], [ 128.595368403802439, 42.549306241616009 ], [ 128.597163028740425, 42.550337600862562 ], [ 128.599105983145222, 42.551201441231662 ], [ 128.601304519806547, 42.551664164839579 ], [ 128.602361980155166, 42.551939196288217 ], [ 128.603187686579275, 42.552505540920031 ], [ 128.603571765478961, 42.553302350969489 ], [ 128.603404721586458, 42.554135253748207 ], [ 128.60212491495696, 42.555499797377784 ], [ 128.600524251435814, 42.556714465323921 ], [ 128.598718290690755, 42.557662606518512 ], [ 128.596543754613322, 42.558168605449559 ], [ 128.594246054073864, 42.558440228478453 ], [ 128.592051296705222, 42.558223381733981 ], [ 128.589991894045966, 42.55751803584841 ], [ 128.587812891073014, 42.557063555918582 ], [ 128.583316338273647, 42.556921594197242 ], [ 128.581009989162112, 42.556875289465943 ], [ 128.578947329420345, 42.556314576254117 ], [ 128.575698857137411, 42.553916691786199 ], [ 128.573661624595701, 42.55326080039675 ], [ 128.571435171494159, 42.552933318323021 ], [ 128.569920027543901, 42.552967752044623 ], [ 128.568055417635406, 42.553096174485695 ], [ 128.566962536740817, 42.55291303402214 ], [ 128.565096914521547, 42.551958509847125 ], [ 128.563536099179203, 42.550747652668711 ], [ 128.559825146226615, 42.548858991829221 ], [ 128.558529858568789, 42.547456406168322 ], [ 128.558300458503965, 42.54663512197655 ], [ 128.558405719309405, 42.545812446485279 ], [ 128.55887862639122, 42.544158867093316 ], [ 128.558760673011847, 42.542523548511248 ], [ 128.555028113336448, 42.536402988661521 ], [ 128.553753468995325, 42.534988735159516 ], [ 128.55203381601487, 42.53387161158868 ], [ 128.550989023189032, 42.533547460810901 ], [ 128.549845150122252, 42.533437616138293 ], [ 128.548704595921862, 42.533562377408977 ], [ 128.547678540883084, 42.533936275725402 ], [ 128.54684585539718, 42.534525617286349 ], [ 128.546258345642372, 42.535256310351578 ], [ 128.545682915551055, 42.536875017096712 ], [ 128.544778473928943, 42.538382701725126 ], [ 128.543207156430356, 42.539629975442239 ], [ 128.542258481406236, 42.540094443714167 ], [ 128.54118369246595, 42.540298104613726 ], [ 128.538921102280568, 42.540059362375352 ], [ 128.536881002834861, 42.539328053489633 ], [ 128.535157497765653, 42.538250735589919 ], [ 128.533409258582765, 42.53719412571796 ], [ 128.531237892931927, 42.536633503454446 ], [ 128.530123313687483, 42.536732187381418 ], [ 128.529139980803308, 42.537148223273597 ], [ 128.528381292750709, 42.537779674772267 ], [ 128.52799686497076, 42.538557179129398 ], [ 128.528020536327773, 42.539406317418845 ], [ 128.52834535415613, 42.540224524126437 ], [ 128.52951029393347, 42.541654529615734 ], [ 128.530819233075732, 42.543029763228837 ], [ 128.531717067176828, 42.544565093330064 ], [ 128.531817670153515, 42.545409939699553 ], [ 128.531513588920689, 42.546205298712451 ], [ 128.531149478307498, 42.546995937997295 ], [ 128.531203784923065, 42.547839265484477 ], [ 128.531677571815294, 42.548615547999688 ], [ 128.532484209991651, 42.5492064230029 ], [ 128.533515921744538, 42.549533850980545 ], [ 128.534663631489167, 42.549645213666736 ], [ 128.536953075412413, 42.549565352268104 ], [ 128.539133407812898, 42.549880497855852 ], [ 128.541034969230509, 42.550818795949432 ], [ 128.541997638332646, 42.551226563366612 ], [ 128.543088591907946, 42.551438346172652 ], [ 128.545259397656395, 42.551857359753932 ], [ 128.5473976393437, 42.552520346761199 ], [ 128.547947753434698, 42.553205508383478 ], [ 128.547830174116712, 42.554057237692163 ], [ 128.547354809287611, 42.555652982375364 ], [ 128.54757922975773, 42.557352472995497 ], [ 128.54755913224281, 42.558184595908813 ], [ 128.547250888845554, 42.55897389668803 ], [ 128.546133687738376, 42.560449825246948 ], [ 128.544760786723941, 42.561775162319741 ], [ 128.543935892024848, 42.562374556098142 ], [ 128.543556576736961, 42.563138384230385 ], [ 128.543932034303822, 42.563925956869298 ], [ 128.544849683965936, 42.564430523692515 ], [ 128.545934049972857, 42.564668477273983 ], [ 128.547051256327251, 42.564661890134332 ], [ 128.549299394994875, 42.564405687366843 ], [ 128.553804104319113, 42.564652540446559 ], [ 128.558212782454603, 42.565485191742532 ], [ 128.560388241519689, 42.565438962884194 ], [ 128.562580578232712, 42.564875470268973 ], [ 128.563688207534796, 42.564655469658604 ], [ 128.564799779653811, 42.564672704111658 ], [ 128.565849160636759, 42.565006091121646 ], [ 128.56667313872137, 42.565575683269238 ], [ 128.571451689659625, 42.57123140750204 ], [ 128.575101343847678, 42.573259407450244 ], [ 128.577024872204902, 42.574114013703309 ], [ 128.579213927852635, 42.574512619506343 ], [ 128.581261236153949, 42.575170874087384 ], [ 128.58312727978813, 42.576159271538053 ], [ 128.585043124376767, 42.577071237158499 ], [ 128.587074037288318, 42.577764765442062 ], [ 128.591546246006544, 42.578359825921716 ], [ 128.592639682301723, 42.578550186343037 ], [ 128.593603634337256, 42.578959287753968 ], [ 128.595290254101997, 42.580082462766022 ], [ 128.597109576258134, 42.581081954561121 ], [ 128.599271311031401, 42.581582410546709 ], [ 128.600388797916111, 42.581721277748088 ], [ 128.601291782992831, 42.582229602864594 ], [ 128.601448565507155, 42.583032094724153 ], [ 128.60086464786076, 42.583794045341683 ], [ 128.59912708647343, 42.58486365324957 ], [ 128.598503529235302, 42.585545935686675 ], [ 128.598193148946876, 42.586367754268593 ], [ 128.598365448028716, 42.588031587717879 ], [ 128.599059078346329, 42.589634030810252 ], [ 128.599577162084671, 42.591242917225401 ], [ 128.599640047043181, 42.592190646344939 ], [ 128.599325004620994, 42.592428945259321 ], [ 128.598740321473116, 42.592410359454242 ], [ 128.596792691720481, 42.591586401226834 ], [ 128.595055611399232, 42.590510210122183 ], [ 128.59183841420932, 42.588160834913097 ], [ 128.590130653633821, 42.587047781225031 ], [ 128.588226575847244, 42.586122186256155 ], [ 128.586125983055808, 42.585537741045393 ], [ 128.583879741962022, 42.585315970988773 ], [ 128.57934994601996, 42.58525172348822 ], [ 128.574905546376783, 42.584674763066694 ], [ 128.570618765807637, 42.583614313174387 ], [ 128.568415757297174, 42.583228596427936 ], [ 128.566156820674081, 42.583185620473891 ], [ 128.563967459046893, 42.583648849574331 ], [ 128.56301399148137, 42.584111126042991 ], [ 128.562295915530967, 42.584739984527161 ], [ 128.561189323697391, 42.586210452947711 ], [ 128.560442005301553, 42.586837343010764 ], [ 128.559454247116179, 42.587258926592 ], [ 128.558342190075223, 42.587326772671304 ], [ 128.557221994592993, 42.587144400624737 ], [ 128.555089983714595, 42.58660395658022 ], [ 128.5510327689652, 42.585128684024696 ], [ 128.546887473601004, 42.583805736693421 ], [ 128.544688952256109, 42.58341643443238 ], [ 128.542429273555371, 42.583321566373044 ], [ 128.541137637353671, 42.583459502358096 ], [ 128.537915056013929, 42.58353180479844 ], [ 128.535757559820269, 42.583069516851481 ], [ 128.533533685607637, 42.582752203350609 ], [ 128.531401743876756, 42.58331435222739 ], [ 128.530350362633385, 42.583506927925733 ], [ 128.529229645004818, 42.583412308758184 ], [ 128.526917539245261, 42.583267141820841 ], [ 128.525863594966836, 42.583557035121714 ], [ 128.525046961098269, 42.584166889417475 ], [ 128.524695681918416, 42.58497567190075 ], [ 128.524908449554118, 42.585806358671221 ], [ 128.525575371081572, 42.58646011431825 ], [ 128.526530317382083, 42.586939475488556 ], [ 128.528657356435787, 42.587646525806385 ], [ 128.530812369714766, 42.588036225555264 ], [ 128.533054114738519, 42.588210998126215 ], [ 128.534183212878958, 42.588463727196448 ], [ 128.535025092878868, 42.58899298610752 ], [ 128.535262316130968, 42.589816789249355 ], [ 128.535053182102388, 42.590649207684436 ], [ 128.533940411487322, 42.592112365896604 ], [ 128.532920167575298, 42.593580058119692 ], [ 128.532414021586391, 42.595213374199403 ], [ 128.531901015087925, 42.595963932101931 ], [ 128.531133511880711, 42.596581401865102 ], [ 128.529064198674888, 42.597280362325812 ], [ 128.524543069467029, 42.597343953559687 ], [ 128.521549219813181, 42.597418355270896 ], [ 128.521548219785387, 42.597418355279807 ], [ 128.515525068847836, 42.597112375485594 ], [ 128.510998448364518, 42.59695017142284 ], [ 128.508724090966865, 42.596672833990134 ], [ 128.507618185908569, 42.596746586249843 ], [ 128.506585952709401, 42.597101894982096 ], [ 128.505927068101016, 42.597766718794176 ], [ 128.50577047209805, 42.598615991631107 ], [ 128.506014573515841, 42.599450199454836 ], [ 128.506583924769444, 42.600178387665544 ], [ 128.508377920308988, 42.601181767900179 ], [ 128.510530325962435, 42.601775282961121 ], [ 128.514972007885859, 42.602335585024633 ], [ 128.519492707572141, 42.602342545721704 ], [ 128.524697013561536, 42.602076516181725 ], [ 128.524698013589273, 42.602076516172808 ], [ 128.52626356587524, 42.602019481803879 ], [ 128.528473110570758, 42.601671435247432 ], [ 128.530673756590744, 42.601352876252861 ], [ 128.532928650113973, 42.601404929255573 ], [ 128.537251480639355, 42.600402557710318 ], [ 128.54621265470675, 42.599600719828935 ], [ 128.548419748188195, 42.60000099869702 ], [ 128.550495514425108, 42.600657523454586 ], [ 128.554159362816364, 42.602620214740725 ], [ 128.556048634624744, 42.603519622665324 ], [ 128.558276481235424, 42.603844298103297 ], [ 128.560551195798354, 42.604020763556861 ], [ 128.562580723822379, 42.604594675993653 ], [ 128.563590792431768, 42.605101016065881 ], [ 128.564352324618056, 42.605737110935365 ], [ 128.564047902337506, 42.606465379910553 ], [ 128.563166629165778, 42.607109783492547 ], [ 128.559442482639668, 42.608935989650128 ], [ 128.556069009975914, 42.611172728162067 ], [ 128.552205793753728, 42.612929365103192 ], [ 128.550478397584612, 42.61398550965108 ], [ 128.549601250701329, 42.615519091547462 ], [ 128.549159346216641, 42.617195265847229 ], [ 128.549261751934637, 42.618834066734074 ], [ 128.549869955793241, 42.620454546636886 ], [ 128.550095576096709, 42.622112744258992 ], [ 128.549303530774665, 42.623679265950443 ], [ 128.548537466775116, 42.624319520393229 ], [ 128.547581867933275, 42.624747428379784 ], [ 128.545333497666377, 42.624923946903408 ], [ 128.543026705977752, 42.624864033074331 ], [ 128.540795253924813, 42.624689641033001 ], [ 128.539015861319371, 42.624285665597135 ], [ 128.536612553211114, 42.62408847993202 ], [ 128.53413474781081, 42.624004575093835 ], [ 128.529684725801047, 42.623435818588575 ], [ 128.525204276849109, 42.622981304273466 ], [ 128.52084522102237, 42.622064868282884 ], [ 128.518595237599214, 42.622146371272002 ], [ 128.517717954038432, 42.622463091843827 ], [ 128.516685072063893, 42.623027523195347 ], [ 128.514967056995999, 42.624103975297082 ], [ 128.512996743430364, 42.624930440967276 ], [ 128.511432943898484, 42.626121259651491 ], [ 128.510549097451843, 42.627699235277248 ], [ 128.510726483250153, 42.6284972099076 ], [ 128.511659152979774, 42.628948444064619 ], [ 128.513936620286643, 42.6287124269194 ], [ 128.518340676137996, 42.627920808781241 ], [ 128.519450862573649, 42.627987914907102 ], [ 128.520519289299017, 42.628272273331206 ], [ 128.522345228795587, 42.629264331918165 ], [ 128.522931472609486, 42.62997624020683 ], [ 128.523258854948182, 42.630790597526641 ], [ 128.523376649816669, 42.632472002078828 ], [ 128.524062716593676, 42.634057241395574 ], [ 128.524195369291391, 42.634882010160958 ], [ 128.524022415291853, 42.635744512174654 ], [ 128.523411517741721, 42.636431753542283 ], [ 128.522299395666863, 42.636612203813009 ], [ 128.521209176656896, 42.63636531804395 ], [ 128.520275598674658, 42.635893566715261 ], [ 128.518237381786037, 42.635131977820819 ], [ 128.517132964910274, 42.635155697670214 ], [ 128.516077895643463, 42.635473431769825 ], [ 128.514202535715896, 42.636484845853715 ], [ 128.512888731844242, 42.637806284910269 ], [ 128.511828618847744, 42.639300425259599 ], [ 128.511102235667011, 42.639951825474178 ], [ 128.510182723457774, 42.64043870642324 ], [ 128.509098252310366, 42.640710171584786 ], [ 128.507958188310454, 42.640764340651515 ], [ 128.50579689892524, 42.640302132392165 ], [ 128.503685166998281, 42.639446555915143 ], [ 128.502619104266159, 42.639118689941512 ], [ 128.501543780421429, 42.639023141971009 ], [ 128.500476354782165, 42.639272647573534 ], [ 128.499646542584003, 42.639858147399302 ], [ 128.499302883198794, 42.640655284725092 ], [ 128.499384097488672, 42.641486316341862 ], [ 128.499428877383053, 42.642322208807634 ], [ 128.499080745683273, 42.643123177565343 ], [ 128.498359049148917, 42.643768163238512 ], [ 128.497387056995422, 42.64421447956952 ], [ 128.495158783020173, 42.644518104535543 ], [ 128.492937020258296, 42.644215958678352 ], [ 128.48848039590365, 42.643637725476538 ], [ 128.479471923029109, 42.642963667723031 ], [ 128.477224432072688, 42.643085156715664 ], [ 128.47501236094368, 42.64343651124689 ], [ 128.470569432363533, 42.643987643785493 ], [ 128.466000211718125, 42.64402015588832 ], [ 128.463843637579686, 42.644398810929324 ], [ 128.461913637834982, 42.645285210094166 ], [ 128.460287314420981, 42.646476166629427 ], [ 128.460042137699077, 42.647294359591655 ], [ 128.460351367236456, 42.648092359960962 ], [ 128.461847996810036, 42.649387424012865 ], [ 128.462467628487673, 42.650122375873323 ], [ 128.462731084499524, 42.650933157300763 ], [ 128.46248380340657, 42.651773747093195 ], [ 128.461771353363019, 42.652415683407661 ], [ 128.460728084456179, 42.652673644662222 ], [ 128.459528076678197, 42.652686532510039 ], [ 128.457166108656082, 42.652599620515588 ], [ 128.454989680282296, 42.652804386219827 ], [ 128.453037938521192, 42.653616857895258 ], [ 128.451443047184682, 42.654863862885612 ], [ 128.450297936968269, 42.656293087081941 ], [ 128.449455512653998, 42.657849891273692 ], [ 128.448691479622795, 42.659487548989659 ], [ 128.447481822240263, 42.660827435790125 ], [ 128.443405782881143, 42.662353123720266 ], [ 128.441618276631516, 42.663381027127052 ], [ 128.440035012603971, 42.664584765530194 ], [ 128.43709719467256, 42.666995859470781 ], [ 128.463205620000821, 42.666978731930762 ], [ 128.463978904625321, 42.666047869385999 ], [ 128.465168614016847, 42.665234539518629 ], [ 128.46820678079726, 42.664289611567966 ], [ 128.474723217313738, 42.663971953808193 ], [ 128.477816378240561, 42.663179530127145 ], [ 128.479405756604677, 42.662890801033711 ], [ 128.481049881210311, 42.663053061169926 ], [ 128.482336443860731, 42.663763581646727 ], [ 128.483301714710507, 42.664776492036751 ], [ 128.483802876403303, 42.665894005021563 ], [ 128.483703862510254, 42.666961113855756 ], [ 128.488804650698114, 42.666956159816699 ], [ 128.49111234367507, 42.664462756260271 ], [ 128.492750018466722, 42.663370966788037 ], [ 128.494652526406497, 42.662481489247199 ], [ 128.498877094227026, 42.661507719975241 ], [ 128.501880749416273, 42.659078180515195 ], [ 128.505941543541468, 42.657783746838312 ], [ 128.507723937464817, 42.656794968480398 ], [ 128.508827458676222, 42.655346977530826 ], [ 128.509597210474936, 42.65478671436049 ], [ 128.510667498871442, 42.654519115474109 ], [ 128.512906730396281, 42.654280021690852 ], [ 128.514859165013689, 42.653530024838375 ], [ 128.51669640402929, 42.652576837845935 ], [ 128.518624349539323, 42.651777004274848 ], [ 128.520747380543213, 42.651212254640313 ], [ 128.521845571126676, 42.651166044371962 ], [ 128.522899535396533, 42.651405507663426 ], [ 128.524943435333796, 42.652114233222271 ], [ 128.525637890290824, 42.652748214956397 ], [ 128.525939427301608, 42.653544608074469 ], [ 128.525910916840019, 42.654371470308497 ], [ 128.52551316395116, 42.655138513291931 ], [ 128.524675309575855, 42.655677134058486 ], [ 128.523611586799518, 42.65592305930673 ], [ 128.521463773401962, 42.656369357749639 ], [ 128.520467449159042, 42.656753973186717 ], [ 128.519952996079951, 42.657451003945916 ], [ 128.519931651619999, 42.659156463566518 ], [ 128.520891662795009, 42.662342983830875 ], [ 128.520637222179772, 42.66319077498563 ], [ 128.519810294499223, 42.66363068614973 ], [ 128.51867574330339, 42.663811306075026 ], [ 128.517788273338851, 42.664316738451092 ], [ 128.515963151388831, 42.66695856530476 ], [ 128.560391545824871, 42.666992239079256 ], [ 128.560694602141893, 42.666282644576121 ], [ 128.561357149583984, 42.665474482622784 ], [ 128.562194718450485, 42.664743352685335 ], [ 128.56272988342306, 42.663884569278423 ], [ 128.563227229952986, 42.661998332871256 ], [ 128.562495770616664, 42.660170349240872 ], [ 128.561792669551437, 42.658326340322823 ], [ 128.561849849848301, 42.656425698588762 ], [ 128.562633131726557, 42.654583492513005 ], [ 128.562859019430476, 42.653665175640839 ], [ 128.562710407854695, 42.652721013820361 ], [ 128.561826812347846, 42.650859074905519 ], [ 128.561493396643669, 42.64996199292446 ], [ 128.561494961769284, 42.649065229138081 ], [ 128.562126135209354, 42.647082476715404 ], [ 128.562608576338619, 42.646864822802733 ], [ 128.563270621545513, 42.64696383291259 ], [ 128.564183874635063, 42.647643831304237 ], [ 128.565933149470197, 42.651238629100277 ], [ 128.567046503937405, 42.6529844220954 ], [ 128.567637031744653, 42.653846600131395 ], [ 128.568490722465413, 42.654533242423248 ], [ 128.573150913851578, 42.656215704061715 ], [ 128.574452645756992, 42.656245615735102 ], [ 128.575641901027751, 42.655831729926625 ], [ 128.576961985605465, 42.654181295167881 ], [ 128.577875046133556, 42.653551433287035 ], [ 128.579150787253809, 42.653275869955074 ], [ 128.580395082254512, 42.653021885652038 ], [ 128.581443528933221, 42.652477622522454 ], [ 128.582539568709393, 42.651971096946703 ], [ 128.583147280905052, 42.652076864430754 ], [ 128.583467056429583, 42.652508666226758 ], [ 128.583392883213946, 42.654418261354756 ], [ 128.583169602044393, 42.655354502799256 ], [ 128.582647164952533, 42.656225858284728 ], [ 128.581043102728245, 42.657752412857839 ], [ 128.577335429563902, 42.660410735751107 ], [ 128.575698761359092, 42.661896257115785 ], [ 128.574521081950593, 42.663598163625636 ], [ 128.573948149676312, 42.665460185394082 ], [ 128.573835359613184, 42.666999033125151 ], [ 128.613262426558578, 42.667009858031243 ], [ 128.614508450475938, 42.665387311674849 ], [ 128.61513665429689, 42.663473908745317 ], [ 128.61456122411883, 42.659549582048044 ], [ 128.615523764364269, 42.65566411839449 ], [ 128.616091831684656, 42.653707790440315 ], [ 128.616298535525431, 42.65172288330114 ], [ 128.615762056037312, 42.64980824645901 ], [ 128.614943837648042, 42.64791706900423 ], [ 128.614693311100268, 42.645944225628909 ], [ 128.615134575855734, 42.644018860782197 ], [ 128.615690191897897, 42.643125927821593 ], [ 128.61616409809838, 42.642667569896105 ], [ 128.616693740614721, 42.642442757792125 ], [ 128.617101681627645, 42.642774427255226 ], [ 128.61737268340616, 42.643338754492376 ], [ 128.617583874045238, 42.644355720766868 ], [ 128.617608214357716, 42.646277193260417 ], [ 128.618093782612277, 42.647206193791455 ], [ 128.61863602539205, 42.647512585546238 ], [ 128.619264191254729, 42.647498763391411 ], [ 128.620394906736863, 42.646858801577395 ], [ 128.621241676780272, 42.646109015214492 ], [ 128.622139705298139, 42.645381441284009 ], [ 128.623418337684285, 42.645026588980819 ], [ 128.624032065753227, 42.645165637923768 ], [ 128.62449234275212, 42.645524088263812 ], [ 128.625510616955836, 42.64622370165209 ], [ 128.626746030588521, 42.646421844293073 ], [ 128.628097869544234, 42.64625898138776 ], [ 128.629432578506766, 42.646362759460352 ], [ 128.629792571604099, 42.646780382546204 ], [ 128.629870197189234, 42.647292009117621 ], [ 128.629370673341469, 42.648191609925853 ], [ 128.628397171056434, 42.648869567474733 ], [ 128.627334662201008, 42.649542218239354 ], [ 128.626562266864227, 42.650342606462281 ], [ 128.626358816175411, 42.651297624590789 ], [ 128.626482443346333, 42.652323481855206 ], [ 128.626531020946942, 42.653322632882421 ], [ 128.626162708734313, 42.65422973047194 ], [ 128.624702514812924, 42.655916046226686 ], [ 128.623962269854587, 42.657814554485256 ], [ 128.62435927341113, 42.659746474305678 ], [ 128.627566905220107, 42.667010430445686 ], [ 128.676153631252532, 42.666999038211252 ], [ 128.676152631224767, 42.666999038220204 ], [ 128.673663705768064, 42.66474737572095 ], [ 128.672218674020399, 42.663682905790807 ], [ 128.670582992857334, 42.662789348879237 ], [ 128.66859221932873, 42.662444466599759 ], [ 128.666530973810097, 42.662353196621673 ], [ 128.664623270748422, 42.662848348577519 ], [ 128.66279419802072, 42.663516760409976 ], [ 128.661855829904226, 42.663269953771078 ], [ 128.661474906467475, 42.662560363362822 ], [ 128.661658820430176, 42.661828718092558 ], [ 128.662211502924094, 42.661201219696437 ], [ 128.663536324876333, 42.660011260277528 ], [ 128.663966754165159, 42.659328954926529 ], [ 128.664071213805329, 42.6585658305588 ], [ 128.663676013760949, 42.657900192762334 ], [ 128.662967814534795, 42.657324035549735 ], [ 128.662376587186657, 42.656690834067831 ], [ 128.662267959930801, 42.655958525253872 ], [ 128.662653630943424, 42.655247499980824 ], [ 128.663310635310665, 42.654670451466508 ], [ 128.664804375455759, 42.65363337571403 ], [ 128.666395481891101, 42.652685383805867 ], [ 128.667800022994783, 42.651617325183885 ], [ 128.669285851042531, 42.648793194371379 ], [ 128.66957260685399, 42.647290395370931 ], [ 128.669522886824893, 42.646299594133644 ], [ 128.667855959740422, 42.644654197403341 ], [ 128.66621720299355, 42.643743539095546 ], [ 128.662500557094262, 42.642467645586621 ], [ 128.660530050858227, 42.64191259464905 ], [ 128.658978853180088, 42.640997496304898 ], [ 128.657097727199755, 42.638315168005406 ], [ 128.654898477554894, 42.635779848084198 ], [ 128.652378106991904, 42.633417078935494 ], [ 128.652106907174357, 42.63192177520542 ], [ 128.652248841080507, 42.630423181844904 ], [ 128.652204547707584, 42.628915515720337 ], [ 128.652840970360302, 42.627468374582982 ], [ 128.653107866386478, 42.626760617848205 ], [ 128.653044777907695, 42.626017333004157 ], [ 128.653429622369401, 42.625328650588266 ], [ 128.654342553696665, 42.625686860210713 ], [ 128.655732505646682, 42.626734820951043 ], [ 128.657352695076781, 42.627688099413099 ], [ 128.659548400943066, 42.630229617141858 ], [ 128.660826607271161, 42.631428042493141 ], [ 128.662481001635456, 42.632225345061578 ], [ 128.664585402505907, 42.632574168478463 ], [ 128.665641633185089, 42.632497123625242 ], [ 128.666299138807005, 42.631990085358382 ], [ 128.666617215848675, 42.630482156638358 ], [ 128.666244508082912, 42.628983623802533 ], [ 128.665058103822957, 42.626078506260114 ], [ 128.665129870892827, 42.624600392270182 ], [ 128.665578529986163, 42.623106249355523 ], [ 128.666278943243981, 42.620131785283697 ], [ 128.666306984789486, 42.618630090161815 ], [ 128.66602026542165, 42.617127779093884 ], [ 128.665257412001409, 42.615395326060593 ], [ 128.665256411973672, 42.615395326069546 ], [ 128.664518538439779, 42.614335382289042 ], [ 128.6623693127666, 42.611763838201135 ], [ 128.660688214243493, 42.609005638782911 ], [ 128.660038695055192, 42.606041504835524 ], [ 128.659892711249341, 42.603018384375318 ], [ 128.660128416101685, 42.600012636705998 ], [ 128.660884706739324, 42.597063242518047 ], [ 128.66163709103779, 42.595646301020807 ], [ 128.66233607358032, 42.595071276587447 ], [ 128.663240770289605, 42.59512771612313 ], [ 128.666818449516711, 42.596722984461067 ], [ 128.671618448603084, 42.601594270530718 ], [ 128.674711095663554, 42.603561897794656 ], [ 128.677594704095952, 42.605687245600564 ], [ 128.682666139122205, 42.610425941808991 ], [ 128.683602662856572, 42.611762018594462 ], [ 128.684273491680187, 42.613193906415034 ], [ 128.684935341429025, 42.616182485876323 ], [ 128.686065116732379, 42.620964433603454 ], [ 128.686064116704614, 42.620964433612414 ], [ 128.687756036589349, 42.62806900599363 ], [ 128.688098300277773, 42.629554803307499 ], [ 128.688744977705085, 42.63096464938873 ], [ 128.690847583184933, 42.633557675243793 ], [ 128.693200529734781, 42.636032046019949 ], [ 128.6942885609987, 42.637308093364631 ], [ 128.694969800326106, 42.638720716066665 ], [ 128.695298034084118, 42.641728327753398 ], [ 128.696232513893136, 42.644659385320274 ], [ 128.697391704390242, 42.647547510569844 ], [ 128.698610432215133, 42.649485136119118 ], [ 128.700714358066534, 42.653054162682366 ], [ 128.702560686452955, 42.655741445433826 ], [ 128.704524879522552, 42.658381258790151 ], [ 128.705489532497722, 42.661306635552791 ], [ 128.705856828832509, 42.664313018533306 ], [ 128.706329578742185, 42.66577916477334 ], [ 128.707346858571412, 42.666980861376359 ], [ 128.721867121052185, 42.666969503156253 ], [ 128.720999934117714, 42.660952787651404 ], [ 128.719692359603897, 42.658034157940342 ], [ 128.717661546926308, 42.655335904885234 ], [ 128.71270143481658, 42.650363229732193 ], [ 128.71195957699689, 42.648935296951286 ], [ 128.71173467277842, 42.647391021606687 ], [ 128.71198173528839, 42.64431408967026 ], [ 128.712032070089379, 42.64199315932246 ], [ 128.711024504229187, 42.638233454513696 ], [ 128.709888264168512, 42.635264324042197 ], [ 128.708886780871183, 42.633921150850128 ], [ 128.707612135947386, 42.632698613134004 ], [ 128.706006444394319, 42.629847385441167 ], [ 128.705451810737628, 42.628360001037308 ], [ 128.705253209229653, 42.626833485927818 ], [ 128.705777049737833, 42.625324571483162 ], [ 128.706698506067681, 42.625007905906486 ], [ 128.707642546823081, 42.625283447038129 ], [ 128.710067133889197, 42.627852486336955 ], [ 128.712286703115495, 42.630454923584651 ], [ 128.714818774842087, 42.632907827199858 ], [ 128.71759901697439, 42.63521075433993 ], [ 128.718988963379871, 42.636368638279826 ], [ 128.720110291548991, 42.637656560754209 ], [ 128.721918176364056, 42.640443436805377 ], [ 128.724350312631373, 42.642950206391973 ], [ 128.725391282233062, 42.644288480522981 ], [ 128.726038500687537, 42.645761844579283 ], [ 128.726502249023866, 42.647273722422682 ], [ 128.727499672515933, 42.648601364322225 ], [ 128.730664582544904, 42.650635578178075 ], [ 128.733643615534191, 42.65278894209554 ], [ 128.735764755593294, 42.655445619366908 ], [ 128.736880679368312, 42.656756808949083 ], [ 128.738291941435108, 42.657884463702594 ], [ 128.741775641551015, 42.659589809383526 ], [ 128.745105676207373, 42.661444037804543 ], [ 128.746424524852699, 42.662638888832539 ], [ 128.74748009469559, 42.663977442195012 ], [ 128.74824963150968, 42.66541262825443 ], [ 128.74848508861902, 42.666943902222009 ], [ 128.748486088646757, 42.666943902213035 ], [ 128.751027555570431, 42.666941132205899 ], [ 128.758420428471197, 42.666948892118114 ], [ 128.756349629190169, 42.665507827818928 ], [ 128.753865134832807, 42.662949239341138 ], [ 128.75217191817876, 42.659501184889621 ], [ 128.750018941881109, 42.655454854197934 ], [ 128.748273509703864, 42.653400794425963 ], [ 128.745953889623536, 42.651875357056277 ], [ 128.740031717059196, 42.650689516340286 ], [ 128.73875979638575, 42.650081108028452 ], [ 128.738482459181512, 42.649543783987447 ], [ 128.738658644189343, 42.648991793268976 ], [ 128.739814681693872, 42.648282902675099 ], [ 128.741360234513479, 42.647971538837595 ], [ 128.742807748735714, 42.647591139146172 ], [ 128.743782929088098, 42.646732655375693 ], [ 128.744154091022438, 42.645438095427885 ], [ 128.744159482287046, 42.644122372971324 ], [ 128.743882376528518, 42.642295623980104 ], [ 128.742700300444682, 42.639990419954323 ], [ 128.742949487876132, 42.639219686722718 ], [ 128.743443754790661, 42.638676352432547 ], [ 128.744426496181688, 42.638996139841467 ], [ 128.745742049820677, 42.640932930695278 ], [ 128.74717521036635, 42.642929626868558 ], [ 128.748916119862628, 42.644808607124794 ], [ 128.757582499028672, 42.651242775095881 ], [ 128.759113285664796, 42.653186524409911 ], [ 128.760241591252537, 42.655308526401988 ], [ 128.761433195376242, 42.657410714148043 ], [ 128.763025766444031, 42.659339026353713 ], [ 128.766826625422453, 42.662912809392232 ], [ 128.768380316550235, 42.66487031572246 ], [ 128.7692502011177, 42.666959402406668 ], [ 128.769251201145437, 42.666959402397694 ], [ 128.775365737774592, 42.666964883713817 ], [ 128.774872914236113, 42.663781508085449 ], [ 128.774054303995342, 42.660676966586543 ] ] ], [ [ [ 128.758420428471197, 42.666948892118114 ], [ 128.7584204299948, 42.666948893178379 ], [ 128.758421430022537, 42.666948893169391 ], [ 128.758420428471197, 42.666948892118114 ] ] ], [ [ [ 128.775365737774592, 42.666964883713817 ], [ 128.775365737914797, 42.666964884619382 ], [ 128.775366737942505, 42.666964884610408 ], [ 128.775365737774592, 42.666964883713817 ] ] ] ] } },
{ "type": "Feature", "properties": { "DSN": "大拉子组下段                            ", "DSO": "K↓1→d↑1          ", "DSO_TXT": "K1d-1", "CHFCAC": "K5215D01D00027", "SHEET": "K5215" }, "geometry": { "type": "MultiPolygon", "coordinates": [ [ [ [ 128.483703862510254, 42.666961113855756 ], [ 128.483802876403303, 42.665894005021563 ], [ 128.483301714710507, 42.664776492036751 ], [ 128.482336443860731, 42.663763581646727 ], [ 128.481049881210311, 42.663053061169926 ], [ 128.479405756604677, 42.662890801033711 ], [ 128.477816378240561, 42.663179530127145 ], [ 128.474723217313738, 42.663971953808193 ], [ 128.46820678079726, 42.664289611567966 ], [ 128.465168614016847, 42.665234539518629 ], [ 128.463978904625321, 42.666047869385999 ], [ 128.463205620000821, 42.666978731930762 ], [ 128.463205620000821, 42.666978731930762 ], [ 128.483703862510254, 42.666961113855756 ] ] ] ] } },
{ "type": "Feature", "properties": { "DSN": "大拉子组下段                            ", "DSO": "K↓1→d↑1          ", "DSO_TXT": "K1d-1", "CHFCAC": "K5215D01D00028", "SHEET": "K5215" }, "geometry": { "type": "MultiPolygon", "coordinates": [ [ [ [ 128.515963151388831, 42.66695856530476 ], [ 128.517788273338851, 42.664316738451092 ], [ 128.51867574330339, 42.663811306075026 ], [ 128.519810294499223, 42.66363068614973 ], [ 128.520637222179772, 42.66319077498563 ], [ 128.520891662795009, 42.662342983830875 ], [ 128.519931651619999, 42.659156463566518 ], [ 128.519952996079951, 42.657451003945916 ], [ 128.520467449159042, 42.656753973186717 ], [ 128.521463773401962, 42.656369357749639 ], [ 128.523611586799518, 42.65592305930673 ], [ 128.524675309575855, 42.655677134058486 ], [ 128.52551316395116, 42.655138513291931 ], [ 128.525910916840019, 42.654371470308497 ], [ 128.525939427301608, 42.653544608074469 ], [ 128.525637890290824, 42.652748214956397 ], [ 128.524943435333796, 42.652114233222271 ], [ 128.522899535396533, 42.651405507663426 ], [ 128.521845571126676, 42.651166044371962 ], [ 128.520747380543213, 42.651212254640313 ], [ 128.518624349539323, 42.651777004274848 ], [ 128.51669640402929, 42.652576837845935 ], [ 128.514859165013689, 42.653530024838375 ], [ 128.512906730396281, 42.654280021690852 ], [ 128.510667498871442, 42.654519115474109 ], [ 128.509597210474936, 42.65478671436049 ], [ 128.508827458676222, 42.655346977530826 ], [ 128.507723937464817, 42.656794968480398 ], [ 128.505941543541468, 42.657783746838312 ], [ 128.501880749416273, 42.659078180515195 ], [ 128.498877094227026, 42.661507719975241 ], [ 128.494652526406497, 42.662481489247199 ], [ 128.492750018466722, 42.663370966788037 ], [ 128.49111234367507, 42.664462756260271 ], [ 128.488804650698114, 42.666956159816699 ], [ 128.488804650698114, 42.666956159816699 ], [ 128.501022610949775, 42.666943369746868 ], [ 128.515963151388831, 42.66695856530476 ] ] ] ] } },
{ "type": "Feature", "properties": { "DSN": "长财组下段                              ", "DSO": "J↓3→c↑1          ", "DSO_TXT": "J3c-1", "CHFCAC": "K5215D01D00029", "SHEET": "K5215" }, "geometry": { "type": "MultiPolygon", "coordinates": [ [ [ [ 128.974530298943165, 42.666964975696871 ], [ 128.980675066499998, 42.666959472125264 ], [ 128.980675066499998, 42.666959472125264 ], [ 128.981703497264959, 42.665092726904199 ], [ 128.983345893016434, 42.663090924281768 ], [ 128.985030124717952, 42.661056540687454 ], [ 128.987167443005262, 42.659340413916517 ], [ 128.989747104087286, 42.657960825901007 ], [ 128.992545124985469, 42.656852452952478 ], [ 128.99511830889648, 42.65544429370123 ], [ 128.997357061688916, 42.653842697749283 ], [ 128.997357061688916, 42.653842697749283 ], [ 128.994571418842355, 42.65222094851547 ], [ 128.991802447720659, 42.650048189588283 ], [ 128.990984559857907, 42.649141377030816 ], [ 128.990984559857907, 42.649141377030816 ], [ 128.987665576962712, 42.650983099136084 ], [ 128.985526947457487, 42.652920296503986 ], [ 128.983357525429938, 42.655285489308703 ], [ 128.981754055083627, 42.657696346965679 ], [ 128.980925270806495, 42.660384055739968 ], [ 128.980478341050741, 42.66171399049562 ], [ 128.979575083335874, 42.662928181321988 ], [ 128.97568991969618, 42.665949468789265 ], [ 128.97568991969618, 42.665949468789265 ], [ 128.974529298915485, 42.666964975705909 ], [ 128.974530298943165, 42.666964975696871 ] ] ] ] } },
{ "type": "Feature", "properties": { "DSN": "长财组上段                              ", "DSO": "J↓3→c↑2          ", "DSO_TXT": "J3c-2", "CHFCAC": "K5215D01D00030", "SHEET": "K5215" }, "geometry": { "type": "MultiPolygon", "coordinates": [ [ [ [ 129.001035349000659, 42.658995636138705 ], [ 129.001036290893296, 42.655491157991698 ], [ 129.001036290893296, 42.655491157991698 ], [ 128.997357061688916, 42.653842697749283 ], [ 128.997357061688916, 42.653842697749283 ], [ 128.99511830889648, 42.65544429370123 ], [ 128.992545124985469, 42.656852452952478 ], [ 128.989747104087286, 42.657960825901007 ], [ 128.987167443005262, 42.659340413916517 ], [ 128.985030124717952, 42.661056540687454 ], [ 128.983345893016434, 42.663090924281768 ], [ 128.981703497264959, 42.665092726904199 ], [ 128.980675066499998, 42.666959472125264 ], [ 128.980675066499998, 42.666959472125264 ], [ 128.984854363056286, 42.666955540605954 ], [ 128.984854363056286, 42.666955540605954 ], [ 128.986383561215547, 42.665769889344055 ], [ 128.9879023110052, 42.664128307181549 ], [ 128.991564176494592, 42.661214666399879 ], [ 128.99356004248105, 42.659896507285552 ], [ 128.996082980003678, 42.659177691454197 ], [ 129.001035349000659, 42.658995636138705 ] ] ] ] } },
{ "type": "Feature", "properties": { "DSN": "大拉子组下段                            ", "DSO": "K↓1→d↑1          ", "DSO_TXT": "K1d-1", "CHFCAC": "K5215D01D00031", "SHEET": "K5215" }, "geometry": { "type": "MultiPolygon", "coordinates": [ [ [ [ 129.001035349000659, 42.658995636138705 ], [ 128.996082980003678, 42.659177691454197 ], [ 128.99356004248105, 42.659896507285552 ], [ 128.991564176494592, 42.661214666399879 ], [ 128.9879023110052, 42.664128307181549 ], [ 128.986383561215547, 42.665769889344055 ], [ 128.984854363056286, 42.666955540605954 ], [ 128.984854363056286, 42.666955540605954 ], [ 129.00103648083558, 42.666938879745054 ], [ 129.001035349000659, 42.658995636138705 ] ] ] ] } },
{ "type": "Feature", "properties": { "DSN": "河漫滩                                  ", "DSO": "Q↓4↑3             ", "DSO_TXT": "Q4-3", "CHFCAC": "K5215D01D00032", "SHEET": "K5215" }, "geometry": { "type": "MultiPolygon", "coordinates": [ [ [ [ 128.98484574190519, 42.63701074799004 ], [ 128.982777850141247, 42.636052745419825 ], [ 128.98198981651143, 42.635546357630936 ], [ 128.981397578907547, 42.63541901854785 ], [ 128.981363953585998, 42.636082306043214 ], [ 128.981764043879849, 42.637244756413381 ], [ 128.983744009532074, 42.639840965831922 ], [ 128.986004269551984, 42.642297380336011 ], [ 128.987288698333515, 42.643460937883184 ], [ 128.987288698333515, 42.643460937883184 ], [ 128.988298531736262, 42.64473321462247 ], [ 128.988871908305583, 42.646154250836702 ], [ 128.989841360161677, 42.647472221233684 ], [ 128.990984559857907, 42.649141377030816 ], [ 128.990984559857907, 42.649141377030816 ], [ 128.991802447720659, 42.650048189588283 ], [ 128.994571418842355, 42.65222094851547 ], [ 128.997357061688916, 42.653842697749283 ], [ 128.997357061688916, 42.653842697749283 ], [ 129.001036290893296, 42.655491157991698 ], [ 129.001036290893296, 42.655491157991698 ], [ 129.001035217694835, 42.65107940216253 ], [ 129.001035217694835, 42.65107940216253 ], [ 128.999457097226554, 42.650448999347546 ], [ 128.997906015336241, 42.649490433337149 ], [ 128.996519742759858, 42.648387806842258 ], [ 128.99537694298678, 42.647163203925579 ], [ 128.993757914647517, 42.6444355382257 ], [ 128.991638710321809, 42.641893352787534 ], [ 128.984844741877538, 42.637010747999078 ], [ 128.98484574190519, 42.63701074799004 ] ] ] ] } },
{ "type": "Feature", "properties": { "DSN": "河漫滩                                  ", "DSO": "Q↓4↑3             ", "DSO_TXT": "Q4-3", "CHFCAC": "K5215D01D00033", "SHEET": "K5215" }, "geometry": { "type": "MultiPolygon", "coordinates": [ [ [ [ 128.94966487283574, 42.51060464488657 ], [ 128.947629258548233, 42.510318876400518 ], [ 128.947629258548233, 42.510318876400518 ], [ 128.945015554709244, 42.510134530142004 ], [ 128.945015554709244, 42.510134530142004 ], [ 128.943733607133453, 42.509782004497147 ], [ 128.942224638352258, 42.508775454111579 ], [ 128.94121849553224, 42.507609629871062 ], [ 128.94121849553224, 42.507609629871062 ], [ 128.94054133369454, 42.504453986877053 ], [ 128.939608334213915, 42.501543858040243 ], [ 128.937930304474037, 42.498794630717697 ], [ 128.936030320180606, 42.496102064398947 ], [ 128.929833207757326, 42.492231674216761 ], [ 128.928557683405074, 42.49106902560689 ], [ 128.927564114003161, 42.489760732731263 ], [ 128.925666955128122, 42.487079800214829 ], [ 128.925467816745652, 42.485592277662484 ], [ 128.92585230752681, 42.484111288830377 ], [ 128.927501565250083, 42.481359858635912 ], [ 128.927870488503373, 42.480183102165491 ], [ 128.927870488503373, 42.480183102165491 ], [ 128.928092182692808, 42.478388746491767 ], [ 128.927976063201413, 42.476884881029676 ], [ 128.92755744295448, 42.475414914568347 ], [ 128.925899068191256, 42.472653334168342 ], [ 128.923545150923019, 42.470195693211572 ], [ 128.918428833660755, 42.465519901762356 ], [ 128.915487856812604, 42.463440643685942 ], [ 128.912209973244757, 42.461660452689046 ], [ 128.910542685840824, 42.460784832521654 ], [ 128.90917983574306, 42.459683454510873 ], [ 128.906829312519534, 42.457218229900484 ], [ 128.903474361266291, 42.455535769883937 ], [ 128.900840642866569, 42.453264203851312 ], [ 128.898230693462892, 42.450922221121964 ], [ 128.896614716346278, 42.449995488919932 ], [ 128.894840152427776, 42.449259781676197 ], [ 128.887201082555578, 42.447165526358454 ], [ 128.885278790025524, 42.446698475308153 ], [ 128.883291480857707, 42.446519525681332 ], [ 128.879157502592733, 42.446636149412825 ], [ 128.877108266390394, 42.446581510618451 ], [ 128.875168172434257, 42.446232039153237 ], [ 128.871679042362132, 42.444673676647888 ], [ 128.864819437190818, 42.441448237873743 ], [ 128.864819437190818, 42.441448237873743 ], [ 128.862932080689745, 42.440896147843041 ], [ 128.860938024915015, 42.440633175324074 ], [ 128.858881353000072, 42.440783774906294 ], [ 128.857950852714765, 42.441123577261514 ], [ 128.857373667497797, 42.441702032603182 ], [ 128.856687026084927, 42.443135303255715 ], [ 128.855226278615589, 42.444185767225683 ], [ 128.854347661066384, 42.445531509520038 ], [ 128.853936756565588, 42.44703531392846 ], [ 128.853137144224263, 42.448395602991042 ], [ 128.851884437803335, 42.449580147124863 ], [ 128.85077335573385, 42.450773095279416 ], [ 128.850056299579876, 42.451439278313991 ], [ 128.849632168029814, 42.451641236444708 ], [ 128.849221285746665, 42.451483056340599 ], [ 128.848993040375518, 42.450745150985874 ], [ 128.849149474528929, 42.449991811348085 ], [ 128.849269431899017, 42.4484893600278 ], [ 128.849620630185967, 42.447011728017735 ], [ 128.850492183056929, 42.445648438976903 ], [ 128.851429671713362, 42.444331340164467 ], [ 128.851951418155977, 42.442813709205623 ], [ 128.851825506632593, 42.442476685684483 ], [ 128.851449211219432, 42.442252107586334 ], [ 128.850405356913058, 42.442084606798105 ], [ 128.848400739905117, 42.442262486204768 ], [ 128.844347592090429, 42.442425519237254 ], [ 128.842301151596502, 42.442306152441027 ], [ 128.840327842308454, 42.44252535927847 ], [ 128.836413144200122, 42.44342181081263 ], [ 128.834595077492253, 42.444035168832421 ], [ 128.832950578530813, 42.444924033466123 ], [ 128.825902758183588, 42.447922679088322 ], [ 128.824038503111126, 42.448520363398565 ], [ 128.822326672096267, 42.449355600373188 ], [ 128.820583082210817, 42.450099802539413 ], [ 128.819558985903171, 42.450153116923268 ], [ 128.818572867145406, 42.44994183837558 ], [ 128.81707496670677, 42.448916383963976 ], [ 128.81607182658675, 42.447611021870635 ], [ 128.815016737628184, 42.446320643613689 ], [ 128.81344782424793, 42.445346093537061 ], [ 128.811452868172466, 42.445115541049447 ], [ 128.809458679283239, 42.445436174866551 ], [ 128.807586457157441, 42.446025239110917 ], [ 128.805587472710727, 42.446277705785576 ], [ 128.801639774409551, 42.445591374197505 ], [ 128.799603969285783, 42.44574377850499 ], [ 128.796582882083754, 42.446330024884894 ], [ 128.793971298719356, 42.447443715418302 ], [ 128.790043624308765, 42.448215232629643 ], [ 128.786155573452561, 42.449026651504411 ], [ 128.784127784423447, 42.449351915710487 ], [ 128.783117045643735, 42.449255201565819 ], [ 128.782663114501872, 42.449045016819042 ], [ 128.782503635091444, 42.448720962604369 ], [ 128.783095713779659, 42.448061593688855 ], [ 128.784021356095678, 42.447757280055882 ], [ 128.785821625408857, 42.447064563297445 ], [ 128.78934512582407, 42.445572207640261 ], [ 128.790791313823007, 42.444819806296145 ], [ 128.792613281441874, 42.444188586047581 ], [ 128.794513360409439, 42.443192142388448 ], [ 128.796429459953401, 42.442673605287261 ], [ 128.797348832597407, 42.442485745069447 ], [ 128.799108182673848, 42.442622031777752 ], [ 128.799108182673848, 42.442622031777752 ], [ 128.800465636561682, 42.442668937702237 ], [ 128.804518031462578, 42.442426926595871 ], [ 128.808574158818743, 42.442351640230918 ], [ 128.812634497613516, 42.442464571240713 ], [ 128.816647340398504, 42.442018405690668 ], [ 128.816647340398504, 42.442018405690668 ], [ 128.818650708203677, 42.441909855029387 ], [ 128.820814142234241, 42.441714459862411 ], [ 128.824310168368783, 42.440561911405098 ], [ 128.826150088878308, 42.43992451618174 ], [ 128.827836236263096, 42.439088984399113 ], [ 128.829426891167913, 42.438167191179744 ], [ 128.831350277484233, 42.437657507057935 ], [ 128.833338896406957, 42.437270572983458 ], [ 128.835341600523748, 42.437217380939536 ], [ 128.839359092294472, 42.437702433000666 ], [ 128.841349197399893, 42.438024081567391 ], [ 128.843367789085789, 42.438060843553096 ], [ 128.845280863722508, 42.437578973072114 ], [ 128.845919215178753, 42.436984195002978 ], [ 128.846227461388196, 42.436250798905398 ], [ 128.845915834498442, 42.434780175551531 ], [ 128.844899231864531, 42.433467161947561 ], [ 128.842738241174459, 42.430911682748217 ], [ 128.840960857573975, 42.428198525140516 ], [ 128.840817099066527, 42.426704506052701 ], [ 128.84113269205713, 42.425994446686005 ], [ 128.84210747957033, 42.425800305648934 ], [ 128.84313366383418, 42.426024192045986 ], [ 128.843938244945633, 42.426477054779895 ], [ 128.845228559756777, 42.427633475384233 ], [ 128.847491734219261, 42.430145901821867 ], [ 128.850399973634012, 42.432240495591778 ], [ 128.851805477419845, 42.433315884639669 ], [ 128.852998881872054, 42.434534681064896 ], [ 128.85449709140633, 42.435555206565908 ], [ 128.855413529929052, 42.435923234838924 ], [ 128.856405322475553, 42.436022037311176 ], [ 128.857354886482739, 42.43573085021977 ], [ 128.857961409965526, 42.435128941557586 ], [ 128.857661296082028, 42.433639641670311 ], [ 128.8575601659428, 42.430631014963133 ], [ 128.858008400750748, 42.429952486957525 ], [ 128.858940722746468, 42.429654206205868 ], [ 128.858940722746468, 42.429654206205868 ], [ 128.859875269305348, 42.429951690938324 ], [ 128.860539264738634, 42.430524569441907 ], [ 128.862261360920002, 42.43324965804991 ], [ 128.864137018418461, 42.435918340225172 ], [ 128.865439117503826, 42.437078913488889 ], [ 128.867101874680429, 42.437934417463921 ], [ 128.868960313569517, 42.43855102559229 ], [ 128.870638084186567, 42.439388144901059 ], [ 128.872325985330974, 42.440243997879506 ], [ 128.874191433372516, 42.440841392411762 ], [ 128.87620152571219, 42.44103729734978 ], [ 128.878208048747013, 42.440763205124284 ], [ 128.879830304490298, 42.439850705260497 ], [ 128.880267636436088, 42.439620514328844 ], [ 128.880674383557903, 42.439632518437371 ], [ 128.881333736393202, 42.440284182874407 ], [ 128.882522364097326, 42.441491160209296 ], [ 128.88417664277722, 42.442333020238245 ], [ 128.887934804931149, 42.443625889786354 ], [ 128.890138501384371, 42.444144627135323 ], [ 128.890138501384371, 42.444144627135323 ], [ 128.8917948924516, 42.444460728454899 ], [ 128.895746510183614, 42.445150342792672 ], [ 128.899469031124625, 42.44638529277583 ], [ 128.901286119686148, 42.447071360199985 ], [ 128.902618717048085, 42.448174431219421 ], [ 128.904957026948296, 42.450666516993074 ], [ 128.90751721599284, 42.452988719044953 ], [ 128.910142661300966, 42.45528787538538 ], [ 128.913041262097494, 42.4573834941596 ], [ 128.916509704949277, 42.459049619669067 ], [ 128.918223708113686, 42.459876079225928 ], [ 128.91942844691809, 42.461036490141595 ], [ 128.920375663106881, 42.46238561005741 ], [ 128.921579336644555, 42.463598930322206 ], [ 128.924359968436988, 42.4657885229757 ], [ 128.92537971967721, 42.467092082874998 ], [ 128.92668817885405, 42.468231643312421 ], [ 128.929563661885908, 42.470407982401184 ], [ 128.93054200735196, 42.471687147602545 ], [ 128.931069736722236, 42.473125450548224 ], [ 128.93160956649831, 42.476167727034763 ], [ 128.932259629912721, 42.479135794740301 ], [ 128.932270273304937, 42.480643957876765 ], [ 128.93174914464484, 42.482106991115437 ], [ 128.929683963602201, 42.48471128698985 ], [ 128.929589638547441, 42.485453885973307 ], [ 128.929984053201053, 42.486149821779627 ], [ 128.931607366071916, 42.487062649513824 ], [ 128.935134275129968, 42.488553071941531 ], [ 128.938395484195013, 42.490346731153771 ], [ 128.939732382495691, 42.491493362005386 ], [ 128.940837400464261, 42.492774963014632 ], [ 128.942289749222454, 42.495599817732234 ], [ 128.942682881576957, 42.498605714908635 ], [ 128.942682881576957, 42.498605714908635 ], [ 128.942948888158583, 42.501585667948696 ], [ 128.943480278400045, 42.503062575814312 ], [ 128.943906815319593, 42.503747547696605 ], [ 128.944682956904529, 42.504217503998056 ], [ 128.946054684981902, 42.504476906913808 ], [ 128.948007804537781, 42.504143591746782 ], [ 128.948007804537781, 42.504143591746782 ], [ 128.948712576535399, 42.504089305684452 ], [ 128.951179264960302, 42.503460506544016 ], [ 128.951179264960302, 42.503460506544016 ], [ 128.953072754772677, 42.503506218700622 ], [ 128.953072754772677, 42.503506218700622 ], [ 128.95452493750966, 42.504044628976168 ], [ 128.956144930833773, 42.504939610661566 ], [ 128.957538302077126, 42.506040188493671 ], [ 128.959256988626294, 42.506838491281421 ], [ 128.959256988626294, 42.506838491281421 ], [ 128.963232842902784, 42.507442114690683 ], [ 128.965238790981346, 42.507674281620211 ], [ 128.967073356296424, 42.507495705621807 ], [ 128.967073356296424, 42.507495705621807 ], [ 128.969280114109722, 42.507297720205251 ], [ 128.971040796601017, 42.508028485041265 ], [ 128.973935191685626, 42.51013676765227 ], [ 128.97572605348833, 42.510840920292061 ], [ 128.977743745704743, 42.510982916569048 ], [ 128.97977012707176, 42.511005778166748 ], [ 128.98155361813761, 42.511753766716012 ], [ 128.983333907322077, 42.512429257238892 ], [ 128.984366473290777, 42.512569357279411 ], [ 128.985328177990482, 42.512402673437094 ], [ 128.985773588865953, 42.511723646934804 ], [ 128.98557418822196, 42.510990899713796 ], [ 128.984585507264796, 42.509670140440981 ], [ 128.984264004821767, 42.508178864939254 ], [ 128.984560185382804, 42.506689403735564 ], [ 128.985899923208422, 42.503843977318631 ], [ 128.986557826579713, 42.500888275128055 ], [ 128.98706783852387, 42.497870770029202 ], [ 128.987698372254386, 42.496452109787811 ], [ 128.988694201884073, 42.495142123785079 ], [ 128.991085534556419, 42.492708015768621 ], [ 128.993669506667857, 42.490388070343549 ], [ 128.994505968953973, 42.489009145492666 ], [ 128.994874240632384, 42.487524190696135 ], [ 128.994454489093357, 42.48453530510703 ], [ 128.994449607575376, 42.483029189794081 ], [ 128.994777336844322, 42.481541130575991 ], [ 128.995437623277553, 42.480118689295487 ], [ 128.996371390137256, 42.478779511181564 ], [ 128.998400984700197, 42.476170062243348 ], [ 128.999116094743187, 42.47475999100164 ], [ 128.999370477733777, 42.473266840219843 ], [ 128.999139467919406, 42.471761405763438 ], [ 128.998358067329917, 42.470377730111565 ], [ 128.997415521014688, 42.469054651139572 ], [ 128.996967225526873, 42.467574659462549 ], [ 128.996967225526873, 42.467574659462549 ], [ 128.996876653812279, 42.466080180197984 ], [ 128.99741456325421, 42.464625967945281 ], [ 128.99879358463744, 42.461797756932064 ], [ 128.998665207442571, 42.46029968525761 ], [ 128.997964564080831, 42.458735408764412 ], [ 128.997775913634541, 42.457263380908543 ], [ 128.99807528062621, 42.455708038918054 ], [ 128.998815703472872, 42.454416308720994 ], [ 128.999006415561468, 42.452985043440705 ], [ 128.998798980831708, 42.451790757168055 ], [ 128.998798980831708, 42.451790757168055 ], [ 128.997991555209552, 42.450069738960337 ], [ 128.997505077045332, 42.448863365941641 ], [ 128.997505097443735, 42.44834954482512 ], [ 128.997916989701224, 42.448044037094533 ], [ 128.998497776343328, 42.448071821362639 ], [ 128.998968952315863, 42.448488437758343 ], [ 128.999793714119306, 42.449804915219715 ], [ 129.001031912417943, 42.450746269042625 ], [ 129.001031912417943, 42.450746269042625 ], [ 129.001032726330237, 42.500268245062458 ], [ 129.001035266743713, 42.593650416050011 ], [ 129.001035266743713, 42.593650416050011 ], [ 128.999991963274823, 42.593917171803703 ], [ 128.999991963274823, 42.593917171803703 ], [ 128.997797418137452, 42.594869628972255 ], [ 128.99395032696728, 42.595736634982373 ], [ 128.992566572487931, 42.596928167393763 ], [ 128.991321104312249, 42.598289925568132 ], [ 128.990084227106138, 42.601196651527118 ], [ 128.989091671640097, 42.602494813894872 ], [ 128.98786637072871, 42.603704875384203 ], [ 128.986875417319169, 42.605017760902129 ], [ 128.986142670740634, 42.606439269437608 ], [ 128.985836625903374, 42.60789197937661 ], [ 128.985313912608518, 42.608621949012417 ], [ 128.984925158642767, 42.608684156322113 ], [ 128.984925158642767, 42.608684156322113 ], [ 128.984493063826392, 42.608485574790706 ], [ 128.983267070099373, 42.607292690211565 ], [ 128.981539652037412, 42.606598245951233 ], [ 128.981567826414278, 42.605792559747343 ], [ 128.981901788772717, 42.605098048143027 ], [ 128.982893683770783, 42.603785238193723 ], [ 128.983634716056741, 42.602385910398837 ], [ 128.983767696034647, 42.601597328783797 ], [ 128.984147147227844, 42.600940592063544 ], [ 128.985672973666908, 42.599961493101723 ], [ 128.986840965425074, 42.598741612698703 ], [ 128.986683261115616, 42.597979443404071 ], [ 128.985961329580221, 42.597454704596522 ], [ 128.984061389672235, 42.596877777193647 ], [ 128.980050803002257, 42.596372914053617 ], [ 128.978128705657412, 42.595817588829526 ], [ 128.97736074923381, 42.595321881021036 ], [ 128.977030864012363, 42.594609694648675 ], [ 128.977431063714221, 42.593925344997494 ], [ 128.977431063714221, 42.593925344997494 ], [ 128.978339011254576, 42.593591113213392 ], [ 128.980377036589829, 42.593422124504123 ], [ 128.98436300769643, 42.594010551242469 ], [ 128.986407743733508, 42.594158141868974 ], [ 128.988357020922962, 42.593859564990055 ], [ 128.990159356956696, 42.59305927435571 ], [ 128.990584623292676, 42.592423084763098 ], [ 128.990463527277626, 42.591645853591722 ], [ 128.989555529155098, 42.590299303636506 ], [ 128.988133194631018, 42.589218146529532 ], [ 128.986192401510635, 42.588605524703688 ], [ 128.985757878186689, 42.587951633786055 ], [ 128.986197888855315, 42.58730159114873 ], [ 128.98725338557125, 42.587152517526775 ], [ 128.98827561055154, 42.58730403444558 ], [ 128.990095754766543, 42.587945806463154 ], [ 128.9919297191623, 42.588614755189845 ], [ 128.993894878860658, 42.589007960319016 ], [ 128.995932328883526, 42.589075470032867 ], [ 128.996876047946046, 42.588799249317375 ], [ 128.997643375706502, 42.588294752982868 ], [ 128.99844529362062, 42.586919053338669 ], [ 128.998647426060785, 42.58542164684863 ], [ 128.998067256605935, 42.583993008643745 ], [ 128.996557798575509, 42.582986304351394 ], [ 128.992874965401853, 42.581693735285072 ], [ 128.990918122630717, 42.581217873365361 ], [ 128.990058580163151, 42.580831970919043 ], [ 128.989435610444076, 42.580230172546116 ], [ 128.989288696349718, 42.579458381140313 ], [ 128.989288696349718, 42.579458381140313 ], [ 128.989848761529004, 42.57886780699004 ], [ 128.991866541511257, 42.578639826623899 ], [ 128.993900893316749, 42.578602447190093 ], [ 128.995830253966886, 42.578124832879055 ], [ 128.997389873400806, 42.577156254309699 ], [ 128.998079355588061, 42.57582622104205 ], [ 128.997987015891397, 42.575033367977255 ], [ 128.997489105154358, 42.574435845748276 ], [ 128.995697728640664, 42.57344759992742 ], [ 128.992294895693107, 42.572080348539082 ], [ 128.989011276716042, 42.570347482889581 ], [ 128.985981213118095, 42.5682533854458 ], [ 128.984387541885184, 42.567335011058958 ], [ 128.982589267249068, 42.566700959725914 ], [ 128.978598656383411, 42.565968628324448 ], [ 128.974702813520111, 42.565057035716578 ], [ 128.971022901739758, 42.563768916622294 ], [ 128.969321439562577, 42.562941782458118 ], [ 128.967845618112989, 42.561908380861631 ], [ 128.966382103029218, 42.560860793861714 ], [ 128.964022616318033, 42.559900611254236 ], [ 128.964022616318033, 42.559900611254236 ], [ 128.962678481866448, 42.559665636606717 ], [ 128.960035636429467, 42.559351171678657 ], [ 128.95751427395939, 42.559519491296065 ], [ 128.95751427395939, 42.559519491296065 ], [ 128.952414143553227, 42.559539063058885 ], [ 128.950089362001023, 42.55944267279525 ], [ 128.94812735606331, 42.559193758563062 ], [ 128.947326899417334, 42.558811791001752 ], [ 128.947273797840211, 42.558143961216629 ], [ 128.947873955474222, 42.557509223226049 ], [ 128.948821082806376, 42.557203568818629 ], [ 128.948821082806376, 42.557203568818629 ], [ 128.951901905373859, 42.556829335916014 ], [ 128.951901905373859, 42.556829335916014 ], [ 128.955697769958078, 42.556776512508989 ], [ 128.955697769958078, 42.556776512508989 ], [ 128.960682855173445, 42.557080857433277 ], [ 128.963729861290801, 42.557120024153178 ], [ 128.963729861290801, 42.557120024153178 ], [ 128.966752906632678, 42.557407142051886 ], [ 128.968786063243783, 42.558274394331008 ], [ 128.9760538191168, 42.560994832691549 ], [ 128.979788845886418, 42.562184996192606 ], [ 128.981675420919714, 42.562788805122523 ], [ 128.983684543472208, 42.56288758354831 ], [ 128.98774984360719, 42.563138412667954 ], [ 128.989730330107591, 42.562865442494207 ], [ 128.99145947660827, 42.56204858815687 ], [ 128.991908488820968, 42.561369733037935 ], [ 128.991882561849138, 42.560596771796455 ], [ 128.991377422296125, 42.559951525227312 ], [ 128.99056666574711, 42.559462214650722 ], [ 128.988739126881597, 42.55878734966111 ], [ 128.986788368458633, 42.558386978994129 ], [ 128.982816787748476, 42.557686106993735 ], [ 128.980941058170004, 42.557093828926256 ], [ 128.980093301446431, 42.556671443375599 ], [ 128.979447016489416, 42.556089218895977 ], [ 128.979245194971469, 42.555340081773053 ], [ 128.979693179206436, 42.554674238581974 ], [ 128.981614807007531, 42.554174806983589 ], [ 128.983584589240536, 42.553810498664433 ], [ 128.985344508518295, 42.553055628909085 ], [ 128.986653410586285, 42.551904669690082 ], [ 128.987582894658971, 42.550575152643198 ], [ 128.988393238547729, 42.549147825095979 ], [ 128.988811014573884, 42.54768612547435 ], [ 128.988247367223664, 42.546260210520579 ], [ 128.987102426818495, 42.544967695182756 ], [ 128.98566002554341, 42.543914427129153 ], [ 128.983890243181179, 42.54318756102365 ], [ 128.981901970021141, 42.542770474819847 ], [ 128.979866818890144, 42.542607393940365 ], [ 128.975790389323322, 42.542688887799947 ], [ 128.971729832204403, 42.542583473823427 ], [ 128.967828938823544, 42.541727584962331 ], [ 128.960084569137365, 42.539883463290586 ], [ 128.960084569137365, 42.539883463290586 ], [ 128.956287897085787, 42.538746034964184 ], [ 128.954533510716743, 42.538160614876233 ], [ 128.954533510716743, 42.538160614876233 ], [ 128.952489285207918, 42.537767193581395 ], [ 128.950781682431966, 42.537408910070504 ], [ 128.950781682431966, 42.537408910070504 ], [ 128.949634709487498, 42.537014396862943 ], [ 128.9494170153136, 42.536685072345222 ], [ 128.949585120973978, 42.536358262413664 ], [ 128.950477478305402, 42.535859127608809 ], [ 128.950477478305402, 42.535859127608809 ], [ 128.952060477670273, 42.535536079221266 ], [ 128.952060477670273, 42.535536079221266 ], [ 128.953440648535405, 42.535507012777053 ], [ 128.955476939927365, 42.53569197626998 ], [ 128.958577548174134, 42.536446071676338 ], [ 128.958577548174134, 42.536446071676338 ], [ 128.96124011771937, 42.537163519205158 ], [ 128.964890321298043, 42.538497526923386 ], [ 128.966831855002596, 42.538942255098895 ], [ 128.968846382942189, 42.539166987921696 ], [ 128.972922035628301, 42.539206363463045 ], [ 128.97493232347901, 42.538950291082671 ], [ 128.975843466143004, 42.538595566195461 ], [ 128.976482101348665, 42.538008715714483 ], [ 128.976571576831446, 42.537268212771487 ], [ 128.976093349549842, 42.53660120358537 ], [ 128.974839674449072, 42.53538357439006 ], [ 128.971993508683738, 42.533261835915297 ], [ 128.968868129545484, 42.531323101447548 ], [ 128.967591572701309, 42.530160788860115 ], [ 128.966601733758012, 42.528832734635706 ], [ 128.965242976593942, 42.525969849346808 ], [ 128.964392123348233, 42.524628022616234 ], [ 128.963203622613833, 42.523413887652559 ], [ 128.960647248740287, 42.521039813394282 ], [ 128.958473782008696, 42.518500533984771 ], [ 128.956092530568498, 42.515315957419283 ], [ 128.956092530568498, 42.515315957419283 ], [ 128.954422666511249, 42.513470004830097 ], [ 128.953791174731009, 42.512704372249949 ], [ 128.951895773334513, 42.511419478400761 ], [ 128.951895773334513, 42.511419478400761 ], [ 128.94966487283574, 42.51060464488657 ] ] ] ] } },
{ "type": "Feature", "properties": { "DSN": "泉水村组                                ", "DSO": "J↓3→q             ", "DSO_TXT": "J3q", "CHFCAC": "K5215D01D00034", "SHEET": "K5215" }, "geometry": { "type": "MultiPolygon", "coordinates": [ [ [ [ 128.976554400905883, 42.378375809789979 ], [ 129.001030729243951, 42.378532710993859 ], [ 129.001030729243951, 42.378532710993859 ], [ 129.001031912417943, 42.450746269042625 ], [ 129.001031912417943, 42.450746269042625 ], [ 128.999793714119306, 42.449804915219715 ], [ 128.998968952315863, 42.448488437758343 ], [ 128.998497776343328, 42.448071821362639 ], [ 128.997916989701224, 42.448044037094533 ], [ 128.997505097443735, 42.44834954482512 ], [ 128.997505077045332, 42.448863365941641 ], [ 128.997991555209552, 42.450069738960337 ], [ 128.998798980831708, 42.451790757168055 ], [ 128.998798980831708, 42.451790757168055 ], [ 128.996397537378783, 42.453276619718203 ], [ 128.995095449259878, 42.454404297024382 ], [ 128.994157941772727, 42.455490421464809 ], [ 128.992699097407097, 42.457848068765855 ], [ 128.991600021939007, 42.458851530855448 ], [ 128.990144442282542, 42.459567709903894 ], [ 128.986757289834713, 42.460199338247541 ], [ 128.985162620677812, 42.460650875859457 ], [ 128.983771274643061, 42.461761651061153 ], [ 128.981806269299341, 42.46372742131318 ], [ 128.979880979082026, 42.465882576052707 ], [ 128.979880979082026, 42.465882576052707 ], [ 128.978423408438232, 42.449068307093604 ], [ 128.977798761936867, 42.426742750709593 ], [ 128.977176113592492, 42.418502782307108 ], [ 128.975356181081906, 42.411814780564256 ], [ 128.975356181081906, 42.411814780564256 ], [ 128.973600016262367, 42.407303342922539 ], [ 128.973600016262367, 42.407303342922539 ], [ 128.972195910902883, 42.403028058308351 ], [ 128.972195910902883, 42.403028058308351 ], [ 128.972540135193213, 42.401970581525909 ], [ 128.973112228665912, 42.400024803934862 ], [ 128.973913833805113, 42.397935471695895 ], [ 128.974371212270171, 42.396962619006693 ], [ 128.975056274314397, 42.395439880312594 ], [ 128.975514995220777, 42.39349406535478 ], [ 128.975857322502179, 42.3918866434622 ], [ 128.976085561976731, 42.389856171086862 ], [ 128.976030009071479, 42.388375570156079 ], [ 128.975859413576728, 42.386429617431595 ], [ 128.975575642295951, 42.384399034738387 ], [ 128.975405086869529, 42.382410777137892 ], [ 128.975575806412962, 42.381395552498532 ], [ 128.976034227244611, 42.379915057715962 ], [ 128.976553400878345, 42.37837580979896 ], [ 128.976554400905883, 42.378375809789979 ] ] ] ] } },
{ "type": "Feature", "properties": { "DSN": "河漫滩                                  ", "DSO": "Q↓4↑3             ", "DSO_TXT": "Q4-3", "CHFCAC": "K5215D01D00035", "SHEET": "K5215" }, "geometry": { "type": "MultiPolygon", "coordinates": [ [ [ [ 128.979094586114854, 42.349524882440797 ], [ 128.978650247633709, 42.349736187309901 ], [ 128.9785206614564, 42.350215759011611 ], [ 128.978520481839666, 42.350743314245193 ], [ 128.979102655861112, 42.351462816439245 ], [ 128.980055383053156, 42.352702459093649 ], [ 128.98110802363928, 42.353957059733006 ], [ 128.982272639292432, 42.354916436765102 ], [ 128.984278553003861, 42.356163679106743 ], [ 128.986155086347964, 42.357506787431177 ], [ 128.98816113221207, 42.358897837511492 ], [ 128.990102589451197, 42.360001090649561 ], [ 128.991332147176536, 42.361200176827396 ], [ 128.993208928952896, 42.363022763377835 ], [ 128.995280003670274, 42.364797367504629 ], [ 128.997221759854057, 42.366092336977324 ], [ 128.999422516355423, 42.367003598940855 ], [ 129.001030545924976, 42.367320209024314 ], [ 129.001030545924976, 42.367320209024314 ], [ 129.00103042824901, 42.360119308062075 ], [ 129.00103042824901, 42.360119308062075 ], [ 128.999422582232455, 42.359809678162101 ], [ 128.997804551080179, 42.359282103263823 ], [ 128.995992403173545, 42.358466742834786 ], [ 128.994827497836667, 42.357651385574606 ], [ 128.993144892020496, 42.356692106719187 ], [ 128.992044749825709, 42.356068561328712 ], [ 128.990038594661058, 42.355396969917052 ], [ 128.987191244749368, 42.354341578364362 ], [ 128.985569006021365, 42.353455665369466 ], [ 128.984473584360614, 42.352614697647901 ], [ 128.983113552851535, 42.351217400094811 ], [ 128.981691579187725, 42.350120391249028 ], [ 128.980332824872107, 42.349496691188548 ], [ 128.979094586114854, 42.349524882440797 ] ] ] ] } },
{ "type": "Feature", "properties": { "DSN": "广平玄武岩                              ", "DSO": "βQ↓3              ", "DSO_TXT": "βQ3", "CHFCAC": "K5215D01D00036", "SHEET": "K5215" }, "geometry": { "type": "MultiPolygon", "coordinates": [ [ [ [ 128.548605217833227, 42.000302297479344 ], [ 128.548606216980687, 42.000302298107229 ], [ 128.548606217860737, 42.000302297470526 ], [ 128.548605217833227, 42.000302297479344 ] ] ], [ [ [ 128.546444630820673, 42.002750846365146 ], [ 128.545707481042399, 42.003672195866628 ], [ 128.544528805493826, 42.004323482106564 ], [ 128.543152818982691, 42.004748913691394 ], [ 128.541735666610037, 42.004743264969619 ], [ 128.540477260875065, 42.004162183506011 ], [ 128.53927497861676, 42.002947656270486 ], [ 128.538608540614433, 42.002464937508812 ], [ 128.537375416470923, 42.001960731560629 ], [ 128.534466605195774, 42.001584137904558 ], [ 128.531948104398708, 42.000690619614147 ], [ 128.530533302571399, 42.000377613540067 ], [ 128.529012630367333, 42.000448191600235 ], [ 128.52623192564505, 42.000788087353747 ], [ 128.523331860115576, 42.000909958578809 ], [ 128.5220492767439, 42.000397996475087 ], [ 128.521926635196706, 42.000281442080741 ], [ 128.507667089757433, 42.000267751643889 ], [ 128.507802546921766, 42.001387726138276 ], [ 128.508084683789775, 42.002120281269093 ], [ 128.50868377874815, 42.002720423638081 ], [ 128.509364749267434, 42.003290398917741 ], [ 128.509736812902986, 42.003985927613357 ], [ 128.509755181882099, 42.005488001587864 ], [ 128.50893115107101, 42.006880454227307 ], [ 128.507808606261278, 42.008141307818498 ], [ 128.50657498651438, 42.00934802330088 ], [ 128.504931258898694, 42.01020722259458 ], [ 128.503117000586087, 42.010919785729293 ], [ 128.501149013295418, 42.011171489575794 ], [ 128.497060418847667, 42.011126581469505 ], [ 128.49506019954913, 42.011333956615985 ], [ 128.4931954035101, 42.011933038883882 ], [ 128.493279180840744, 42.012672835246157 ], [ 128.494138369361821, 42.013022303931528 ], [ 128.496150890505788, 42.013248648645074 ], [ 128.49810897857941, 42.01361838661969 ], [ 128.498756843355835, 42.014200799798481 ], [ 128.498847003024139, 42.014943172887328 ], [ 128.498290050214791, 42.016389394353745 ], [ 128.498336523153597, 42.017903859298016 ], [ 128.498143814915323, 42.02091590286431 ], [ 128.497739222507079, 42.022396435693722 ], [ 128.496619420193838, 42.023648729096273 ], [ 128.493090948278962, 42.025113412858502 ], [ 128.491344984198037, 42.02588999291779 ], [ 128.490632732760957, 42.026427651997892 ], [ 128.490186262801217, 42.027108159186724 ], [ 128.489962346495531, 42.027853349277237 ], [ 128.490080340288216, 42.028591018379721 ], [ 128.491539750271698, 42.029631591920648 ], [ 128.493424608880787, 42.030184525246163 ], [ 128.495416515006582, 42.030477675391992 ], [ 128.499378631978431, 42.031133191963619 ], [ 128.503406026185246, 42.031463954120682 ], [ 128.507336816418672, 42.030728614988604 ], [ 128.510583212748145, 42.028889265480103 ], [ 128.516607494889882, 42.024874632233697 ], [ 128.520106940422124, 42.023330872064484 ], [ 128.523423214886861, 42.021592153911769 ], [ 128.524945412356658, 42.020588246791327 ], [ 128.526569217859588, 42.01852327911449 ], [ 128.528227246736378, 42.015895652852628 ], [ 128.528497393394815, 42.014483149963255 ], [ 128.528783097341886, 42.012166978403727 ], [ 128.528596834911298, 42.010657744851201 ], [ 128.528571968597078, 42.009144437423998 ], [ 128.528814782604655, 42.008395038165531 ], [ 128.529353501137678, 42.007762991121844 ], [ 128.531203814930478, 42.007129814198905 ], [ 128.532210215197836, 42.007089084019626 ], [ 128.5340217016591, 42.008028538630143 ], [ 128.534813132352383, 42.00858819347831 ], [ 128.536151129034636, 42.009706479442769 ], [ 128.538075509370344, 42.011940005811354 ], [ 128.539918344053433, 42.012876275233694 ], [ 128.541905205344761, 42.01309911144191 ], [ 128.545857414123759, 42.012434765865564 ], [ 128.547977642922319, 42.01248155686379 ], [ 128.549610538207531, 42.012831238564843 ], [ 128.551489884482805, 42.013587552094627 ], [ 128.553197701109156, 42.014340947099349 ], [ 128.554662803873015, 42.015035404454949 ], [ 128.555790091181166, 42.015258225330903 ], [ 128.556630244120754, 42.015043024485635 ], [ 128.557093891012755, 42.014763952460576 ], [ 128.55709773662474, 42.013921399848464 ], [ 128.556645764894341, 42.012952246165845 ], [ 128.55527349670831, 42.011542645009463 ], [ 128.553565128271458, 42.010294030726413 ], [ 128.552273065686393, 42.009408937394873 ], [ 128.550900243880506, 42.007818327856633 ], [ 128.55088364473238, 42.006829472768423 ], [ 128.551083540106646, 42.00610177689915 ], [ 128.552886062537908, 42.005454379647439 ], [ 128.554770237240717, 42.005492910463765 ], [ 128.556857563976052, 42.005415087119211 ], [ 128.55888240051604, 42.005330706290025 ], [ 128.560834305111911, 42.004929611316115 ], [ 128.564535777418683, 42.003713089994065 ], [ 128.566548101751295, 42.003790425124166 ], [ 128.568436075031116, 42.004196450754677 ], [ 128.570338145686009, 42.004732016023432 ], [ 128.57233233471905, 42.004903556190598 ], [ 128.57434213116602, 42.004892930944301 ], [ 128.576338847782949, 42.005012825576458 ], [ 128.578096669110408, 42.005632986348644 ], [ 128.579438978028719, 42.00672169670591 ], [ 128.580729128409331, 42.008099499537579 ], [ 128.581266803772053, 42.008975249500729 ], [ 128.581267803799562, 42.008975249491904 ], [ 128.581666748942411, 42.012003735968925 ], [ 128.581153134437415, 42.013687016196272 ], [ 128.580180843983896, 42.015056548781935 ], [ 128.577652943647706, 42.017397996061419 ], [ 128.574468404098951, 42.019283862148974 ], [ 128.57197384962771, 42.021660776191858 ], [ 128.57130046058586, 42.023074400920059 ], [ 128.571138039244488, 42.025077937580555 ], [ 128.571104832682181, 42.027612770940998 ], [ 128.570688081208715, 42.029093584664572 ], [ 128.569882282746107, 42.030494619035196 ], [ 128.568403115411201, 42.031511867981713 ], [ 128.566746229018264, 42.032375284231961 ], [ 128.565845943354105, 42.033296535815303 ], [ 128.565714317361, 42.034169817567872 ], [ 128.566566287269694, 42.035070550447784 ], [ 128.567757196908815, 42.035644229058114 ], [ 128.570101439604741, 42.035933890297009 ], [ 128.572066340520365, 42.036565360639692 ], [ 128.573650669452036, 42.037725891118498 ], [ 128.575570898552371, 42.03878774622477 ], [ 128.577159686214429, 42.039292912451153 ], [ 128.57916974913843, 42.039456330629029 ], [ 128.581098074890946, 42.039307353833813 ], [ 128.58351931957128, 42.039378575895078 ], [ 128.585259016711433, 42.039499531720708 ], [ 128.589814416399406, 42.039731909078249 ], [ 128.593349079633811, 42.039341432232064 ], [ 128.597262594865953, 42.038484499063586 ], [ 128.599333913321175, 42.038392453714373 ], [ 128.601300939879764, 42.038742573964718 ], [ 128.602722732510472, 42.039184392719832 ], [ 128.604029813388848, 42.039607242894853 ], [ 128.605001020301728, 42.039724870316405 ], [ 128.608907563416949, 42.038878825658593 ], [ 128.610933565793715, 42.038760585028903 ], [ 128.613154912137901, 42.039282439751396 ], [ 128.614952941320439, 42.039881407980083 ], [ 128.616833490888524, 42.040699066975407 ], [ 128.619298446171229, 42.041893111847301 ], [ 128.621949336405379, 42.042476626936832 ], [ 128.623956218032703, 42.042418408545871 ], [ 128.627861094787988, 42.041577138870657 ], [ 128.631816472450566, 42.040924220163546 ], [ 128.639939712875702, 42.04089380237378 ], [ 128.644207265507191, 42.0414820347698 ], [ 128.648122905243042, 42.042345724208936 ], [ 128.650897847822534, 42.042719175758442 ], [ 128.652863155019531, 42.042663964472659 ], [ 128.653814546099596, 42.042437837505325 ], [ 128.655573146450109, 42.041681401569761 ], [ 128.658124794640571, 42.039325344831951 ], [ 128.661530965910515, 42.037673002662217 ], [ 128.662680817603899, 42.03709723407065 ], [ 128.663052980516028, 42.036216293790019 ], [ 128.662749380734795, 42.035030268215067 ], [ 128.662155505091761, 42.033581173582178 ], [ 128.662063866377821, 42.032823634245702 ], [ 128.662304712448218, 42.032082347999285 ], [ 128.662943800644143, 42.031500659905376 ], [ 128.663879183559544, 42.031184390231985 ], [ 128.665906944325769, 42.031136514306475 ], [ 128.670098688269547, 42.031917837466665 ], [ 128.673728428367468, 42.032749417527718 ], [ 128.67543947883064, 42.033514642453603 ], [ 128.676986004489635, 42.034522699101366 ], [ 128.678286510479865, 42.035742948792446 ], [ 128.680077987037805, 42.03678206476873 ], [ 128.683339118172029, 42.03791645983555 ], [ 128.684395402030646, 42.039014307469607 ], [ 128.68502329943712, 42.040510461730541 ], [ 128.684933639765973, 42.043667479820094 ], [ 128.685590892091568, 42.046265129546263 ], [ 128.686386473828776, 42.047997871661195 ], [ 128.687631290013854, 42.04923262838949 ], [ 128.689592492129464, 42.050118504337092 ], [ 128.691548826725153, 42.050429520634843 ], [ 128.695174513414457, 42.050650672246149 ], [ 128.697719253315711, 42.051023483801195 ], [ 128.69986147510204, 42.05149502614892 ], [ 128.703250319653762, 42.052901601721722 ], [ 128.706411170453947, 42.055339173297547 ], [ 128.7064121704814, 42.055339173288687 ], [ 128.709082820630869, 42.057109822562218 ], [ 128.712339071895514, 42.058748746032713 ], [ 128.715995077107948, 42.060288735249515 ], [ 128.719474377649902, 42.061861449699819 ], [ 128.72198733354557, 42.063426748985876 ], [ 128.725311062342541, 42.065769327823794 ], [ 128.728071766926945, 42.067606305166329 ], [ 128.730432625699081, 42.068502312364345 ], [ 128.732568587963215, 42.068944196579118 ], [ 128.734790499734657, 42.068886940152204 ], [ 128.737264194768642, 42.068518157455081 ], [ 128.74428404375314, 42.06767509241233 ], [ 128.750138079263053, 42.067485892471929 ], [ 128.752389112769293, 42.067033491141146 ], [ 128.75429831981495, 42.066582043591879 ], [ 128.755976607067481, 42.065725094059779 ], [ 128.759268824089929, 42.063954289946899 ], [ 128.762342778845039, 42.061957172368714 ], [ 128.766210128434864, 42.060092663463706 ], [ 128.769861206203046, 42.059070231591477 ], [ 128.773209447432265, 42.058103169920152 ], [ 128.774933181270171, 42.057329879343797 ], [ 128.776471616082802, 42.056320145860695 ], [ 128.777786400769571, 42.05514234679984 ], [ 128.778606762666726, 42.053781322487644 ], [ 128.77905650788162, 42.052300573253738 ], [ 128.779792225141421, 42.050882227935169 ], [ 128.781007230793165, 42.049655938738084 ], [ 128.782575710861124, 42.048691209727217 ], [ 128.789653340681014, 42.045716856660498 ], [ 128.793535043264939, 42.044865188804835 ], [ 128.79534941792619, 42.044186224980415 ], [ 128.797304710622939, 42.043767456123568 ], [ 128.801243944581529, 42.043032151640986 ], [ 128.803230451143861, 42.042737938012223 ], [ 128.804231531537056, 42.042882142872543 ], [ 128.80495323899811, 42.043396750779102 ], [ 128.805463975965125, 42.044044780352529 ], [ 128.805327690904335, 42.044803509970102 ], [ 128.804311454946827, 42.046088380248136 ], [ 128.802735808631695, 42.047068255776146 ], [ 128.80094707806353, 42.047772652887183 ], [ 128.799109363500236, 42.048397510703836 ], [ 128.797607352425558, 42.049417250183787 ], [ 128.794891030519352, 42.051668327805551 ], [ 128.792178848732817, 42.053913984602133 ], [ 128.789258862431836, 42.056015259919164 ], [ 128.788282372449089, 42.057333547214512 ], [ 128.787866874543113, 42.058016332185801 ], [ 128.787726457286567, 42.058810523944018 ], [ 128.788007946927536, 42.059034249941725 ], [ 128.788525305106816, 42.059099877716456 ], [ 128.789663182410322, 42.059159154919193 ], [ 128.791616976264152, 42.059190459958046 ], [ 128.793392919794343, 42.058453113264932 ], [ 128.794834957105309, 42.057383818509479 ], [ 128.797544411496233, 42.055133513904515 ], [ 128.798808474663701, 42.053948409467345 ], [ 128.80028013705757, 42.052917421435048 ], [ 128.803655878382216, 42.051225705169543 ], [ 128.807331280147508, 42.04994881410137 ], [ 128.809216124896778, 42.04939487896953 ], [ 128.810113207831421, 42.049013880340802 ], [ 128.810585247647055, 42.048364502991959 ], [ 128.810711124617512, 42.046874731929883 ], [ 128.810757195924737, 42.045470520699432 ], [ 128.811187065255695, 42.043833393870493 ], [ 128.811846212702505, 42.043286298507113 ], [ 128.812778686643725, 42.042972277142781 ], [ 128.814795035161524, 42.042886804440208 ], [ 128.815803973577829, 42.042764897852628 ], [ 128.81679805891622, 42.042390888481044 ], [ 128.816799058943673, 42.042390888472156 ], [ 128.818006581377574, 42.041259902919712 ], [ 128.81901368441973, 42.039942964438779 ], [ 128.820391881231899, 42.038847919400723 ], [ 128.822221564075988, 42.038173030169027 ], [ 128.823929346739305, 42.0373744216501 ], [ 128.825424353778942, 42.03634269897362 ], [ 128.82753619223061, 42.035392352688959 ], [ 128.829002802734209, 42.035300927688922 ], [ 128.830678564203509, 42.035334617469573 ], [ 128.832040530474501, 42.035203904325087 ], [ 128.832991832434544, 42.034920454324258 ], [ 128.834408676857066, 42.033853610771779 ], [ 128.83534604411625, 42.032503568891293 ], [ 128.835831630198498, 42.031842584662797 ], [ 128.836562717013578, 42.031325385069366 ], [ 128.838498868317004, 42.030864479965601 ], [ 128.840752585861793, 42.031104956138918 ], [ 128.842385348203948, 42.031544101864334 ], [ 128.844420164158095, 42.031778765559544 ], [ 128.846443763936264, 42.031819953485837 ], [ 128.848494029439763, 42.032032809702883 ], [ 128.850804798992954, 42.032054657431857 ], [ 128.852601693402363, 42.031962685308429 ], [ 128.853444547103066, 42.031870818651981 ], [ 128.854379544505207, 42.031545478033074 ], [ 128.855882749035004, 42.030492718332347 ], [ 128.857027788732665, 42.029257536508311 ], [ 128.85816304659275, 42.027995712394564 ], [ 128.858819568068611, 42.027412779259365 ], [ 128.860233395915287, 42.027104692834982 ], [ 128.867781386481226, 42.026613143364969 ], [ 128.871462881103838, 42.025744730105771 ], [ 128.872689989764439, 42.025870927200998 ], [ 128.873735999461388, 42.026496213103478 ], [ 128.875115999662228, 42.02771477629166 ], [ 128.876487442875458, 42.028059929339939 ], [ 128.87884301326099, 42.02840531399621 ], [ 128.882024929100311, 42.029407237220553 ], [ 128.883298308064582, 42.029359361430693 ], [ 128.884289048281119, 42.029156857993065 ], [ 128.886060483865066, 42.028435149029292 ], [ 128.887800221211023, 42.027643719417625 ], [ 128.889360668339492, 42.026708227708809 ], [ 128.891147126620808, 42.023988835698773 ], [ 128.892357085534968, 42.022771808705464 ], [ 128.89393841548744, 42.02182931141845 ], [ 128.897610626047026, 42.020544076662823 ], [ 128.899502402600774, 42.019997433225903 ], [ 128.901233983944564, 42.019213458646121 ], [ 128.904608538694788, 42.017533111074684 ], [ 128.90634421819604, 42.016739439938249 ], [ 128.908266797447453, 42.016270097128555 ], [ 128.912329548339073, 42.016300368579039 ], [ 128.914293283601779, 42.016606334563477 ], [ 128.916181148880014, 42.017196775159839 ], [ 128.9181479008694, 42.017510710827871 ], [ 128.920186347135228, 42.017541490068631 ], [ 128.923772404889917, 42.017381139776205 ], [ 128.925154335559938, 42.017600494890004 ], [ 128.926033441043614, 42.018006750545347 ], [ 128.927372299493754, 42.019287073996715 ], [ 128.92908743202068, 42.021254158862696 ], [ 128.930887354585053, 42.022378691979561 ], [ 128.933118332053596, 42.023178370540926 ], [ 128.934067333902505, 42.024505195807571 ], [ 128.934927843187126, 42.025852478120186 ], [ 128.936244446872024, 42.026925214940583 ], [ 128.938212525068906, 42.027737659713743 ], [ 128.940055446893297, 42.028050702626665 ], [ 128.941060495497368, 42.028425700813486 ], [ 128.941688383830694, 42.028956532459823 ], [ 128.942567025557167, 42.030174028652517 ], [ 128.943152214964584, 42.031641027272563 ], [ 128.943569772619611, 42.033201556893879 ], [ 128.944406421342478, 42.034637463456093 ], [ 128.946541117003449, 42.037010170201086 ], [ 128.94733608719315, 42.03832120936093 ], [ 128.948005184245346, 42.039881836176846 ], [ 128.948454788530967, 42.04288344383999 ], [ 128.947808015866116, 42.0443070406942 ], [ 128.946474725755706, 42.045439705005009 ], [ 128.945130391082898, 42.046567512780186 ], [ 128.944657009838522, 42.047234559215703 ], [ 128.944614573067867, 42.048021568239271 ], [ 128.945354058635417, 42.048490154150684 ], [ 128.946333045562369, 42.04869292537429 ], [ 128.948248136073573, 42.049132821366179 ], [ 128.949805539374722, 42.050153294407416 ], [ 128.9510452222097, 42.051359936260575 ], [ 128.951866135281762, 42.052731026441187 ], [ 128.952343454560292, 42.054212233898433 ], [ 128.952574518941418, 42.055713001931899 ], [ 128.95232402123608, 42.057227672433044 ], [ 128.951798947303956, 42.057861720474996 ], [ 128.951017005978144, 42.058358241614947 ], [ 128.94930616144535, 42.059174729142072 ], [ 128.947267504933478, 42.060421100330565 ], [ 128.946551748759276, 42.061343429341385 ], [ 128.944806843717373, 42.064079530558494 ], [ 128.944245494476519, 42.065532511831684 ], [ 128.944155637224497, 42.067042853533543 ], [ 128.944578529923263, 42.070049654663748 ], [ 128.944491211264534, 42.070803162012723 ], [ 128.943893650133958, 42.071400702089733 ], [ 128.942913657500185, 42.071582388462396 ], [ 128.941896149245594, 42.071551026312058 ], [ 128.939911902493833, 42.071249681204392 ], [ 128.938898850350171, 42.071410898053863 ], [ 128.938376496347104, 42.072032055244414 ], [ 128.938376989847171, 42.075058418690489 ], [ 128.938092690182458, 42.076564068712059 ], [ 128.938376110466805, 42.078059723543504 ], [ 128.938659244213113, 42.0787624244131 ], [ 128.939360609904071, 42.079321099288606 ], [ 128.939819461113359, 42.079992924941322 ], [ 128.940591022976491, 42.080489862101629 ], [ 128.943791135479159, 42.082602327361023 ], [ 128.949041938501409, 42.086962812822513 ], [ 128.949865640449502, 42.088229446609276 ], [ 128.949775578988096, 42.089061405495052 ], [ 128.948925937105997, 42.089427109849169 ], [ 128.945176346675623, 42.08924233386724 ], [ 128.943140339769514, 42.089132895911753 ], [ 128.941139460529712, 42.089330773825161 ], [ 128.939239648762964, 42.089872613170662 ], [ 128.936731275016143, 42.091126977405807 ], [ 128.93616933456002, 42.091806989045331 ], [ 128.935198446256209, 42.093080966929328 ], [ 128.934291951175311, 42.094449554861058 ], [ 128.932872582782409, 42.095537672900022 ], [ 128.931573086396213, 42.097005883562744 ], [ 128.931124673862826, 42.098236969612863 ], [ 128.931289395529376, 42.099046423572993 ], [ 128.931605839468403, 42.099756809928031 ], [ 128.931961936804754, 42.1004724396604 ], [ 128.932608556145937, 42.10103760786776 ], [ 128.933854722503781, 42.102230245285959 ], [ 128.934534797058092, 42.103713969639344 ], [ 128.93381620714058, 42.106775298050685 ], [ 128.934108503035588, 42.109619912683911 ], [ 128.933930145668711, 42.110357600184777 ], [ 128.933349524666738, 42.11097472635106 ], [ 128.931655212226417, 42.111836770439645 ], [ 128.92781636086309, 42.113853613317133 ], [ 128.92656281988161, 42.115050890115356 ], [ 128.92593452105811, 42.116947430405858 ], [ 128.926349731502285, 42.119169558025163 ], [ 128.926467413962314, 42.120209186291348 ], [ 128.926193634679322, 42.121383919525982 ], [ 128.92558326466073, 42.121992334224338 ], [ 128.924809422287154, 42.12290376639195 ], [ 128.924360972711298, 42.123901863276167 ], [ 128.924762690957976, 42.124601001317927 ], [ 128.925611968290553, 42.125067470044975 ], [ 128.927355820521768, 42.125534503181221 ], [ 128.92972645168706, 42.125502700190282 ], [ 128.931962114552192, 42.12620291954542 ], [ 128.933930138541285, 42.126237349813458 ], [ 128.935227743168269, 42.125772174702497 ], [ 128.935631109922269, 42.124973688109449 ], [ 128.935363656472759, 42.124074986094307 ], [ 128.934648738848125, 42.123375709838832 ], [ 128.933799973216594, 42.122376830675336 ], [ 128.932951825837137, 42.120812192965765 ], [ 128.932774299472811, 42.11951418004594 ], [ 128.933193008850878, 42.118545099966241 ], [ 128.933654566986348, 42.117874622747614 ], [ 128.935054605490649, 42.116760444707268 ], [ 128.937788332774289, 42.114458489919009 ], [ 128.939991192267911, 42.11200686166589 ], [ 128.940909178093392, 42.110662064258648 ], [ 128.941481087412853, 42.109209134222183 ], [ 128.942672686523366, 42.103551923659516 ], [ 128.944032306265058, 42.101927402480094 ], [ 128.944610635143277, 42.101322724374214 ], [ 128.945462002816043, 42.100895441774483 ], [ 128.946373193614932, 42.100564277559705 ], [ 128.947368502837691, 42.100442654538277 ], [ 128.949398506516502, 42.100620674877248 ], [ 128.952841803930994, 42.102200547673831 ], [ 128.954833266117134, 42.102527667494876 ], [ 128.956609842443015, 42.103236625075482 ], [ 128.958599782345289, 42.103530317526726 ], [ 128.960619294799272, 42.103445279629106 ], [ 128.964580669597524, 42.102777282356556 ], [ 128.968895436602082, 42.101514569062239 ], [ 128.971513239764562, 42.09956739751334 ], [ 128.973744736625036, 42.097779738332413 ], [ 128.974734002166514, 42.096912835584362 ], [ 128.975475891148164, 42.096473342656935 ], [ 128.976361877259677, 42.096790416112988 ], [ 128.976962220649909, 42.097397245791932 ], [ 128.977345283792801, 42.098011299476468 ], [ 128.977336512374535, 42.098771710202094 ], [ 128.976861439910238, 42.100242416820834 ], [ 128.976637804389469, 42.100981529469003 ], [ 128.976617269765541, 42.102218905399262 ], [ 128.977045956905499, 42.10311308703902 ], [ 128.97819970411993, 42.103383858242189 ], [ 128.979219672017223, 42.103267778719236 ], [ 128.981233185728229, 42.103040418240155 ], [ 128.982963825418693, 42.102475220199878 ], [ 128.98399619778408, 42.102335711243718 ], [ 128.98521619012692, 42.102475532474571 ], [ 128.986670749805484, 42.102929598642191 ], [ 128.988594505515152, 42.103802665668624 ], [ 128.98978738913371, 42.105190504263021 ], [ 128.990543163391749, 42.106294710775309 ], [ 128.991589573120109, 42.107599326057198 ], [ 128.992618639793392, 42.108192324288268 ], [ 128.994365846500926, 42.10911008006628 ], [ 128.996651494767093, 42.112279798778992 ], [ 128.997647178266845, 42.113419709184754 ], [ 128.998390230073909, 42.113917666858093 ], [ 128.999378297705277, 42.114111174972464 ], [ 129.001026433170978, 42.114067920115609 ], [ 129.001026250323235, 42.102732415524663 ], [ 128.999870592722317, 42.102955723225428 ], [ 128.998415935406399, 42.103229725671085 ], [ 128.997296484609706, 42.103434669744658 ], [ 128.995923638319169, 42.103306902351449 ], [ 128.995063638949205, 42.102859820259766 ], [ 128.994465090929225, 42.102029562034076 ], [ 128.993907520430383, 42.10056066214085 ], [ 128.99339292563144, 42.098580851232384 ], [ 128.993305271040953, 42.097239703424613 ], [ 128.993627438164651, 42.096136023920877 ], [ 128.994539557998053, 42.095218218486387 ], [ 128.99569210647249, 42.094486482277304 ], [ 128.997107828616578, 42.094078857550841 ], [ 128.99862716673718, 42.094134165862563 ], [ 129.000056020813844, 42.094530376150573 ], [ 129.001027127251092, 42.095097265543373 ], [ 129.00102604811903, 42.090189297756581 ], [ 128.992290420427736, 42.092237638490083 ], [ 128.989397501455755, 42.092368873690006 ], [ 128.986493369049413, 42.092226760899237 ], [ 128.984151225932521, 42.091911328227688 ], [ 128.980743600787974, 42.091568884628913 ], [ 128.977834992347596, 42.091455494740607 ], [ 128.974954170992447, 42.091719626716717 ], [ 128.972156937612482, 42.092321603810831 ], [ 128.969516288492855, 42.09322589597793 ], [ 128.967037386417843, 42.094337588882716 ], [ 128.96416721115466, 42.09479891255117 ], [ 128.962746009726089, 42.094638118788978 ], [ 128.961536640858299, 42.094025304058917 ], [ 128.960729705749856, 42.093110935049303 ], [ 128.960294757360487, 42.092073788950024 ], [ 128.959008352152182, 42.090141404895839 ], [ 128.95743678570463, 42.088315151804551 ], [ 128.955481524726736, 42.086723081603694 ], [ 128.95305619866599, 42.08552494895882 ], [ 128.948416077465737, 42.082911423167353 ], [ 128.947190263829214, 42.080969805373329 ], [ 128.94654603692058, 42.079528718586928 ], [ 128.946435019694889, 42.076698351780252 ], [ 128.946938926036154, 42.074563188181465 ], [ 128.947418763398389, 42.072427376732236 ], [ 128.947396627901099, 42.070207995295547 ], [ 128.945786200387658, 42.066156484083898 ], [ 128.946260004606046, 42.064017518626791 ], [ 128.947710087876402, 42.062133911964636 ], [ 128.948641835552536, 42.061302532173578 ], [ 128.949846953049672, 42.060721327217742 ], [ 128.952530563083855, 42.059826461793406 ], [ 128.955378939478067, 42.059411976908436 ], [ 128.956414158138728, 42.058658301471752 ], [ 128.956712221778503, 42.057597303270875 ], [ 128.956540379179444, 42.05543114392551 ], [ 128.955362495053436, 42.053468058166551 ], [ 128.952042970058812, 42.049919132940119 ], [ 128.950424867139844, 42.048100629304528 ], [ 128.949925963131534, 42.045978935676665 ], [ 128.95043048647878, 42.043861597665021 ], [ 128.951128190603185, 42.041761859017939 ], [ 128.951047026515596, 42.040680261645129 ], [ 128.950371157175255, 42.039726329321795 ], [ 128.94943776071122, 42.038897226023089 ], [ 128.94884833593872, 42.037902036231543 ], [ 128.948008694899784, 42.035834225365399 ], [ 128.946527994611728, 42.034204560329229 ], [ 128.945143925602764, 42.032061191263843 ], [ 128.945109382474982, 42.029883752940421 ], [ 128.945468478140299, 42.028857578565294 ], [ 128.946207250270021, 42.027915567580145 ], [ 128.946651314110056, 42.026881459407555 ], [ 128.946291324984884, 42.025831607660201 ], [ 128.945827419021015, 42.025394382646894 ], [ 128.945171956861998, 42.025246600004245 ], [ 128.943683039177131, 42.025394075335043 ], [ 128.940995202150958, 42.02615955201567 ], [ 128.939585636687156, 42.026424326006044 ], [ 128.938152139012857, 42.026295313651765 ], [ 128.937051326494696, 42.0255779950555 ], [ 128.936513584774701, 42.024570279793117 ], [ 128.936230953751704, 42.023498853048672 ], [ 128.935277398746166, 42.022690055406329 ], [ 128.932895831322952, 42.021457509037489 ], [ 128.930554669248153, 42.020175974136549 ], [ 128.928777336604583, 42.018463962349877 ], [ 128.927921020851954, 42.016401879809322 ], [ 128.926703445077777, 42.01585838579939 ], [ 128.925217606961269, 42.015845434402515 ], [ 128.922300531599092, 42.015948252499804 ], [ 128.919590022296774, 42.015213217474226 ], [ 128.918207015824976, 42.014911647535236 ], [ 128.917303904889849, 42.014061406617856 ], [ 128.917147572514779, 42.012976022063746 ], [ 128.916842689925346, 42.011965381392017 ], [ 128.91557942387405, 42.011385293116156 ], [ 128.914155377714735, 42.011210266379436 ], [ 128.911248604013991, 42.011176152392373 ], [ 128.908322299986821, 42.011050139125736 ], [ 128.906931641353623, 42.011311355268617 ], [ 128.905743070199748, 42.011945433017821 ], [ 128.904110306426958, 42.013726085705244 ], [ 128.902123908152589, 42.015295962561524 ], [ 128.899435188337122, 42.016077523938378 ], [ 128.895176642508915, 42.016921214395865 ], [ 128.893824346897247, 42.017204364053327 ], [ 128.892690063828127, 42.017844896895035 ], [ 128.891803713261481, 42.018734688799299 ], [ 128.890470586322891, 42.020638318573944 ], [ 128.889506849944155, 42.022685022434224 ], [ 128.888652502121829, 42.024775408451916 ], [ 128.886711687163626, 42.026375622381501 ], [ 128.884890049552553, 42.02697706870034 ], [ 128.884139762451326, 42.027159261834747 ], [ 128.881262989570189, 42.027437769148051 ], [ 128.878555498151172, 42.027097703631796 ], [ 128.877474131316092, 42.026334725435838 ], [ 128.877235662339132, 42.025214135177571 ], [ 128.877239972668178, 42.022973467308461 ], [ 128.87694084629257, 42.022121692629298 ], [ 128.876243340636449, 42.021602926636724 ], [ 128.875509164552057, 42.021662852275291 ], [ 128.873878373147619, 42.022487139574444 ], [ 128.873212635805828, 42.022929413865967 ], [ 128.872149354957827, 42.023660699466227 ], [ 128.870792777081988, 42.024061749821982 ], [ 128.859250673225006, 42.025022482031041 ], [ 128.856477608717967, 42.025642703432098 ], [ 128.855351340700679, 42.026330946394708 ], [ 128.854699211240785, 42.027290247191807 ], [ 128.853894036251035, 42.029375014885325 ], [ 128.852777394789655, 42.03003835356791 ], [ 128.8514298120283, 42.030023483549336 ], [ 128.849987553818465, 42.029349405704906 ], [ 128.84854511940415, 42.028764937763697 ], [ 128.845983067390819, 42.028374268464447 ], [ 128.843494987763194, 42.027458575239578 ], [ 128.841870957437862, 42.027366721094332 ], [ 128.840128304687767, 42.026602480130812 ], [ 128.838416419157085, 42.025480668869392 ], [ 128.837022626004057, 42.025169229145163 ], [ 128.835626105005218, 42.025454260543789 ], [ 128.833736422921817, 42.027100922952791 ], [ 128.83254924487909, 42.029076491646435 ], [ 128.830812764042093, 42.030794938649876 ], [ 128.829140686344005, 42.03255912279041 ], [ 128.828006650637604, 42.033210114713185 ], [ 128.826583410731928, 42.033462238815474 ], [ 128.823677751754275, 42.033554933568283 ], [ 128.820768306624615, 42.033682974118221 ], [ 128.819478158334221, 42.034162341794691 ], [ 128.818735984964633, 42.034982839660138 ], [ 128.818411024522902, 42.036502064836107 ], [ 128.818000088501066, 42.037500099342822 ], [ 128.817035841060971, 42.038301855424564 ], [ 128.81614163792301, 42.038772853991389 ], [ 128.814786750177745, 42.039861407897931 ], [ 128.814260454992933, 42.040403320228769 ], [ 128.813441365961893, 42.041378965618755 ], [ 128.812375992232546, 42.042031246922782 ], [ 128.811018772940685, 42.042395397766839 ], [ 128.80955321084042, 42.042491132067866 ], [ 128.808092293446833, 42.042567111723571 ], [ 128.806762460620916, 42.042431730811224 ], [ 128.805830391695793, 42.042169632876664 ], [ 128.803975643918392, 42.041567399040993 ], [ 128.801479964013907, 42.040424357382165 ], [ 128.800082183638068, 42.040139801633444 ], [ 128.798627728218094, 42.040172916612676 ], [ 128.795785049297166, 42.040620703704654 ], [ 128.794341253140516, 42.04049294824469 ], [ 128.793011487482232, 42.040054803709864 ], [ 128.791719551416378, 42.039633914535415 ], [ 128.790351686471041, 42.040058399570981 ], [ 128.788297985637115, 42.041573556050174 ], [ 128.78687037932346, 42.041799989521408 ], [ 128.785046683577917, 42.041516052630477 ], [ 128.782944073073907, 42.040526203681701 ], [ 128.780184246650606, 42.040112479272729 ], [ 128.779023353196038, 42.039505978584081 ], [ 128.778280986287939, 42.038559384476791 ], [ 128.777399438060655, 42.036500305512384 ], [ 128.776612243842237, 42.035596348931364 ], [ 128.775476006192974, 42.034914994052478 ], [ 128.773092650819393, 42.03367363649604 ], [ 128.771707538624895, 42.033354097327553 ], [ 128.770317688872865, 42.033681102365982 ], [ 128.769251623440937, 42.034414046332735 ], [ 128.768660563735722, 42.035401321712712 ], [ 128.767273201926713, 42.037298333845634 ], [ 128.765147392753988, 42.038787513861472 ], [ 128.762394181201245, 42.039437170846107 ], [ 128.759501882386104, 42.039587620121338 ], [ 128.756601158303198, 42.03974021139377 ], [ 128.755479259142078, 42.040404653283979 ], [ 128.754635531169981, 42.041299599038169 ], [ 128.753666284772095, 42.043333058488571 ], [ 128.75210800913456, 42.045140704203263 ], [ 128.751139855857588, 42.045962020374184 ], [ 128.750501429988731, 42.046922985827472 ], [ 128.749834029879167, 42.047835077125626 ], [ 128.749064667037487, 42.048781869701784 ], [ 128.747058367964087, 42.049733555127737 ], [ 128.745128653281938, 42.050082214259326 ], [ 128.743596512454303, 42.050129192633158 ], [ 128.741072295586463, 42.049316887944954 ], [ 128.739689767299012, 42.048932849365741 ], [ 128.738215793194485, 42.048839868988509 ], [ 128.732495208143746, 42.049722943662495 ], [ 128.7308390897484, 42.0500103578539 ], [ 128.729515834492474, 42.049850399745331 ], [ 128.728948144947822, 42.048907984769663 ], [ 128.728943944299886, 42.047610760340675 ], [ 128.729363230415117, 42.045469559827787 ], [ 128.729568542847659, 42.04451775221316 ], [ 128.72963279916209, 42.043554419301415 ], [ 128.72912571381633, 42.042522518901094 ], [ 128.727954955851459, 42.041914769446429 ], [ 128.725220577971669, 42.041253832399406 ], [ 128.722205455782557, 42.041251068922946 ], [ 128.721554934104887, 42.041093114182338 ], [ 128.721197959140483, 42.040648712395367 ], [ 128.720906300991999, 42.039564533240622 ], [ 128.720012953547837, 42.038709305730599 ], [ 128.718988230711204, 42.038143061821543 ], [ 128.716071683663017, 42.037491610426855 ], [ 128.714075700132611, 42.036520245223777 ], [ 128.712879213651263, 42.035369171591029 ], [ 128.712468871963381, 42.034339267699927 ], [ 128.711708379942536, 42.032255720155568 ], [ 128.710711528281706, 42.031470504715699 ], [ 128.70939765304189, 42.031000548012706 ], [ 128.706479187719566, 42.030869845787372 ], [ 128.705159584615558, 42.030478642329662 ], [ 128.70415533798257, 42.029671185228302 ], [ 128.703572858671862, 42.028694092170731 ], [ 128.703474045828557, 42.027603550101716 ], [ 128.703420230306364, 42.02544178642443 ], [ 128.702156010741106, 42.023494184878714 ], [ 128.69978298111306, 42.022243830854556 ], [ 128.697197487573163, 42.021409338882485 ], [ 128.694401122591501, 42.020876027689425 ], [ 128.693251895378779, 42.02019833549565 ], [ 128.692392205086179, 42.019230091713389 ], [ 128.692006081373478, 42.018217116230801 ], [ 128.691903520277322, 42.016996474819834 ], [ 128.69244836161559, 42.016117759179181 ], [ 128.692677012182941, 42.015643066233771 ], [ 128.692617564406788, 42.015167601680659 ], [ 128.692247974753627, 42.01499795295468 ], [ 128.691478814162707, 42.014934377341717 ], [ 128.69008964920539, 42.015329210916789 ], [ 128.688732413112348, 42.015528474458272 ], [ 128.687318575940651, 42.015243328663878 ], [ 128.685098360734713, 42.013853172389339 ], [ 128.683802344560831, 42.013359584172825 ], [ 128.682355116485041, 42.013298595375268 ], [ 128.679470959100598, 42.013437052072099 ], [ 128.676579373049975, 42.013279798940943 ], [ 128.675197468675492, 42.013637518746066 ], [ 128.674133970265871, 42.014354377972481 ], [ 128.672570788093054, 42.016173064434817 ], [ 128.67133466910812, 42.016751671171697 ], [ 128.669951291269939, 42.017072686169016 ], [ 128.667121392683583, 42.017540405693666 ], [ 128.664722745111618, 42.018761207124129 ], [ 128.663384769969525, 42.019201117859708 ], [ 128.661947329702912, 42.019351887825984 ], [ 128.659152918729433, 42.018758652734597 ], [ 128.656316206810459, 42.018314659653186 ], [ 128.653864883930169, 42.017154393804717 ], [ 128.652417243882269, 42.017243077047809 ], [ 128.651900902263151, 42.01762307461351 ], [ 128.651719642848576, 42.018150282599031 ], [ 128.651633201325524, 42.018434046715342 ], [ 128.651919172963801, 42.019356323439489 ], [ 128.652248142499673, 42.020282182260942 ], [ 128.652709012164365, 42.021273802361833 ], [ 128.653215040878649, 42.021871538307956 ], [ 128.653890745171054, 42.022487851076143 ], [ 128.654158404746255, 42.023185716160256 ], [ 128.653821738622355, 42.024242082214315 ], [ 128.65326718739442, 42.025250396963706 ], [ 128.653513559944543, 42.026231570435833 ], [ 128.653868167063905, 42.027384740089339 ], [ 128.653551768629967, 42.028689498054817 ], [ 128.652127990742173, 42.030000048450368 ], [ 128.64957760027437, 42.031050385973138 ], [ 128.647193416202327, 42.032292238627882 ], [ 128.644492491873791, 42.033073101084078 ], [ 128.642099999994599, 42.034271401719465 ], [ 128.640017414834091, 42.035786044605601 ], [ 128.63743616951524, 42.036772787589662 ], [ 128.634631641451932, 42.037341872073718 ], [ 128.631822301930669, 42.037905841600093 ], [ 128.630368747287434, 42.037943718213462 ], [ 128.628907530286426, 42.037829249823979 ], [ 128.627621223060231, 42.037364245846867 ], [ 128.626595878255074, 42.036451988736999 ], [ 128.624859688475652, 42.034703990774844 ], [ 128.622834620807311, 42.03315443032497 ], [ 128.620160914544556, 42.032319021623529 ], [ 128.617342486415794, 42.031773239325567 ], [ 128.614770299820691, 42.030803598930383 ], [ 128.613639581747975, 42.030290239925463 ], [ 128.612146152443643, 42.030016380128565 ], [ 128.609455109450039, 42.030601524601956 ], [ 128.607367707305713, 42.032114689451873 ], [ 128.606015872925809, 42.032412133066813 ], [ 128.604462129693644, 42.032063933338392 ], [ 128.602305426945264, 42.030673965052294 ], [ 128.600924997666965, 42.028825816310793 ], [ 128.60037018469319, 42.026865318424164 ], [ 128.599654252761496, 42.025941144306792 ], [ 128.598935203815785, 42.025516198796403 ], [ 128.598368400277167, 42.025475814376236 ], [ 128.595412010236402, 42.025646945233262 ], [ 128.593995954508898, 42.025338940884161 ], [ 128.5929014114121, 42.024627245224664 ], [ 128.591055567477639, 42.022065978868753 ], [ 128.590752286042346, 42.020615974948136 ], [ 128.591466403397902, 42.018522904781754 ], [ 128.592871454283681, 42.016616400341015 ], [ 128.593575923404273, 42.015668523125868 ], [ 128.593903513908316, 42.014623891392489 ], [ 128.593357439551426, 42.012500691277978 ], [ 128.590158021494688, 42.00903552541552 ], [ 128.589247361181009, 42.006832748504898 ], [ 128.588225187437445, 42.006055500329538 ], [ 128.586935758743749, 42.005562676900354 ], [ 128.584100978677213, 42.005288609297693 ], [ 128.582815150335421, 42.004899909371929 ], [ 128.58183122294372, 42.00392342630149 ], [ 128.580256542397677, 42.002144736708587 ], [ 128.577894499785231, 42.000868761844494 ], [ 128.575140206427818, 42.00047456580608 ], [ 128.572305953347637, 42.000483243752093 ], [ 128.571008566327833, 42.000315020053655 ], [ 128.571009566355315, 42.000315020044837 ], [ 128.557083270227139, 42.000307625266231 ], [ 128.548606216980687, 42.000302298107229 ], [ 128.547830954408795, 42.000863197433219 ], [ 128.546444630820673, 42.002750846365146 ] ] ] ] } },
{ "type": "Feature", "properties": { "DSN": "Ⅳ级阶地                                ", "DSO": "Q↓1                ", "DSO_TXT": "Q1", "CHFCAC": "K5215D01D00037", "SHEET": "K5215" }, "geometry": { "type": "MultiPolygon", "coordinates": [ [ [ [ 129.001026178954561, 42.098306194241133 ], [ 128.999484517789881, 42.098453313392625 ], [ 128.998540747272898, 42.098581032199171 ], [ 128.998283343127582, 42.099091941747972 ], [ 128.998539724534623, 42.099570923959291 ], [ 128.999484505870299, 42.099922184675677 ], [ 129.001027204670493, 42.099899485668146 ], [ 129.001027204670493, 42.099899485668146 ], [ 129.001026231716594, 42.101578544316887 ], [ 129.001026231716594, 42.101578544316887 ], [ 128.99953019431851, 42.101408163225642 ], [ 128.997809761823987, 42.100973174000359 ], [ 128.996971642750424, 42.100708638791588 ], [ 128.996310502825679, 42.100235148912091 ], [ 128.995870778210474, 42.098921106601331 ], [ 128.996009512593588, 42.098255140225397 ], [ 128.996521439551543, 42.097691602424575 ], [ 128.998056835184599, 42.09697905887959 ], [ 129.001026154210791, 42.096771374868226 ], [ 129.001026154210791, 42.096771374868226 ], [ 129.001026178954561, 42.098306194241133 ] ] ] ] } },
{ "type": "Feature", "properties": { "DSN": "军舰山玄武岩                            ", "DSO": "βQ↓1              ", "DSO_TXT": "βQ1", "CHFCAC": "K5215D01D00038", "SHEET": "K5215" }, "geometry": { "type": "MultiPolygon", "coordinates": [ [ [ [ 129.001026178954561, 42.098306194241133 ], [ 128.999484517789881, 42.098453313392625 ], [ 128.998540747272898, 42.098581032199171 ], [ 128.998283343127582, 42.099091941747972 ], [ 128.998539724534623, 42.099570923959291 ], [ 128.999484505870299, 42.099922184675677 ], [ 129.001027204670493, 42.099899485668146 ], [ 129.001027204670493, 42.099899485668146 ], [ 129.001026178954561, 42.098306194241133 ] ] ] ] } },
{ "type": "Feature", "properties": { "DSN": "军舰山玄武岩                            ", "DSO": "βQ↓1              ", "DSO_TXT": "βQ1", "CHFCAC": "K5215D01D00039", "SHEET": "K5215" }, "geometry": { "type": "MultiPolygon", "coordinates": [ [ [ [ 128.570323748468354, 42.00022621793061 ], [ 128.568525669513974, 41.999413001265779 ], [ 128.56680297650459, 41.998888067131304 ], [ 128.564085387273906, 41.998800972411068 ], [ 128.561212183783994, 41.999237960644543 ], [ 128.558536678890789, 42.000097616099673 ], [ 128.557082270199601, 42.000307625275049 ], [ 128.557083270227139, 42.000307625266231 ], [ 128.571008562147711, 42.000315019511611 ], [ 128.570323748468354, 42.00022621793061 ] ] ], [ [ [ 128.571009566355315, 42.000315020044837 ], [ 128.571008562147711, 42.000315019511611 ], [ 128.571008566327833, 42.000315020053655 ], [ 128.571009566355315, 42.000315020044837 ] ] ] ] } },
{ "type": "Feature", "properties": { "DSN": "军舰山玄武岩                            ", "DSO": "βQ↓1              ", "DSO_TXT": "βQ1", "CHFCAC": "K5215D01D00040", "SHEET": "K5215" }, "geometry": { "type": "MultiPolygon", "coordinates": [ [ [ [ 128.55307877524541, 41.999526717364937 ], [ 128.550119824550421, 41.999687977329714 ], [ 128.54898374979885, 42.000029149138918 ], [ 128.548606217860737, 42.000302297470526 ], [ 128.548605217833227, 42.000302297479344 ], [ 128.557082258168577, 42.000307624630231 ], [ 128.55562963164445, 42.000229769433183 ], [ 128.55307877524541, 41.999526717364937 ] ] ], [ [ [ 128.557082270199601, 42.000307625275049 ], [ 128.557083270227139, 42.000307625266231 ], [ 128.557082258168577, 42.000307624630231 ], [ 128.557082270199601, 42.000307625275049 ] ] ] ] } },
{ "type": "Feature", "properties": { "DSN": "广平玄武岩                              ", "DSO": "βQ↓3              ", "DSO_TXT": "βQ3", "CHFCAC": "K5215D01D00041", "SHEET": "K5215" }, "geometry": { "type": "MultiPolygon", "coordinates": [ [ [ [ 128.454836524554764, 42.019268996111116 ], [ 128.45522457049816, 42.019514781537815 ], [ 128.455838824698077, 42.019489742510657 ], [ 128.456949752064645, 42.019294039402155 ], [ 128.457765934358292, 42.01868895662254 ], [ 128.458671392076923, 42.017116816246826 ], [ 128.460034311669858, 42.015749492546568 ], [ 128.461844232081091, 42.01469979257142 ], [ 128.463466720074194, 42.013496004367269 ], [ 128.464696450246748, 42.012037913363592 ], [ 128.464895844030508, 42.011226761174413 ], [ 128.464605156009469, 42.010387708206132 ], [ 128.464537815852736, 42.009545037381585 ], [ 128.464803379283438, 42.008699393176215 ], [ 128.466027687365056, 42.007272910680989 ], [ 128.467737425280859, 42.006109377619502 ], [ 128.469908271791667, 42.00561788053782 ], [ 128.474466289952346, 42.005275908335598 ], [ 128.479043131388579, 42.005096818701617 ], [ 128.481095121846607, 42.004328351404318 ], [ 128.482110374255512, 42.002831680751065 ], [ 128.483795898457885, 42.001642772934595 ], [ 128.484414250404683, 42.000922126179745 ], [ 128.484574116657853, 42.000277623056441 ], [ 128.484575116685392, 42.000277623047637 ], [ 128.487858184525891, 42.000274440226391 ], [ 128.487858184525891, 42.000274440226391 ], [ 128.484370453993222, 42.003742937355526 ], [ 128.482533856154618, 42.005581062985236 ], [ 128.4813878896841, 42.006314513658168 ], [ 128.480033855888706, 42.006845039095793 ], [ 128.477082193101069, 42.007412000523324 ], [ 128.474049944672885, 42.007643674533846 ], [ 128.471039705980644, 42.008006483367275 ], [ 128.46959864390567, 42.00842713662972 ], [ 128.468371817066526, 42.009093488291349 ], [ 128.465216696207506, 42.012973179791928 ], [ 128.460988481989318, 42.016276987913741 ], [ 128.459243591973461, 42.018113337349007 ], [ 128.457963723279647, 42.020191183890724 ], [ 128.456450225713098, 42.022169340236452 ], [ 128.454389526141057, 42.023842774642766 ], [ 128.451500419697254, 42.027845234636153 ], [ 128.450517590105278, 42.028719471185113 ], [ 128.449299521704006, 42.029401439646996 ], [ 128.446846361058448, 42.030734890268427 ], [ 128.443547709870614, 42.034574663099846 ], [ 128.442503521101571, 42.035414298409897 ], [ 128.441234352300597, 42.036031275775329 ], [ 128.438257194363615, 42.036590093801955 ], [ 128.435224144819188, 42.036844984112847 ], [ 128.433752925520793, 42.037176535228298 ], [ 128.432445867797128, 42.037695841420934 ], [ 128.431108458177789, 42.038274597506422 ], [ 128.430318926602496, 42.038492812496266 ], [ 128.429594354966355, 42.038480977441701 ], [ 128.429107308456651, 42.038096690229324 ], [ 128.428837425360541, 42.037504817038275 ], [ 128.428681707552045, 42.036366474471755 ], [ 128.428849058748824, 42.034105556416534 ], [ 128.428783016386348, 42.032945740760297 ], [ 128.42841745770437, 42.03184667244345 ], [ 128.427644018186328, 42.030888029067206 ], [ 128.426476919659649, 42.030055564050471 ], [ 128.425781839935297, 42.02985927182641 ], [ 128.425052850311147, 42.029966232867025 ], [ 128.423964953089097, 42.030785004345589 ], [ 128.422499429552943, 42.032777993271125 ], [ 128.421428582438011, 42.033602504776503 ], [ 128.420164960975796, 42.034259212008109 ], [ 128.418762582019269, 42.034701477184406 ], [ 128.417274609490676, 42.03493598791114 ], [ 128.414259719259604, 42.035373287221802 ], [ 128.411527420610071, 42.036349525157142 ], [ 128.409156210010167, 42.037797421580386 ], [ 128.405490316588413, 42.041425748763693 ], [ 128.404296506099229, 42.042131391828434 ], [ 128.402934245906721, 42.0426528452859 ], [ 128.399994573908032, 42.043232473833939 ], [ 128.396900141925641, 42.043294184446545 ], [ 128.395463198040062, 42.043557876295658 ], [ 128.394349080218319, 42.044363590025007 ], [ 128.393645255749476, 42.045410416078688 ], [ 128.393260196941981, 42.046510350901571 ], [ 128.392627954684627, 42.048713757465762 ], [ 128.392060334891511, 42.050975630797019 ], [ 128.391776208253475, 42.052111873894063 ], [ 128.391037940228216, 42.053042568565026 ], [ 128.388405695224009, 42.054306533254142 ], [ 128.385692212495627, 42.05532644730507 ], [ 128.382829364059972, 42.056107307377687 ], [ 128.379809125803632, 42.056449082929731 ], [ 128.376754982144803, 42.056429371841958 ], [ 128.373731288402013, 42.056654149658293 ], [ 128.370715864816304, 42.057088034752617 ], [ 128.36768744385688, 42.057218969206815 ], [ 128.361741212888546, 42.056162349528762 ], [ 128.356011256190499, 42.054614636819956 ], [ 128.353055024951914, 42.054052675382437 ], [ 128.350023538036652, 42.053721494640101 ], [ 128.347001139038582, 42.053411749910509 ], [ 128.344126749486804, 42.05268209495096 ], [ 128.338814660035325, 42.050406525992088 ], [ 128.33609341112674, 42.049410106516945 ], [ 128.333175925344932, 42.048739716665942 ], [ 128.327094749474384, 42.048082963337045 ], [ 128.324149900292184, 42.04756743433223 ], [ 128.321309295567914, 42.046735476661489 ], [ 128.31834587150027, 42.046173819621458 ], [ 128.31529045290273, 42.046132843260615 ], [ 128.309334880390139, 42.047122636333413 ], [ 128.303375955881449, 42.048109403618902 ], [ 128.30033312002962, 42.04834833550666 ], [ 128.29727584773434, 42.048335309975641 ], [ 128.294261602091325, 42.048000595970059 ], [ 128.291326781670676, 42.047363991104426 ], [ 128.285689315509472, 42.045610861560824 ], [ 128.279937311470121, 42.044137783425384 ], [ 128.276956025299711, 42.043624749893503 ], [ 128.273929914595982, 42.043381615865485 ], [ 128.270924136604151, 42.043743053433175 ], [ 128.268037159458601, 42.044496379931303 ], [ 128.262416129939226, 42.046279381333996 ], [ 128.256917852904678, 42.048213950711201 ], [ 128.251626838539522, 42.050540127275852 ], [ 128.249391324435692, 42.05207295233707 ], [ 128.24768165517898, 42.053947138156218 ], [ 128.245956541753941, 42.055830513988035 ], [ 128.243765315421143, 42.057413430351247 ], [ 128.238619139012059, 42.059855336761586 ], [ 128.23333813633792, 42.062130013045696 ], [ 128.2282159418248, 42.064603270515825 ], [ 128.223566498349186, 42.067549342224119 ], [ 128.221561281953967, 42.06927096775361 ], [ 128.219960334720696, 42.071208642185013 ], [ 128.219038085667478, 42.073382855574152 ], [ 128.218927948779111, 42.075662200647884 ], [ 128.218829919522534, 42.076790744721883 ], [ 128.218393686324305, 42.077877755169517 ], [ 128.217563768000304, 42.078856751637161 ], [ 128.21638440731104, 42.079587509455621 ], [ 128.214945332222783, 42.079900353027597 ], [ 128.213387949629379, 42.079936453972415 ], [ 128.210325605335356, 42.079930242215596 ], [ 128.207271155636164, 42.079840690673564 ], [ 128.205749914959483, 42.079906287099689 ], [ 128.20427359412912, 42.080205328568731 ], [ 128.202903745421963, 42.080740311379309 ], [ 128.201715144253711, 42.081466442895085 ], [ 128.199946823113692, 42.083321040614749 ], [ 128.199100895960498, 42.0854815844312 ], [ 128.198599516156605, 42.087746554963751 ], [ 128.197997849827232, 42.088803211246983 ], [ 128.197001375266183, 42.089645179918982 ], [ 128.19423971800785, 42.090659935406968 ], [ 128.191263044474965, 42.091150437455603 ], [ 128.188222414821155, 42.09127095882085 ], [ 128.185176260617908, 42.090995942446924 ], [ 128.183658056929943, 42.090963752139452 ], [ 128.182178028675906, 42.091238258587083 ], [ 128.182178028675906, 42.091238258587083 ], [ 128.180221673238862, 42.087269346132771 ], [ 128.175106317104422, 42.078816401027076 ], [ 128.173771830573486, 42.076686143800416 ], [ 128.173088625625724, 42.074457187497913 ], [ 128.173351955990768, 42.069803739942969 ], [ 128.173205364912263, 42.065173280123744 ], [ 128.173252916955192, 42.062851248481834 ], [ 128.173658586395391, 42.060541269725434 ], [ 128.174506267954285, 42.058306992823333 ], [ 128.1758618302309, 42.056222967118508 ], [ 128.177821120041642, 42.054373280879524 ], [ 128.179034223048347, 42.053622422767781 ], [ 128.180387617788767, 42.053078570770182 ], [ 128.186529859254904, 42.052128723413531 ], [ 128.18794607287208, 42.051662802024275 ], [ 128.189158353631029, 42.050964402904235 ], [ 128.191397062873961, 42.049338477986943 ], [ 128.196663058406443, 42.046850556444753 ], [ 128.198992123726782, 42.045319448792497 ], [ 128.200901101880675, 42.043477407233411 ], [ 128.202530597046234, 42.041491706012437 ], [ 128.204403195117266, 42.039672581283838 ], [ 128.205535117679204, 42.038841293521877 ], [ 128.206830410266889, 42.038184260296376 ], [ 128.208338752991807, 42.038100550772363 ], [ 128.209911546709748, 42.038366187412898 ], [ 128.215970702399744, 42.039418443333155 ], [ 128.217432811285732, 42.039787912828245 ], [ 128.218754641569035, 42.040373811467035 ], [ 128.221169663970613, 42.041880473083424 ], [ 128.223426889080429, 42.043476094306584 ], [ 128.225288319699132, 42.045334605047998 ], [ 128.227704267297952, 42.046781858629181 ], [ 128.230442023314509, 42.047925230270025 ], [ 128.233073723267069, 42.049145759198503 ], [ 128.235551971356898, 42.050561615424598 ], [ 128.240862370628662, 42.053000889749782 ], [ 128.242284286242295, 42.053456514321745 ], [ 128.243801741878684, 42.053412023372275 ], [ 128.244639692580648, 42.053251113718133 ], [ 128.245109761589958, 42.052875512999208 ], [ 128.24453182770236, 42.051758443647664 ], [ 128.24203990164736, 42.050369567011245 ], [ 128.240846055931797, 42.049645298864156 ], [ 128.239880359418436, 42.048737596331854 ], [ 128.237925214309286, 42.046925008231334 ], [ 128.235621391018782, 42.045355543446483 ], [ 128.2330616020229, 42.044043479000109 ], [ 128.230159712014739, 42.043194386642107 ], [ 128.22747544933415, 42.042049099864215 ], [ 128.225087660671306, 42.040530406681725 ], [ 128.220235186961162, 42.03763592580966 ], [ 128.214758970700842, 42.035440848528673 ], [ 128.213472951983334, 42.034765287564873 ], [ 128.212558772751891, 42.033851728812763 ], [ 128.212111896146098, 42.032705962923615 ], [ 128.212372886768605, 42.031601224044174 ], [ 128.213460301461339, 42.030726039400591 ], [ 128.214810523191971, 42.03025423501871 ], [ 128.216382509555842, 42.030467891193801 ], [ 128.217874364219142, 42.030918447002996 ], [ 128.220603112657074, 42.031962806940143 ], [ 128.223494995699809, 42.032860548665184 ], [ 128.225005549367836, 42.032839275274327 ], [ 128.226271268364684, 42.032097158712943 ], [ 128.226353260960593, 42.031584378119454 ], [ 128.225895757312259, 42.031081678383011 ], [ 128.224557436755617, 42.030372045645066 ], [ 128.221581097143371, 42.029790779998123 ], [ 128.218537110174168, 42.029329755374086 ], [ 128.215928496363517, 42.028101763028793 ], [ 128.214844625089597, 42.027216304489954 ], [ 128.214673117207667, 42.026672550434384 ], [ 128.214891415955918, 42.026102956923772 ], [ 128.215934608572098, 42.025243762004742 ], [ 128.217175255518583, 42.024533299575239 ], [ 128.219037419749327, 42.023705281863279 ], [ 128.219037419749327, 42.023705281863279 ], [ 128.231868228117946, 42.023766452260837 ], [ 128.244328339061809, 42.024085543902245 ], [ 128.256792418078845, 42.02419687595669 ], [ 128.269253700516487, 42.024108314840909 ], [ 128.281698460615047, 42.024722260732958 ], [ 128.287932451053962, 42.024723221320862 ], [ 128.294127938556187, 42.024272883200496 ], [ 128.306496321681465, 42.023087495838588 ], [ 128.318939577011577, 42.022503666113671 ], [ 128.331352806670111, 42.021667362561011 ], [ 128.356117388842421, 42.019489005376506 ], [ 128.380960785731872, 42.018000377988336 ], [ 128.393366265309282, 42.017053455409588 ], [ 128.399603510158329, 42.016874154000973 ], [ 128.405817276230607, 42.017137741711885 ], [ 128.418138117499296, 42.018581128037141 ], [ 128.430301292327073, 42.020596038709151 ], [ 128.430300292299535, 42.02059603871794 ], [ 128.429988936194036, 42.022764086928056 ], [ 128.430708134967489, 42.024512467141413 ], [ 128.4314431231291, 42.025221013901934 ], [ 128.432503133887252, 42.025699632185038 ], [ 128.43489517108577, 42.026034951233584 ], [ 128.437309517318653, 42.025796305954849 ], [ 128.439745043244329, 42.025746763638288 ], [ 128.442123973539225, 42.026139032071555 ], [ 128.44687700461219, 42.026960467072705 ], [ 128.449301929365106, 42.026942323909765 ], [ 128.450461579115654, 42.026647112789178 ], [ 128.451459429824411, 42.026128414571886 ], [ 128.452223370007715, 42.025406445120808 ], [ 128.452711213754981, 42.024570322775965 ], [ 128.453221456064057, 42.022796083807876 ], [ 128.453689156533699, 42.021005113796079 ], [ 128.454835524527226, 42.019268996119905 ], [ 128.454836524554764, 42.019268996111116 ] ] ] ] } },
{ "type": "Feature", "properties": { "DSN": "军舰山玄武岩                            ", "DSO": "βQ↓1              ", "DSO_TXT": "βQ1", "CHFCAC": "K5215D01D00042", "SHEET": "K5215" }, "geometry": { "type": "MultiPolygon", "coordinates": [ [ [ [ 128.901580895600659, 42.13988675044822 ], [ 128.896747884767507, 42.141946703716208 ], [ 128.895510216697545, 42.14236367884515 ], [ 128.893654586457274, 42.142445594699836 ], [ 128.89161611677855, 42.142200829539405 ], [ 128.89161611677855, 42.142200829539405 ], [ 128.88991676031182, 42.141710401082939 ], [ 128.888456823670367, 42.14060103558645 ], [ 128.887701607222624, 42.139567456220462 ], [ 128.887243172495232, 42.138567959741493 ], [ 128.887582655430549, 42.137355812979301 ], [ 128.88849424899567, 42.136544964323889 ], [ 128.889890020934189, 42.136061951254419 ], [ 128.891914024659229, 42.136042970948601 ], [ 128.894336810766532, 42.136254276067064 ], [ 128.896079405696668, 42.136423106487889 ], [ 128.897878699261327, 42.136299292559734 ], [ 128.899764914078958, 42.13571408854957 ], [ 128.901005342690439, 42.135137547716525 ], [ 128.902064311772392, 42.134383472305871 ], [ 128.903801329729106, 42.132630324321468 ], [ 128.904794396513381, 42.131824825368874 ], [ 128.905995611028032, 42.131202170215218 ], [ 128.911432779901389, 42.129556802814385 ], [ 128.912584866478142, 42.128897322969934 ], [ 128.913225232632129, 42.127932503152508 ], [ 128.913593106695913, 42.125753612144003 ], [ 128.913710370503964, 42.124656688349887 ], [ 128.914156575717243, 42.123632152154819 ], [ 128.91510363441347, 42.123030116903436 ], [ 128.915908843001773, 42.122930870020696 ], [ 128.916892385157837, 42.123264382601654 ], [ 128.918590888593712, 42.124130873543386 ], [ 128.920131963028979, 42.125948655428999 ], [ 128.920131963028979, 42.125948655428999 ], [ 128.920376891301203, 42.126594823351937 ], [ 128.920732359095837, 42.128492009715501 ], [ 128.91993617663519, 42.130719488788444 ], [ 128.919117349281322, 42.132404152539991 ], [ 128.917238007207771, 42.134063570092913 ], [ 128.91457056454405, 42.134963896868165 ], [ 128.911809708233989, 42.135686450597674 ], [ 128.906827302504269, 42.137962519313362 ], [ 128.901580895600659, 42.13988675044822 ] ] ] ] } },
{ "type": "Feature", "properties": { "DSN": "泉水村组                                ", "DSO": "J↓3→q             ", "DSO_TXT": "J3q", "CHFCAC": "K5215D01D00043", "SHEET": "K5215" }, "geometry": { "type": "MultiPolygon", "coordinates": [ [ [ [ 128.943920227609112, 42.124519954845951 ], [ 128.943921104790348, 42.124520173467396 ], [ 128.943921227636537, 42.124519954837019 ], [ 128.943920227609112, 42.124519954845951 ] ] ], [ [ [ 128.942266125754259, 42.127623366330461 ], [ 128.9418449559588, 42.128604492041148 ], [ 128.941018722733304, 42.130957692035231 ], [ 128.940233032505262, 42.131962072296695 ], [ 128.939144090181145, 42.132756397999032 ], [ 128.936476118663364, 42.134008958928412 ], [ 128.934055318118823, 42.135473283507388 ], [ 128.929361797469738, 42.138515710383665 ], [ 128.927336483334074, 42.140297723932562 ], [ 128.92618629469024, 42.142439864022123 ], [ 128.925904978127733, 42.144754474561822 ], [ 128.926309463145145, 42.147055575096481 ], [ 128.927370618183232, 42.149230368872715 ], [ 128.928789699031711, 42.151298993919085 ], [ 128.931447347805488, 42.155493163294167 ], [ 128.933625711928329, 42.159829517187042 ], [ 128.934396988571962, 42.160837163388571 ], [ 128.934873598424559, 42.161929401161487 ], [ 128.935452870440031, 42.164231399856305 ], [ 128.936506638638519, 42.166405331479446 ], [ 128.938305560504773, 42.168299362504932 ], [ 128.940715106752265, 42.169763516364377 ], [ 128.943565107477667, 42.17072834664377 ], [ 128.94512958270434, 42.171088781320925 ], [ 128.949703594225667, 42.171461004899257 ], [ 128.955933490471295, 42.171415435853227 ], [ 128.959054608115252, 42.171398324510925 ], [ 128.960610260491478, 42.171476682635934 ], [ 128.962109302817737, 42.171803513978119 ], [ 128.96708927849096, 42.174580150067911 ], [ 128.969853414387927, 42.175665346081658 ], [ 128.972830403568508, 42.176333587858387 ], [ 128.975938402092822, 42.176556701636834 ], [ 128.979050771988085, 42.176414587343423 ], [ 128.982102697725821, 42.175903978170012 ], [ 128.985018001926704, 42.175061604143849 ], [ 128.987745990788511, 42.1739382957252 ], [ 128.99031014089914, 42.172609511105563 ], [ 128.992695918954979, 42.171112028765577 ], [ 128.994797186223536, 42.16940454982339 ], [ 128.996583129478836, 42.167498562957171 ], [ 128.998077393749185, 42.165453256220765 ], [ 128.998929019232349, 42.16317095880531 ], [ 128.999545112361119, 42.160743808061099 ], [ 128.999606728080494, 42.15877460707938 ], [ 128.999360339088469, 42.156439039148481 ], [ 128.998251646672315, 42.151767892003718 ], [ 128.997512576733442, 42.149569696372524 ], [ 128.996416390733003, 42.147479161836856 ], [ 128.994556399282487, 42.145466675289391 ], [ 128.992093028062641, 42.143497325502217 ], [ 128.988952429175868, 42.141115696165841 ], [ 128.986807788929923, 42.138649476790576 ], [ 128.985645141461646, 42.136319764426403 ], [ 128.984929706629487, 42.134888649109485 ], [ 128.98396578537259, 42.133833611081506 ], [ 128.982693567109408, 42.132691878214423 ], [ 128.981396572457214, 42.131759843665925 ], [ 128.980278474958936, 42.131060783819834 ], [ 128.977684445159753, 42.129828962237227 ], [ 128.974553753884521, 42.12859696309274 ], [ 128.9720046791073, 42.12733174323705 ], [ 128.972003679079847, 42.127331743245989 ], [ 128.968202839405421, 42.126997955978162 ], [ 128.964847332143961, 42.126664178854703 ], [ 128.961687549053295, 42.126993301029714 ], [ 128.958562771217203, 42.127214633328578 ], [ 128.956411340365662, 42.127368615932888 ], [ 128.953890509170037, 42.126959816662051 ], [ 128.950459299885296, 42.125566630519252 ], [ 128.948392496204718, 42.125123691135848 ], [ 128.946240605903569, 42.125037632654497 ], [ 128.945180641002224, 42.124834089916462 ], [ 128.943921104790348, 42.124520173467396 ], [ 128.942789030227829, 42.126534936091453 ], [ 128.942266125754259, 42.127623366330461 ] ], [ [ 128.953715700149104, 42.137350590769927 ], [ 128.955815958378309, 42.137259266777399 ], [ 128.957873414680193, 42.137575387278694 ], [ 128.959936673646439, 42.13786616752472 ], [ 128.962036130867801, 42.137940733121241 ], [ 128.964091083464837, 42.138264670130184 ], [ 128.966014268786665, 42.138884022959367 ], [ 128.96786704684402, 42.139639689896669 ], [ 128.968565959745916, 42.140211703880908 ], [ 128.968968867175732, 42.140947867538152 ], [ 128.968968549439722, 42.141720002271704 ], [ 128.96854506248016, 42.142444080326918 ], [ 128.967163816399591, 42.143620780170473 ], [ 128.965638450861775, 42.144689886768909 ], [ 128.964643537336428, 42.146066230822626 ], [ 128.963898967927037, 42.147534587897155 ], [ 128.962875719312308, 42.148892035153139 ], [ 128.960572789686864, 42.151511938363981 ], [ 128.958968368136652, 42.152515565753461 ], [ 128.957077975255885, 42.153162155397396 ], [ 128.954950431161933, 42.153098339386815 ], [ 128.952990889156155, 42.152582347016235 ], [ 128.95138349316872, 42.151557636795886 ], [ 128.950345337743187, 42.150207819683288 ], [ 128.94958329822768, 42.148756994059021 ], [ 128.949288146861846, 42.148023628930858 ], [ 128.948625783048499, 42.147402971082556 ], [ 128.947434921223874, 42.14610189349257 ], [ 128.946814255939216, 42.144621217207657 ], [ 128.946639192194709, 42.143837223928998 ], [ 128.946841840661619, 42.143106820092008 ], [ 128.948163015148737, 42.141838877214688 ], [ 128.94938376336421, 42.140588267288955 ], [ 128.950373979258842, 42.13919598023665 ], [ 128.951918937988637, 42.1381338026302 ], [ 128.953715700149104, 42.137350590769927 ] ] ] ] } },
{ "type": "Feature", "properties": { "DSN": "张广才岭玄武岩                          ", "DSO": "βN                 ", "DSO_TXT": "βN", "CHFCAC": "K5215D01D00044", "SHEET": "K5215" }, "geometry": { "type": "MultiPolygon", "coordinates": [ [ [ [ 128.493459908150044, 42.09981464388305 ], [ 128.492547119646417, 42.099815138610872 ], [ 128.491665826807775, 42.100043729597168 ], [ 128.491078102975877, 42.100534217911616 ], [ 128.490757553078083, 42.101185336225434 ], [ 128.490203341895722, 42.102472472851133 ], [ 128.48922736524176, 42.105086393093231 ], [ 128.489035495769372, 42.110488587407502 ], [ 128.48865547402059, 42.111814014013703 ], [ 128.488635618112568, 42.113167027921854 ], [ 128.487848361601692, 42.114391866603441 ], [ 128.486642170241112, 42.115407322591871 ], [ 128.485235905495585, 42.116268642457641 ], [ 128.483583013858606, 42.116840595605588 ], [ 128.48179743680285, 42.117079290075864 ], [ 128.480898524422486, 42.117277415953716 ], [ 128.480174124879881, 42.117689154157183 ], [ 128.47985971000324, 42.118345678519013 ], [ 128.480120086935528, 42.118978776574842 ], [ 128.48141335561715, 42.119956840943672 ], [ 128.482831958939954, 42.120798287542414 ], [ 128.483865986667098, 42.121905163479909 ], [ 128.484530307793364, 42.123182874132048 ], [ 128.485007843337826, 42.123736160224219 ], [ 128.485765389007867, 42.124111891293794 ], [ 128.487304312306691, 42.124877515423741 ], [ 128.488293968851565, 42.126000443318148 ], [ 128.489476508465629, 42.128551662852857 ], [ 128.489536121651611, 42.129213715706399 ], [ 128.488961660641024, 42.129770900347218 ], [ 128.488066336752041, 42.12988348491438 ], [ 128.487326183186696, 42.129485224607791 ], [ 128.486201363747455, 42.128416988612443 ], [ 128.48467643294029, 42.12771003517642 ], [ 128.483190215929881, 42.126933018689819 ], [ 128.48208583229632, 42.125855869863116 ], [ 128.48083122616768, 42.124880516774518 ], [ 128.479207133543923, 42.124272699156592 ], [ 128.47754542831342, 42.123711199026573 ], [ 128.476383459095189, 42.122668122651298 ], [ 128.475943767855682, 42.121358262246417 ], [ 128.474683825558344, 42.120383457239377 ], [ 128.472910782932985, 42.120128382084431 ], [ 128.471135566922669, 42.120463599635087 ], [ 128.469701235886959, 42.121294108702969 ], [ 128.469003033306933, 42.122540960997682 ], [ 128.466599133570099, 42.124579900964775 ], [ 128.465891805347525, 42.125833545247232 ], [ 128.465797832537078, 42.127186601639188 ], [ 128.465933538936611, 42.128537114053763 ], [ 128.466367087363778, 42.129852342845993 ], [ 128.468023824831732, 42.1325366801047 ], [ 128.468023824831732, 42.1325366801047 ], [ 128.469996232304965, 42.134501159607687 ], [ 128.471219829609964, 42.135505203090958 ], [ 128.472093942643227, 42.136685815501238 ], [ 128.473887932053231, 42.139050254781964 ], [ 128.47599675747577, 42.141253028508409 ], [ 128.476467731268883, 42.142571468234344 ], [ 128.476300266897994, 42.143922871697761 ], [ 128.475315908544076, 42.145054985438492 ], [ 128.473750196081056, 42.145752488121765 ], [ 128.471964013863982, 42.145930419255279 ], [ 128.470215617719816, 42.145547097956239 ], [ 128.46666603814981, 42.144980503723914 ], [ 128.464819663367763, 42.144951903642713 ], [ 128.463099002380062, 42.145325929571804 ], [ 128.46007169893835, 42.146859108993361 ], [ 128.457509705003559, 42.148770657079126 ], [ 128.455607569221741, 42.151071410699601 ], [ 128.454559001761595, 42.152182395971437 ], [ 128.452984282552052, 42.152847838008405 ], [ 128.452057593468112, 42.152933513144937 ], [ 128.451156600186295, 42.152801426260375 ], [ 128.44990917826027, 42.151820464665484 ], [ 128.447155121044602, 42.150050626250355 ], [ 128.44096905510321, 42.14719885102739 ], [ 128.437650738276005, 42.146106047498129 ], [ 128.435858820819959, 42.145845991015705 ], [ 128.434055332202263, 42.145881707567071 ], [ 128.432210110427604, 42.145955084892641 ], [ 128.431488606778117, 42.146331877556044 ], [ 128.430936653108944, 42.146907888101225 ], [ 128.430648448193267, 42.147540379393426 ], [ 128.430824680943459, 42.148206254533967 ], [ 128.431920799518764, 42.149299300078781 ], [ 128.433481752599761, 42.151731181463553 ], [ 128.434330241512185, 42.152933142800102 ], [ 128.435441746518364, 42.153997680045102 ], [ 128.438431066252917, 42.155556874786448 ], [ 128.441851977952894, 42.156470352263938 ], [ 128.443468949190617, 42.15708831532946 ], [ 128.444893187963174, 42.157931198547573 ], [ 128.447561401313635, 42.159776893820009 ], [ 128.450402319151891, 42.161466292219039 ], [ 128.452119156698558, 42.16193981344788 ], [ 128.453927937317388, 42.16209406490389 ], [ 128.457543944588082, 42.162378641739586 ], [ 128.461123928255716, 42.162887186877541 ], [ 128.464667772844678, 42.1635122389023 ], [ 128.468111524200992, 42.164395420206716 ], [ 128.471284381560849, 42.165704135434638 ], [ 128.474116788276717, 42.167415630760523 ], [ 128.479804338542692, 42.170793799630893 ], [ 128.485660778353662, 42.174006656452995 ], [ 128.48868240560671, 42.175526721244452 ], [ 128.491273625976845, 42.177425767766529 ], [ 128.4939203916785, 42.179263044737098 ], [ 128.495626849589001, 42.179789899187959 ], [ 128.49711550996733, 42.180524027698596 ], [ 128.498251155605089, 42.181603473289115 ], [ 128.499052612906269, 42.182809203199888 ], [ 128.49922166046963, 42.184163902294159 ], [ 128.498847440384452, 42.185489615431109 ], [ 128.497641721723653, 42.188046067025297 ], [ 128.497399383892429, 42.189389033569938 ], [ 128.497501543634826, 42.190741324797756 ], [ 128.498346950524365, 42.193378952519822 ], [ 128.498034001168662, 42.194005426250179 ], [ 128.497331164032772, 42.194432935666619 ], [ 128.496569832925445, 42.194840094235389 ], [ 128.495717045619159, 42.195001273411251 ], [ 128.49221556698879, 42.194224947544107 ], [ 128.490398848820348, 42.194182451438138 ], [ 128.488619870435059, 42.194470745459448 ], [ 128.485599450660374, 42.19475192397497 ], [ 128.485599450660374, 42.19475192397497 ], [ 128.481400117465114, 42.194469640421651 ], [ 128.477932912735184, 42.193635753625415 ], [ 128.474752249887842, 42.192316540418531 ], [ 128.474752249887842, 42.192316540418531 ], [ 128.468750214340304, 42.189248909977351 ], [ 128.465584651602256, 42.187903476412899 ], [ 128.463952441500282, 42.187353929380343 ], [ 128.462086579857271, 42.187094785857852 ], [ 128.461360520950535, 42.187429700356901 ], [ 128.460993646294952, 42.188077830528719 ], [ 128.460998658361348, 42.189430632310483 ], [ 128.461347458432954, 42.190758087075579 ], [ 128.461994004775192, 42.192025219296589 ], [ 128.462304056184536, 42.193357748692677 ], [ 128.462145534528048, 42.194028384115072 ], [ 128.461681984550637, 42.194612715656874 ], [ 128.460128062859553, 42.195309006808301 ], [ 128.458414930763894, 42.195756291738739 ], [ 128.457672743295973, 42.196223360059065 ], [ 128.457517827402683, 42.196844047267746 ], [ 128.458446555889481, 42.198064535764864 ], [ 128.459926396598775, 42.198786682032967 ], [ 128.461584433228353, 42.199365131146301 ], [ 128.464928220737676, 42.200416345186234 ], [ 128.466612884436501, 42.200870226728959 ], [ 128.468472483463955, 42.201164885437251 ], [ 128.468472483463955, 42.201164885437251 ], [ 128.46906035253474, 42.201620636325657 ], [ 128.469468865969475, 42.202245257499079 ], [ 128.470272432590718, 42.203450533751308 ], [ 128.470099259138152, 42.204119854675369 ], [ 128.470099259138152, 42.204119854675369 ], [ 128.46945646369727, 42.204615885335414 ], [ 128.467680353603527, 42.20486306821968 ], [ 128.464047056639373, 42.204797235395716 ], [ 128.46222821453398, 42.204949415557351 ], [ 128.460490224333427, 42.205323688904969 ], [ 128.457091659840131, 42.206320375953524 ], [ 128.455290803860152, 42.206501403489234 ], [ 128.453464584845875, 42.206438107266436 ], [ 128.446320546655585, 42.205371156900178 ], [ 128.442695854103931, 42.205110203943299 ], [ 128.440895899165497, 42.205328115307502 ], [ 128.439360081285685, 42.206043635474629 ], [ 128.43895211033373, 42.20667585716528 ], [ 128.438946782304754, 42.207341730366871 ], [ 128.439992708495993, 42.208466580496804 ], [ 128.442778829223272, 42.210254797082641 ], [ 128.448660157876986, 42.213467106790389 ], [ 128.450296513634555, 42.214028256413918 ], [ 128.452094665361926, 42.214272452848711 ], [ 128.455758900853425, 42.214434369404266 ], [ 128.459101064498299, 42.215459238325529 ], [ 128.460819079422748, 42.215909958563358 ], [ 128.46263822834365, 42.216079496088661 ], [ 128.466273892271488, 42.215891317389378 ], [ 128.46982397436372, 42.215253904855686 ], [ 128.473436121531222, 42.21496843163915 ], [ 128.477079492965174, 42.215086408339701 ], [ 128.480716747639519, 42.215320653351412 ], [ 128.484343491822756, 42.215137044281462 ], [ 128.486177097667877, 42.21510617252126 ], [ 128.487977780861939, 42.215318842426569 ], [ 128.491346523909016, 42.216351558482756 ], [ 128.494792881129968, 42.217248966578168 ], [ 128.498385021634704, 42.217639202324563 ], [ 128.502031348029163, 42.217551867805447 ], [ 128.505635487257678, 42.217161662674052 ], [ 128.509183972981674, 42.216543735843295 ], [ 128.510948484251003, 42.216208493423203 ], [ 128.512775989736241, 42.216099760944253 ], [ 128.514474564893135, 42.2165547532624 ], [ 128.515815822959581, 42.217481845170873 ], [ 128.51670798386894, 42.218663465206184 ], [ 128.517002068027182, 42.219993361551559 ], [ 128.516921119099862, 42.221355527113907 ], [ 128.515766004046412, 42.223441757379192 ], [ 128.515766004046412, 42.223441757379192 ], [ 128.514300461205494, 42.224901965556988 ], [ 128.513132092215955, 42.225945596589433 ], [ 128.511696058462832, 42.226776766576243 ], [ 128.51003927624663, 42.227352589047143 ], [ 128.508232383850498, 42.227475723977818 ], [ 128.505781680757622, 42.226978179764231 ], [ 128.503222504773163, 42.225520429389064 ], [ 128.499646726975016, 42.224405400069607 ], [ 128.495077598086141, 42.222838046788297 ], [ 128.493293102118429, 42.222567439172408 ], [ 128.491479974928637, 42.222699854448166 ], [ 128.487965987722646, 42.223367260053642 ], [ 128.486109941147049, 42.223331781433473 ], [ 128.485273464818988, 42.223109745117881 ], [ 128.48457158741445, 42.222683961655022 ], [ 128.483043453187804, 42.221932150527955 ], [ 128.481247519190248, 42.221717014621319 ], [ 128.477611317595205, 42.222018410031247 ], [ 128.473986902115314, 42.222066396078468 ], [ 128.466711369442834, 42.221723633936364 ], [ 128.459433017356247, 42.222170374997425 ], [ 128.455867018945071, 42.222695839931717 ], [ 128.452420806799921, 42.223586488087513 ], [ 128.449027899789058, 42.224567157649908 ], [ 128.447648750264221, 42.225458999823715 ], [ 128.447062833508085, 42.226708260019919 ], [ 128.44716901035909, 42.228081985766238 ], [ 128.446986806460444, 42.229433294333802 ], [ 128.446598490802444, 42.230061732900005 ], [ 128.445941215843305, 42.230514707934667 ], [ 128.445042759151761, 42.230655493538421 ], [ 128.444102977332477, 42.230578562926176 ], [ 128.44061839342848, 42.229792540335453 ], [ 128.437363761662198, 42.228576778975949 ], [ 128.435604502868244, 42.228246835120778 ], [ 128.433758257344721, 42.228142773319732 ], [ 128.431909673068191, 42.228096310589699 ], [ 128.430145922009331, 42.227822293778878 ], [ 128.428615065963697, 42.227090007100713 ], [ 128.42802349885693, 42.226580246401596 ], [ 128.42802349885693, 42.226580246401596 ], [ 128.427014343444483, 42.224677684242948 ], [ 128.426818983242015, 42.223332689957353 ], [ 128.426681410415455, 42.220611115169454 ], [ 128.426250316892748, 42.219307030207098 ], [ 128.425412757500197, 42.218104749169761 ], [ 128.423133741541506, 42.21596044084658 ], [ 128.420410540264214, 42.214169246008971 ], [ 128.417439445824243, 42.212602072657262 ], [ 128.416563262653654, 42.212414534618318 ], [ 128.415637645677208, 42.212490976393696 ], [ 128.414869872414386, 42.212850782377245 ], [ 128.414374883537533, 42.213428153050849 ], [ 128.413980967965387, 42.214757590289508 ], [ 128.414389375959331, 42.216087881042199 ], [ 128.414371591324283, 42.217396706908012 ], [ 128.414245115449546, 42.218132668255933 ], [ 128.413853700565113, 42.218680017748191 ], [ 128.411975115925628, 42.218593925253025 ], [ 128.410536893532452, 42.217824750304054 ], [ 128.40913167366503, 42.21696290404639 ], [ 128.407375721419498, 42.216525849589296 ], [ 128.405584830551362, 42.216620460750079 ], [ 128.404059413841139, 42.217430554366715 ], [ 128.403522506445427, 42.217971122084975 ], [ 128.403450041553128, 42.218624316643435 ], [ 128.403839295636942, 42.219964202589239 ], [ 128.404264965796727, 42.221292557591077 ], [ 128.404321076715974, 42.221974129925592 ], [ 128.403857094487108, 42.222548003415689 ], [ 128.403009527971079, 42.222838517798891 ], [ 128.402103168329319, 42.2227601671052 ], [ 128.400490865893261, 42.222108391650281 ], [ 128.397414532243403, 42.220721192351817 ], [ 128.396067392924664, 42.219863990615941 ], [ 128.394390820751255, 42.219058685922903 ], [ 128.393462951806981, 42.218853638447221 ], [ 128.392713139233251, 42.219026323438392 ], [ 128.391989934574525, 42.220334506985409 ], [ 128.391514937984141, 42.222984983372832 ], [ 128.390403404614318, 42.225583288846458 ], [ 128.389550636745554, 42.22680025225818 ], [ 128.388434539422349, 42.227851704033505 ], [ 128.387018610842432, 42.22870590460424 ], [ 128.385405803603334, 42.2293896882505 ], [ 128.384517353375287, 42.22946593702644 ], [ 128.383627208818268, 42.229273986212831 ], [ 128.382318284035335, 42.22832834640424 ], [ 128.381826964311131, 42.227029196089575 ], [ 128.381900323268781, 42.225649935869022 ], [ 128.382028773134266, 42.224303601549749 ], [ 128.381631897042695, 42.222994230678026 ], [ 128.380798372461072, 42.221763982815354 ], [ 128.379692708875496, 42.22068997336028 ], [ 128.378244350846813, 42.219870629610668 ], [ 128.376515822336813, 42.219387542565954 ], [ 128.374706258023338, 42.219372023449587 ], [ 128.372954239817602, 42.219750172503616 ], [ 128.372042670271441, 42.219878082069961 ], [ 128.371164273769182, 42.21975759928344 ], [ 128.369812523479396, 42.218832870533653 ], [ 128.369075589057559, 42.217602204076698 ], [ 128.368790274049644, 42.216261275952867 ], [ 128.368784282944688, 42.213528028607634 ], [ 128.36899381231666, 42.210877002205251 ], [ 128.368649536171205, 42.209409223223687 ], [ 128.368218321802487, 42.208730483993129 ], [ 128.367567974532477, 42.208269039687444 ], [ 128.366681790430505, 42.208167940955661 ], [ 128.366681790430505, 42.208167940955661 ], [ 128.367262113147291, 42.20714253837901 ], [ 128.368172219702103, 42.206282776536661 ], [ 128.370416909803509, 42.204757587697664 ], [ 128.373691357327743, 42.201024695120289 ], [ 128.375893392462729, 42.199510093002708 ], [ 128.377761179214673, 42.197752474068103 ], [ 128.378469559182463, 42.196763415068574 ], [ 128.378860349046704, 42.195694753883366 ], [ 128.378817048273646, 42.193447410164943 ], [ 128.37748672853877, 42.189103049151335 ], [ 128.375565320669352, 42.184869896223482 ], [ 128.374104140094232, 42.182919093535126 ], [ 128.373122143970676, 42.180813110195572 ], [ 128.372423223779805, 42.177014943754912 ], [ 128.372423223779805, 42.177014943754912 ], [ 128.372868616467599, 42.175183189686372 ], [ 128.372930883758187, 42.173321529383728 ], [ 128.37227380556098, 42.169635582594857 ], [ 128.370931666281024, 42.16603214203159 ], [ 128.370651115118221, 42.164195404791812 ], [ 128.371339083151184, 42.162390075949233 ], [ 128.372105586837648, 42.161622280313757 ], [ 128.37315584916783, 42.161149264525285 ], [ 128.375677723902839, 42.161065229753625 ], [ 128.37815919739694, 42.161205465284461 ], [ 128.380653178256097, 42.161028003466065 ], [ 128.385451972060082, 42.15997567529061 ], [ 128.387750739636914, 42.159231957468293 ], [ 128.389907817255903, 42.158292550364756 ], [ 128.393706037163298, 42.155870509918408 ], [ 128.395457424559055, 42.154528045550414 ], [ 128.396376943894239, 42.15390503496706 ], [ 128.397459825138839, 42.153460709462458 ], [ 128.40201833446153, 42.151888763563612 ], [ 128.406147775936461, 42.149791224840349 ], [ 128.407914067154394, 42.148477560175643 ], [ 128.409457914789584, 42.146990896498288 ], [ 128.410702311435728, 42.145356290738292 ], [ 128.411318597367398, 42.143568185427036 ], [ 128.411277331814347, 42.141693238291282 ], [ 128.410873299115877, 42.139855127591687 ], [ 128.410116293588061, 42.138078257177312 ], [ 128.408873222928889, 42.136465279892278 ], [ 128.408873222928889, 42.136465279892278 ], [ 128.408623636872022, 42.134595777287785 ], [ 128.409008555890807, 42.132380046766293 ], [ 128.409171479710665, 42.130136541990701 ], [ 128.409384010062723, 42.129048669049389 ], [ 128.410181711799538, 42.128101280638887 ], [ 128.411337980312368, 42.127364602207848 ], [ 128.41274027484522, 42.127032209921715 ], [ 128.415743966520779, 42.126741664759692 ], [ 128.418559792896929, 42.125998048882529 ], [ 128.421110700264279, 42.124818573939422 ], [ 128.423362104444578, 42.123333973962382 ], [ 128.425048979257497, 42.121505677712463 ], [ 128.425858801168374, 42.119369445228472 ], [ 128.426302912737924, 42.11711750519077 ], [ 128.427727727827374, 42.112786015982564 ], [ 128.429908273064143, 42.108623187364429 ], [ 128.43162429085632, 42.104349826018613 ], [ 128.432940515216018, 42.099994057364341 ], [ 128.434022223786229, 42.097903116748746 ], [ 128.435636262127133, 42.096017471810747 ], [ 128.437594160890626, 42.094326684047751 ], [ 128.438341629085642, 42.093357001367153 ], [ 128.438819060713939, 42.092292394483323 ], [ 128.438986118543482, 42.091179317549589 ], [ 128.438829796578261, 42.090070272790349 ], [ 128.437850889079272, 42.087954338112183 ], [ 128.436961545480386, 42.08583208433749 ], [ 128.43668930929428, 42.083601035369917 ], [ 128.436312836475537, 42.079151245159274 ], [ 128.435689407898337, 42.076964619377385 ], [ 128.435697904679785, 42.074740893063428 ], [ 128.436541570249204, 42.070311576596197 ], [ 128.438109680670948, 42.066000123425233 ], [ 128.439274075009251, 42.063941251501042 ], [ 128.44079221477574, 42.062015839378397 ], [ 128.442516102110261, 42.060191585680911 ], [ 128.443271504716307, 42.059219697193839 ], [ 128.443733904514602, 42.058167029463107 ], [ 128.444213509491448, 42.055944698465076 ], [ 128.444423838564916, 42.053732486936745 ], [ 128.443506345790155, 42.049308755420213 ], [ 128.44365509827017, 42.04708774820466 ], [ 128.444343032232013, 42.044906686853423 ], [ 128.445351896542462, 42.042800562056684 ], [ 128.446686312813853, 42.04080028265065 ], [ 128.448383441184745, 42.038956903814054 ], [ 128.450469442096249, 42.037353277935615 ], [ 128.455149716605149, 42.034566913210604 ], [ 128.456783547121859, 42.032702759140498 ], [ 128.457935947205215, 42.030625818455874 ], [ 128.45930976594974, 42.028661679515217 ], [ 128.461213527370575, 42.026928254534333 ], [ 128.463409980335655, 42.02541165114625 ], [ 128.464753636540934, 42.024889970695142 ], [ 128.466214034503423, 42.024694499453993 ], [ 128.469195403921418, 42.024557254814646 ], [ 128.471994281305285, 42.023739058577895 ], [ 128.474947835185191, 42.023448181626243 ], [ 128.476457716976967, 42.023547674534527 ], [ 128.477874685295291, 42.023882451048642 ], [ 128.479120470751241, 42.024508955077962 ], [ 128.48016468434173, 42.025319221135277 ], [ 128.481677186130383, 42.02723927924287 ], [ 128.483708734752412, 42.031445285259899 ], [ 128.485317251108427, 42.033339647270132 ], [ 128.486503064240054, 42.034002187142967 ], [ 128.487880313634975, 42.034462908924866 ], [ 128.490737684312194, 42.035166972485385 ], [ 128.493663066266976, 42.035636138945463 ], [ 128.496646431540569, 42.035661711455724 ], [ 128.499525046646625, 42.035031038921048 ], [ 128.502301814036031, 42.034121879261214 ], [ 128.505171395794918, 42.033603224189548 ], [ 128.508175001813612, 42.033420741803646 ], [ 128.511043708465252, 42.032760310114554 ], [ 128.513508174839899, 42.031492038943583 ], [ 128.515493599842102, 42.029818893949205 ], [ 128.519161632210484, 42.026288364491265 ], [ 128.521252874862967, 42.024684489457954 ], [ 128.523779867225045, 42.023493198424987 ], [ 128.526055868407326, 42.022046267444161 ], [ 128.527623588942532, 42.020139049581886 ], [ 128.528429273455373, 42.017988052290214 ], [ 128.528227246736378, 42.015895652852628 ], [ 128.528227246736378, 42.015895652852628 ], [ 128.528497393394815, 42.014483149963255 ], [ 128.528783097341886, 42.012166978403727 ], [ 128.528596834911298, 42.010657744851201 ], [ 128.528571968597078, 42.009144437423998 ], [ 128.528814782604655, 42.008395038165531 ], [ 128.529353501137678, 42.007762991121844 ], [ 128.531203814930478, 42.007129814198905 ], [ 128.532210215197836, 42.007089084019626 ], [ 128.5340217016591, 42.008028538630143 ], [ 128.5340217016591, 42.008028538630143 ], [ 128.535055048178492, 42.011410931292637 ], [ 128.535731566627589, 42.013065488321281 ], [ 128.536823100234614, 42.01459474013344 ], [ 128.538442117484976, 42.015831167358137 ], [ 128.540500066248171, 42.016640888773416 ], [ 128.544924201678981, 42.017684011819576 ], [ 128.549103067143847, 42.019193199800718 ], [ 128.553118510249618, 42.020932752958039 ], [ 128.556929928969623, 42.022898231047037 ], [ 128.559082020170734, 42.023532063869183 ], [ 128.560234165806435, 42.023405815432461 ], [ 128.561258593263489, 42.022994914034953 ], [ 128.562766273303197, 42.021686606549949 ], [ 128.563759934761919, 42.020122254657927 ], [ 128.56489890506964, 42.018614903260627 ], [ 128.566317425080712, 42.017235675886049 ], [ 128.567646930569254, 42.015826564545577 ], [ 128.568236395991221, 42.014213489672315 ], [ 128.568236395991221, 42.014213489672315 ], [ 128.569746326927401, 42.014187944301753 ], [ 128.571340375552381, 42.013663401090916 ], [ 128.573149347046382, 42.012609117606459 ], [ 128.574307604891004, 42.01237838535949 ], [ 128.575327741477594, 42.012523578058158 ], [ 128.576239061276169, 42.013169313828712 ], [ 128.576541398863753, 42.013683937213067 ], [ 128.576472140464318, 42.014256337712183 ], [ 128.576047045798902, 42.01470999031244 ], [ 128.57536905468848, 42.014952522759629 ], [ 128.572299034891188, 42.015328364255417 ], [ 128.57098315838067, 42.01583918733408 ], [ 128.569795804537733, 42.016567576470649 ], [ 128.568834035888074, 42.017433439814241 ], [ 128.568282986352841, 42.018495181810309 ], [ 128.568295842778042, 42.020740647323912 ], [ 128.56837495649728, 42.021888091009814 ], [ 128.56802469214233, 42.022980342990046 ], [ 128.566996458789362, 42.023819620918047 ], [ 128.565602408364441, 42.02429914950411 ], [ 128.562616529025348, 42.024789556314573 ], [ 128.561308191364901, 42.025300819694607 ], [ 128.560250311582877, 42.026126133936309 ], [ 128.559446289524544, 42.027091217323999 ], [ 128.5589671441831, 42.028163712059857 ], [ 128.558574232854141, 42.029257955900803 ], [ 128.557815848161425, 42.030217546578783 ], [ 128.555577928398549, 42.031757749000157 ], [ 128.55292214217198, 42.032838743006891 ], [ 128.550338380657735, 42.034022040009503 ], [ 128.547516959234002, 42.034827834308352 ], [ 128.544535625940341, 42.035268569571542 ], [ 128.543288121161282, 42.035920626208593 ], [ 128.542938407075582, 42.037012271444105 ], [ 128.543564984075402, 42.038041914906096 ], [ 128.544608191587031, 42.038864585612451 ], [ 128.546844897198071, 42.040381814583611 ], [ 128.548817376425916, 42.042087183227792 ], [ 128.550773679592368, 42.043936030025129 ], [ 128.552016033533306, 42.04584382082183 ], [ 128.552401939451869, 42.048091515941422 ], [ 128.553166227032307, 42.049057097766358 ], [ 128.554647083016761, 42.049296209286055 ], [ 128.556268693543558, 42.048825599540429 ], [ 128.557740220855862, 42.04826956159409 ], [ 128.562451130500307, 42.045936976905708 ], [ 128.564173286963239, 42.044955096876002 ], [ 128.565833260840122, 42.044567522392974 ], [ 128.566520262283547, 42.044580577905975 ], [ 128.566819371494233, 42.045082301797606 ], [ 128.566850944694806, 42.045704828993138 ], [ 128.566453131974697, 42.046763951083499 ], [ 128.565693419442823, 42.047735600860605 ], [ 128.56447887050777, 42.049293935198975 ], [ 128.564224008128264, 42.050926097026384 ], [ 128.564343442415719, 42.052052506423742 ], [ 128.564343442415719, 42.052052506423742 ], [ 128.564904528535635, 42.053088958130338 ], [ 128.565748188712007, 42.054046718333751 ], [ 128.569247773455828, 42.0577561531979 ], [ 128.569800215693078, 42.058796129710764 ], [ 128.569980356551156, 42.059920991144978 ], [ 128.569543034917871, 42.062158557963294 ], [ 128.56879109744068, 42.063165922978811 ], [ 128.56764099723307, 42.063877944807494 ], [ 128.564773649492736, 42.064654444253733 ], [ 128.563731373264062, 42.065437001449581 ], [ 128.563281024406535, 42.066531594226682 ], [ 128.562261385998227, 42.068687539689591 ], [ 128.560681052450775, 42.0706157253124 ], [ 128.558745322932509, 42.072400364360057 ], [ 128.554645420871708, 42.075619649507779 ], [ 128.553483287849303, 42.076558647593203 ], [ 128.553481187442685, 42.077065323596074 ], [ 128.5540925970177, 42.077377151400029 ], [ 128.557065212021968, 42.076882032806836 ], [ 128.558550052523259, 42.076638550766454 ], [ 128.560067558828791, 42.076650905663492 ], [ 128.561543378899785, 42.076940875679526 ], [ 128.562907290188747, 42.077443037803924 ], [ 128.565317292463305, 42.078820313222849 ], [ 128.567435768590798, 42.080436623667389 ], [ 128.571153320141718, 42.084004807376054 ], [ 128.572885477561357, 42.085855001859301 ], [ 128.574165722840092, 42.08648065320606 ], [ 128.575657764014863, 42.08640095816078 ], [ 128.57827681699095, 42.085261040138207 ], [ 128.581014846366742, 42.084300219096846 ], [ 128.582512284657241, 42.084106050120887 ], [ 128.584029313625166, 42.084149926783432 ], [ 128.586945913556605, 42.084771790950995 ], [ 128.589881690259489, 42.085321029755804 ], [ 128.5927337736845, 42.086101062011096 ], [ 128.5975267841483, 42.088409547494045 ], [ 128.598790478275419, 42.089235161658664 ], [ 128.599272416013065, 42.090423019765915 ], [ 128.598796434735931, 42.092541249935266 ], [ 128.598840159871855, 42.093677601005332 ], [ 128.599268315863355, 42.094778010992854 ], [ 128.600278421694895, 42.095579849184311 ], [ 128.601698602263383, 42.096067701715917 ], [ 128.604661143213775, 42.096589757795854 ], [ 128.607666124514594, 42.096835131545575 ], [ 128.610683891179917, 42.09708774707299 ], [ 128.613562166078822, 42.09778778059205 ], [ 128.614845392945995, 42.098397905402592 ], [ 128.615891794044444, 42.099210541475919 ], [ 128.617267731947521, 42.101235954580908 ], [ 128.618825243534815, 42.103145110034944 ], [ 128.620977684196305, 42.104628879235243 ], [ 128.622397536881635, 42.105109414445877 ], [ 128.623923914855936, 42.105236225639118 ], [ 128.62695302554269, 42.105105741225806 ], [ 128.62994541825276, 42.104927910787112 ], [ 128.63150863279165, 42.105123504494571 ], [ 128.631915484435808, 42.105552216730274 ], [ 128.632073362266397, 42.10628627995014 ], [ 128.631331739452463, 42.107197299968298 ], [ 128.630129546909274, 42.108335177755514 ], [ 128.628953461789621, 42.109906998417941 ], [ 128.628268109539761, 42.111845751341754 ], [ 128.627761216504751, 42.114401629704652 ], [ 128.626797602547896, 42.116681992614289 ], [ 128.625970495915709, 42.117506348745522 ], [ 128.624577801542017, 42.117971717656495 ], [ 128.623035655411599, 42.11796019081617 ], [ 128.621618637894301, 42.117540622863672 ], [ 128.61845749170152, 42.115763998355455 ], [ 128.615249237534186, 42.113492622931574 ], [ 128.612032946203357, 42.112248711974281 ], [ 128.608797090054566, 42.112027590817782 ], [ 128.605979944015218, 42.111215414865953 ], [ 128.603328174738408, 42.110109107126931 ], [ 128.60064146220023, 42.109032926527313 ], [ 128.599172204537211, 42.108888775992625 ], [ 128.597629162882129, 42.109009161954532 ], [ 128.596105608160087, 42.109234453778122 ], [ 128.594796792475194, 42.109742235852337 ], [ 128.592720242459023, 42.111415514908273 ], [ 128.589226369098014, 42.115097354563247 ], [ 128.588323457051985, 42.115987627912041 ], [ 128.587636009613078, 42.117026310033694 ], [ 128.587757079023845, 42.117549362555955 ], [ 128.588318215959589, 42.117963975365292 ], [ 128.589718882954742, 42.118354110631969 ], [ 128.591258734244775, 42.118191603633285 ], [ 128.592035957056055, 42.118173985160539 ], [ 128.592728137146906, 42.118376262821855 ], [ 128.593194362458149, 42.118828139785819 ], [ 128.593268674057896, 42.119384870692038 ], [ 128.592844882666896, 42.120492543662806 ], [ 128.592528074135714, 42.121599232746888 ], [ 128.592956748423433, 42.122668923267007 ], [ 128.593472772508761, 42.123703119731289 ], [ 128.593004785416269, 42.124814834803615 ], [ 128.591842270419221, 42.125479376473997 ], [ 128.590348251046464, 42.125757709525594 ], [ 128.587663466473572, 42.126841735907689 ], [ 128.586247246289304, 42.127127487420573 ], [ 128.584717810804534, 42.127066319799361 ], [ 128.583180243051146, 42.12704477807543 ], [ 128.58169671358246, 42.127273428676766 ], [ 128.58020161374489, 42.127482846907156 ], [ 128.578678444860429, 42.127441629754998 ], [ 128.575834809601304, 42.126665803931026 ], [ 128.570044596948492, 42.125202698319725 ], [ 128.568731860309043, 42.124674797618326 ], [ 128.567689592925603, 42.123862486812442 ], [ 128.566453662931224, 42.121768892526475 ], [ 128.565838227514405, 42.120752226477116 ], [ 128.564810051341425, 42.119916550503447 ], [ 128.563479829256238, 42.119339609295729 ], [ 128.562016282901681, 42.11903487189246 ], [ 128.55900148445977, 42.118768373504921 ], [ 128.557489165235182, 42.118630692378595 ], [ 128.556087747689816, 42.118231145065771 ], [ 128.553493380737933, 42.117033059065143 ], [ 128.552057425624781, 42.116679709950041 ], [ 128.550533983618777, 42.116776650624502 ], [ 128.549311588619076, 42.117412400576669 ], [ 128.548409649819803, 42.118347316133502 ], [ 128.546847603781998, 42.120274829307874 ], [ 128.545279649629379, 42.122197748248936 ], [ 128.544620781288302, 42.122517425396872 ], [ 128.543824022433796, 42.122642140516774 ], [ 128.543278463857149, 42.122344425711198 ], [ 128.543055290136522, 42.121756536952489 ], [ 128.543055824846732, 42.119522176441031 ], [ 128.543300938751912, 42.117256153091382 ], [ 128.543947847613225, 42.114793458313436 ], [ 128.543947847613225, 42.114793458313436 ], [ 128.543753507772635, 42.112645753019279 ], [ 128.543063841366973, 42.110640304767244 ], [ 128.542855159812973, 42.108959881917905 ], [ 128.543241138443875, 42.107259000856374 ], [ 128.543038895616604, 42.106146505282844 ], [ 128.542086063376047, 42.105368118358584 ], [ 128.540744905038508, 42.104668111469188 ], [ 128.539379288166316, 42.104181451070126 ], [ 128.53826757629929, 42.103454292680354 ], [ 128.537374820292541, 42.102509551087685 ], [ 128.536801220428089, 42.101474631263891 ], [ 128.536940886702212, 42.10034819031123 ], [ 128.537664726411009, 42.099354295109016 ], [ 128.539704932585892, 42.097969053745402 ], [ 128.540464935825014, 42.097535207740926 ], [ 128.540929180942555, 42.096850541035607 ], [ 128.541020577235344, 42.095945926740555 ], [ 128.541110972020078, 42.095041313132839 ], [ 128.541016664182337, 42.093546747510864 ], [ 128.540374530622813, 42.092354648811963 ], [ 128.539416374083743, 42.091757884661746 ], [ 128.536440114649025, 42.091621075626414 ], [ 128.53496884157309, 42.090926923941304 ], [ 128.53496884157309, 42.090926923941304 ], [ 128.534389431784376, 42.089875706292922 ], [ 128.534549115326598, 42.087620636796842 ], [ 128.534778675978743, 42.085372934370938 ], [ 128.535248268393616, 42.084288404792012 ], [ 128.536130510231885, 42.083379370541799 ], [ 128.537453530602022, 42.082826648468831 ], [ 128.538960975661041, 42.082547088101087 ], [ 128.540438449189082, 42.082718035420633 ], [ 128.54182111498767, 42.083181304951268 ], [ 128.542989158038068, 42.0834247484269 ], [ 128.543962786676985, 42.083329205978607 ], [ 128.544522799323545, 42.082918043436464 ], [ 128.544766861375194, 42.082393862192269 ], [ 128.544688138096404, 42.081831443007587 ], [ 128.544380825241575, 42.080711733356111 ], [ 128.543898820565289, 42.078490763933502 ], [ 128.543922325282182, 42.076230598697727 ], [ 128.546076352471999, 42.072010245827002 ], [ 128.546954867374666, 42.071104964197325 ], [ 128.548059198409021, 42.070351162586441 ], [ 128.550882604439664, 42.069269230877936 ], [ 128.55221733092236, 42.068718527173523 ], [ 128.552558834422769, 42.068261252274191 ], [ 128.552645372016826, 42.067685229047513 ], [ 128.552345590045945, 42.066527514315737 ], [ 128.551428307251115, 42.065649843334889 ], [ 128.550002795866277, 42.065233844605388 ], [ 128.548516572357386, 42.065252750513004 ], [ 128.5469925489204, 42.065419921764253 ], [ 128.545455006183204, 42.065331894031139 ], [ 128.544891149271535, 42.064987187557463 ], [ 128.544520242644637, 42.064470120094775 ], [ 128.544229871727055, 42.063343647003968 ], [ 128.543982840326265, 42.061105301905762 ], [ 128.543036312961135, 42.058948231455695 ], [ 128.542232650340367, 42.057988466545844 ], [ 128.541006603937319, 42.057314203186543 ], [ 128.539496108708164, 42.057355185024534 ], [ 128.538438173655322, 42.05816549688199 ], [ 128.538028776795045, 42.05926008722205 ], [ 128.53797836759577, 42.060396235363598 ], [ 128.537870476195366, 42.061526215668501 ], [ 128.537314145036333, 42.062588271981703 ], [ 128.536183968414207, 42.063301172776271 ], [ 128.534705808185066, 42.063629237498596 ], [ 128.533425356026754, 42.064197802572671 ], [ 128.533088658398015, 42.065321641180574 ], [ 128.534097864992901, 42.067465798618159 ], [ 128.534169999837218, 42.069716530479276 ], [ 128.53437649789683, 42.07084983531005 ], [ 128.533674738784413, 42.071791257394672 ], [ 128.531468239300466, 42.073371738453943 ], [ 128.530284293904941, 42.075471161297479 ], [ 128.529528578973668, 42.076443312374806 ], [ 128.5283726803371, 42.077172822442947 ], [ 128.525571993921346, 42.078049349237283 ], [ 128.522894338141782, 42.079086605549698 ], [ 128.520548512419339, 42.080566384947502 ], [ 128.51965310384341, 42.081475235730323 ], [ 128.519100401786005, 42.082523999812686 ], [ 128.518954499237623, 42.084777945085115 ], [ 128.519397202729778, 42.087025562964875 ], [ 128.519434322438855, 42.088171410367245 ], [ 128.518976461177488, 42.089222831846968 ], [ 128.517894959180211, 42.090073964528976 ], [ 128.516954323916252, 42.090912636763463 ], [ 128.517247476824053, 42.092033076906084 ], [ 128.517963052940928, 42.093021625779414 ], [ 128.518662152778234, 42.094057371196634 ], [ 128.518686455678761, 42.095132524190348 ], [ 128.517026273752634, 42.097121034523099 ], [ 128.516932245319992, 42.098181666861727 ], [ 128.517339704618934, 42.099899268654859 ], [ 128.518710361998814, 42.101527743746111 ], [ 128.521578718759628, 42.105289891872125 ], [ 128.523892091460226, 42.109494246764001 ], [ 128.52473705346469, 42.111685281476461 ], [ 128.524907344798919, 42.113922443250516 ], [ 128.523558598507009, 42.118331389077611 ], [ 128.523115259947048, 42.120569735437783 ], [ 128.523335248392954, 42.122820618081363 ], [ 128.524146268635377, 42.124996585650543 ], [ 128.525342782069686, 42.127079592060582 ], [ 128.528182829737659, 42.131082145941491 ], [ 128.530862893776629, 42.135436538757006 ], [ 128.530961755652555, 42.136226614475341 ], [ 128.530473722408146, 42.136995238675944 ], [ 128.52984152451765, 42.137367119210943 ], [ 128.528825417330239, 42.137410049228649 ], [ 128.527296218069779, 42.136945952615022 ], [ 128.524646962349067, 42.135985592430913 ], [ 128.523096653605506, 42.13581780958507 ], [ 128.521656663435181, 42.136167494226463 ], [ 128.521047427454988, 42.136488194448219 ], [ 128.520872935057071, 42.137236409594905 ], [ 128.521477263008592, 42.138365728569568 ], [ 128.522857056845368, 42.140383665371118 ], [ 128.524625816162313, 42.144616578936365 ], [ 128.524349463061981, 42.145741974013148 ], [ 128.523061312199076, 42.146324193415886 ], [ 128.520027611811145, 42.146392790174751 ], [ 128.516965233712341, 42.146574775368876 ], [ 128.515564766953815, 42.147007601620864 ], [ 128.514385137651658, 42.147724060921639 ], [ 128.513516754225037, 42.148652551059406 ], [ 128.512944968193068, 42.149704796422235 ], [ 128.512461876069096, 42.151935205221257 ], [ 128.512402764975349, 42.154198545105977 ], [ 128.511597087985052, 42.156363553746345 ], [ 128.510866714670584, 42.157377529672097 ], [ 128.509708972887353, 42.158072624136977 ], [ 128.50819855758823, 42.15828335784817 ], [ 128.506711294168696, 42.158101565144058 ], [ 128.503812675601694, 42.157416337932133 ], [ 128.500811330776401, 42.157037371973267 ], [ 128.49930530185452, 42.156760302668999 ], [ 128.498222355403584, 42.155819397386658 ], [ 128.497850743467097, 42.154912810805861 ], [ 128.498156909705614, 42.153603500842181 ], [ 128.499894458181217, 42.151239462189366 ], [ 128.500348195835841, 42.149400766305106 ], [ 128.500835246242417, 42.147174439768193 ], [ 128.500530950677501, 42.146060572454267 ], [ 128.499769865875976, 42.145081541351196 ], [ 128.499272378138613, 42.144026293606245 ], [ 128.499396513083752, 42.142884112790028 ], [ 128.499980207604096, 42.141836952376728 ], [ 128.500902946256474, 42.1409462715283 ], [ 128.503202899538167, 42.139448753735003 ], [ 128.50457902787204, 42.138992217385074 ], [ 128.506091826347188, 42.138890132761404 ], [ 128.508260981164682, 42.138712131277025 ], [ 128.509735252810088, 42.13812552554414 ], [ 128.510465994307054, 42.137504529428256 ], [ 128.510722974158824, 42.13656946015179 ], [ 128.511141052875416, 42.135135774742224 ], [ 128.511580903548435, 42.13413906201091 ], [ 128.512816522709414, 42.132525742096881 ], [ 128.51298032843539, 42.13138961205707 ], [ 128.512787090237936, 42.130280190242999 ], [ 128.511117214790744, 42.128387324158069 ], [ 128.509646516617352, 42.126400059398961 ], [ 128.508888074524634, 42.125412804200373 ], [ 128.508462988225915, 42.124355977585978 ], [ 128.50814857619423, 42.122097417138853 ], [ 128.507545255192895, 42.121061688172063 ], [ 128.506624034389063, 42.120166141845694 ], [ 128.504840377791169, 42.118338031412947 ], [ 128.503546763005744, 42.116283984572519 ], [ 128.502616451145371, 42.11412911193004 ], [ 128.502212325137066, 42.111887716138391 ], [ 128.503222209681724, 42.107441232961662 ], [ 128.503024528757578, 42.106324824770489 ], [ 128.502323608811366, 42.105296619758349 ], [ 128.501079841300822, 42.104697458646115 ], [ 128.49958624870149, 42.104458543611656 ], [ 128.498227510992336, 42.103942390217284 ], [ 128.497042763463355, 42.103071403055203 ], [ 128.496796008598125, 42.10263342079368 ], [ 128.496348007787191, 42.101868552532181 ], [ 128.496020828743127, 42.101281621570244 ], [ 128.495099853659525, 42.100359969193065 ], [ 128.493459908150044, 42.09981464388305 ] ] ] ] } },
{ "type": "Feature", "properties": { "DSN": "大拉子组下段                            ", "DSO": "K↓1→d↑1          ", "DSO_TXT": "K1d-1", "CHFCAC": "K5215D01D00045", "SHEET": "K5215" }, "geometry": { "type": "MultiPolygon", "coordinates": [ [ [ [ 128.665256411973672, 42.615395326069546 ], [ 128.664518538439779, 42.614335382289042 ], [ 128.6623693127666, 42.611763838201135 ], [ 128.660688214243493, 42.609005638782911 ], [ 128.660038695055192, 42.606041504835524 ], [ 128.659892711249341, 42.603018384375318 ], [ 128.660128416101685, 42.600012636705998 ], [ 128.660884706739324, 42.597063242518047 ], [ 128.66163709103779, 42.595646301020807 ], [ 128.66233607358032, 42.595071276587447 ], [ 128.663240770289605, 42.59512771612313 ], [ 128.666818449516711, 42.596722984461067 ], [ 128.671618448603084, 42.601594270530718 ], [ 128.674711095663554, 42.603561897794656 ], [ 128.677594704095952, 42.605687245600564 ], [ 128.682666139122205, 42.610425941808991 ], [ 128.683602662856572, 42.611762018594462 ], [ 128.684273491680187, 42.613193906415034 ], [ 128.684935341429025, 42.616182485876323 ], [ 128.686065116732379, 42.620964433603454 ], [ 128.686065116732379, 42.620964433603454 ], [ 128.685764015146049, 42.620963608146418 ], [ 128.685221475824534, 42.620873247981564 ], [ 128.684621844699279, 42.620560534590709 ], [ 128.684139658975084, 42.620248152887036 ], [ 128.683659249516069, 42.619980204864973 ], [ 128.683181749010828, 42.619534509224714 ], [ 128.682338938689043, 42.619087808571564 ], [ 128.681501052469116, 42.618463357032553 ], [ 128.680780479256669, 42.618061416288754 ], [ 128.679998791034507, 42.617837050250102 ], [ 128.678915247827177, 42.617567398863919 ], [ 128.677770812886337, 42.617430876887674 ], [ 128.676868784865547, 42.617383897196284 ], [ 128.675665449925447, 42.617380494179386 ], [ 128.674037131361615, 42.617464753250019 ], [ 128.672473190698696, 42.617326978382948 ], [ 128.671870723270274, 42.617191945588303 ], [ 128.670188063535733, 42.61692048565908 ], [ 128.669105048398478, 42.616561868553539 ], [ 128.66808379626417, 42.616292287982908 ], [ 128.666999331860467, 42.616022524219105 ], [ 128.666219188917665, 42.615709192063676 ], [ 128.665256411973672, 42.615395326069546 ] ] ] ] } },
{ "type": "Feature", "properties": { "DSN": "大拉子组上段                            ", "DSO": "K↓1→d↑2          ", "DSO_TXT": "K1d-2", "CHFCAC": "K5215D01D00046", "SHEET": "K5215" }, "geometry": { "type": "MultiPolygon", "coordinates": [ [ [ [ 128.277455544311181, 42.651350085318235 ], [ 128.273517780848806, 42.646719626348975 ], [ 128.273518780876657, 42.646719626340129 ], [ 128.27058898619407, 42.643454463022671 ], [ 128.27058898619407, 42.643454463022671 ], [ 128.270054197692957, 42.643793303748218 ], [ 128.270054197692957, 42.643793303748218 ], [ 128.264710184102029, 42.637937335654449 ], [ 128.264710184102029, 42.637937335654449 ], [ 128.264439717511038, 42.638391934311279 ], [ 128.264078270114112, 42.639237078797692 ], [ 128.263798109271903, 42.640343532631817 ], [ 128.263786044097543, 42.64145169040907 ], [ 128.264121852154716, 42.642953231309633 ], [ 128.264725327307588, 42.644326102500521 ], [ 128.265503046043705, 42.645830475996902 ], [ 128.266192191877593, 42.647269091951394 ], [ 128.266700019865681, 42.649097685158672 ], [ 128.266850746118621, 42.651315128169422 ], [ 128.266656071875559, 42.653008823772346 ], [ 128.266278539314357, 42.654962126726829 ], [ 128.266072399247776, 42.657372860353817 ], [ 128.266053700131948, 42.659132870391744 ], [ 128.266053700131948, 42.659132870391744 ], [ 128.267818819418579, 42.659209367974867 ], [ 128.267818819418579, 42.659209367974867 ], [ 128.271531104118111, 42.659111064308448 ], [ 128.271531104118111, 42.659111064308448 ], [ 128.27313873195726, 42.661612789927091 ], [ 128.275860352336764, 42.665254047378113 ], [ 128.275860352336764, 42.665254047378113 ], [ 128.284228307674823, 42.658738553111327 ], [ 128.284229307702702, 42.658738553102459 ], [ 128.277456544339032, 42.651350085309375 ], [ 128.277455544311181, 42.651350085318235 ] ] ] ] } },
{ "type": "Feature", "properties": { "DSN": "大拉子组下段                            ", "DSO": "K↓1→d↑1          ", "DSO_TXT": "K1d-1", "CHFCAC": "K5215D01D00047", "SHEET": "K5215" }, "geometry": { "type": "MultiPolygon", "coordinates": [ [ [ [ 128.270054197692957, 42.643793303748218 ], [ 128.27058898619407, 42.643454463022671 ], [ 128.27058898619407, 42.643454463022671 ], [ 128.281828149850469, 42.636051486570487 ], [ 128.281828149850469, 42.636051486570487 ], [ 128.277908130644761, 42.633701393985881 ], [ 128.275824349450829, 42.6325484404204 ], [ 128.274211541731091, 42.631031721584456 ], [ 128.27220246669458, 42.629816617923979 ], [ 128.269991798641371, 42.628754660025066 ], [ 128.267857551794776, 42.627647142677247 ], [ 128.265558199026799, 42.626746614312211 ], [ 128.26066380859865, 42.625415962366247 ], [ 128.255477319321813, 42.624849351788484 ], [ 128.2536273602758, 42.624342624128623 ], [ 128.2536273602758, 42.624342624128623 ], [ 128.255628610995103, 42.627880457601741 ], [ 128.259969449504979, 42.632740666374346 ], [ 128.264710184102029, 42.637937335654449 ], [ 128.264710184102029, 42.637937335654449 ], [ 128.270054197692957, 42.643793303748218 ] ] ] ] } },
{ "type": "Feature", "properties": { "DSN": "大拉子组下段                            ", "DSO": "K↓1→d↑1          ", "DSO_TXT": "K1d-1", "CHFCAC": "K5215D01D00048", "SHEET": "K5215" }, "geometry": { "type": "MultiPolygon", "coordinates": [ [ [ [ 128.108133253523221, 42.632579985062698 ], [ 128.098202662483232, 42.620704138253885 ], [ 128.093678527896401, 42.61509657013616 ], [ 128.087662725618173, 42.609180993243015 ], [ 128.087662725618173, 42.609180993243015 ], [ 128.086044617696217, 42.6110352087682 ], [ 128.085458237118814, 42.612205338282415 ], [ 128.085168802564226, 42.613437697140391 ], [ 128.084563086392876, 42.614589313612029 ], [ 128.083691426583385, 42.615669086089262 ], [ 128.083006749688479, 42.616808335168535 ], [ 128.082884173014747, 42.61804743548084 ], [ 128.084156441459299, 42.620374509162993 ], [ 128.085041928673689, 42.621430175947523 ], [ 128.086196372043531, 42.622343422756998 ], [ 128.087792638362316, 42.624528898648883 ], [ 128.088963078489229, 42.62543708731905 ], [ 128.09087379995043, 42.626272366355096 ], [ 128.092756930717002, 42.627164705838318 ], [ 128.094120834811037, 42.628546137305705 ], [ 128.094742782733704, 42.62970713509322 ], [ 128.096665906098252, 42.631759542538369 ], [ 128.097916812823541, 42.633072457573952 ], [ 128.097916812823541, 42.633072457573952 ], [ 128.101143029451379, 42.634122661660847 ], [ 128.10483563364059, 42.634948678739931 ], [ 128.107290000008675, 42.635878819171019 ], [ 128.109745817170023, 42.636922767785272 ], [ 128.111436474698792, 42.637505243880184 ], [ 128.112817477443429, 42.638085306864475 ], [ 128.112817477443429, 42.638085306864475 ], [ 128.108133253523221, 42.632579985062698 ] ] ] ] } },
{ "type": "Feature", "properties": { "DSN": "大拉子组上段                            ", "DSO": "K↓1→d↑2          ", "DSO_TXT": "K1d-2", "CHFCAC": "K5215D01D00049", "SHEET": "K5215" }, "geometry": { "type": "MultiPolygon", "coordinates": [ [ [ [ 128.112817477443429, 42.638085306864475 ], [ 128.118005903091984, 42.645471549342467 ], [ 128.122217778680749, 42.652887830945268 ], [ 128.122217778680749, 42.652887830945268 ], [ 128.118594241343487, 42.65361969416999 ], [ 128.115327806916895, 42.653765929086227 ], [ 128.113647669996197, 42.653672305484548 ], [ 128.112022880602439, 42.653355504575764 ], [ 128.108826415123445, 42.652375318840903 ], [ 128.106117628287308, 42.650937017554639 ], [ 128.104051666853309, 42.648976078854091 ], [ 128.103019553850771, 42.647983632257862 ], [ 128.101627803697852, 42.647310877402603 ], [ 128.10011555737691, 42.646695123949421 ], [ 128.098875178457234, 42.645841589859252 ], [ 128.098199185251815, 42.644712887012979 ], [ 128.097991926837238, 42.643453692706835 ], [ 128.098111432529009, 42.642212783226412 ], [ 128.0986012092132, 42.641024638887842 ], [ 128.099859286418422, 42.638704290333578 ], [ 128.099862145845691, 42.637456970526479 ], [ 128.099513277244228, 42.63622969527966 ], [ 128.097916812823541, 42.633072457573952 ], [ 128.097916812823541, 42.633072457573952 ], [ 128.101143029451379, 42.634122661660847 ], [ 128.10483563364059, 42.634948678739931 ], [ 128.107290000008675, 42.635878819171019 ], [ 128.109745817170023, 42.636922767785272 ], [ 128.111436474698792, 42.637505243880184 ], [ 128.112817477443429, 42.638085306864475 ] ] ] ] } },
{ "type": "Feature", "properties": { "DSN": "广平玄武岩                              ", "DSO": "βQ↓3              ", "DSO_TXT": "βQ3", "CHFCAC": "K5215D01D00050", "SHEET": "K5215" }, "geometry": { "type": "MultiPolygon", "coordinates": [ [ [ [ 128.008919651244497, 42.614371955533173 ], [ 128.010309365415168, 42.614617771638365 ], [ 128.012179007523542, 42.614332402964841 ], [ 128.013889585200673, 42.613687797688833 ], [ 128.015673863988013, 42.613262603888721 ], [ 128.023298858940592, 42.612840546862635 ], [ 128.025217063316887, 42.612617135682349 ], [ 128.026086045764515, 42.612339368064326 ], [ 128.026086045764515, 42.612339368064326 ], [ 128.026790663716127, 42.61186535631262 ], [ 128.028346946128607, 42.609293261606865 ], [ 128.029662920633797, 42.606657986609996 ], [ 128.030213672461969, 42.603865945747835 ], [ 128.029958423480508, 42.602468120982124 ], [ 128.030054730140705, 42.601059467947394 ], [ 128.030365633806213, 42.600363064473825 ], [ 128.031001145281635, 42.599913589191637 ], [ 128.032890909897702, 42.599485305942437 ], [ 128.033663341023072, 42.599058986223866 ], [ 128.034068609599188, 42.598437762677698 ], [ 128.034358520272917, 42.597030193503365 ], [ 128.034957605245609, 42.595687592531959 ], [ 128.035592769128243, 42.595170768044575 ], [ 128.036445235875988, 42.594836840313519 ], [ 128.038337624591549, 42.594694131172673 ], [ 128.038337624591549, 42.594694131172673 ], [ 128.039953555721723, 42.593958695272583 ], [ 128.041050979502756, 42.592818879315686 ], [ 128.041132515076271, 42.592115176660002 ], [ 128.040775994006367, 42.591463797349128 ], [ 128.040775994006367, 42.591463797349128 ], [ 128.040096848201358, 42.59186850882039 ], [ 128.036863368040542, 42.593131439453863 ], [ 128.036863368040542, 42.593131439453863 ], [ 128.033757778177318, 42.594649315531875 ], [ 128.032076363814298, 42.595960198433438 ], [ 128.030779095259646, 42.597487833559001 ], [ 128.027967278163601, 42.600436221308456 ], [ 128.024390520396935, 42.607146507501994 ], [ 128.021716923144396, 42.61017155927518 ], [ 128.019929216496621, 42.61140114787289 ], [ 128.018845260490025, 42.611806658763051 ], [ 128.017661692827403, 42.612008161436883 ], [ 128.012838809321607, 42.612639841894499 ], [ 128.010622289011906, 42.613403915960689 ], [ 128.008919651244497, 42.614371955533173 ] ] ] ] } },
{ "type": "Feature", "properties": { "DSN": "大拉子组下段                            ", "DSO": "K↓1→d↑1          ", "DSO_TXT": "K1d-1", "CHFCAC": "K5215D01D00051", "SHEET": "K5215" }, "geometry": { "type": "MultiPolygon", "coordinates": [ [ [ [ 128.026086045764515, 42.612339368064326 ], [ 128.030009563687855, 42.61185224321617 ], [ 128.031507109482192, 42.611053360605396 ], [ 128.032512979772093, 42.609892938162588 ], [ 128.033068642337867, 42.608576897135926 ], [ 128.033156056063177, 42.607208637292324 ], [ 128.032592373289646, 42.604489344336585 ], [ 128.03268187325159, 42.603110550900944 ], [ 128.033327698018553, 42.601816192844446 ], [ 128.035852948859969, 42.599804327537782 ], [ 128.036861537567205, 42.598650200655598 ], [ 128.037453253290863, 42.597349437179808 ], [ 128.038337624591549, 42.594694131172673 ], [ 128.038337624591549, 42.594694131172673 ], [ 128.036445235875988, 42.594836840313519 ], [ 128.035592769128243, 42.595170768044575 ], [ 128.034957605245609, 42.595687592531959 ], [ 128.034358520272917, 42.597030193503365 ], [ 128.034068609599188, 42.598437762677698 ], [ 128.033663341023072, 42.599058986223866 ], [ 128.032890909897702, 42.599485305942437 ], [ 128.031001145281635, 42.599913589191637 ], [ 128.030365633806213, 42.600363064473825 ], [ 128.030054730140705, 42.601059467947394 ], [ 128.029958423480508, 42.602468120982124 ], [ 128.030213672461969, 42.603865945747835 ], [ 128.029662920633797, 42.606657986609996 ], [ 128.028346946128607, 42.609293261606865 ], [ 128.026790663716127, 42.61186535631262 ], [ 128.026086045764515, 42.612339368064326 ] ] ] ] } },
{ "type": "Feature", "properties": { "DSN": "河漫滩                                  ", "DSO": "Q↓4↑3             ", "DSO_TXT": "Q4-3", "CHFCAC": "K5215D01D00052", "SHEET": "K5215" }, "geometry": { "type": "MultiPolygon", "coordinates": [ [ [ [ 128.512595649705247, 42.171332524730907 ], [ 128.51976986326892, 42.170478385988815 ], [ 128.52386251444571, 42.170100795363155 ], [ 128.527079632242618, 42.169954831355284 ], [ 128.530022323747346, 42.169522260203721 ], [ 128.530775872392127, 42.169681375850146 ], [ 128.531023699755167, 42.1703689100544 ], [ 128.530908275081003, 42.171402875828605 ], [ 128.529207548988865, 42.173419346834883 ], [ 128.528156805683579, 42.174329273743034 ], [ 128.528156805683579, 42.174329273743034 ], [ 128.52760779194162, 42.175454941735708 ], [ 128.528018585679916, 42.175915002711811 ], [ 128.528743955505632, 42.175808239527015 ], [ 128.530291479003722, 42.175183823241674 ], [ 128.530291479003722, 42.175183823241674 ], [ 128.53171153509706, 42.174703834970529 ], [ 128.533061381272887, 42.174020082298448 ], [ 128.534533948637431, 42.173553663539579 ], [ 128.536111397134334, 42.173308682723963 ], [ 128.53772182076051, 42.173409478254875 ], [ 128.538876699328966, 42.17423287547691 ], [ 128.540540373482145, 42.176279564587873 ], [ 128.542428664752578, 42.178206610620684 ], [ 128.543670520556418, 42.178985801421256 ], [ 128.545144290764796, 42.17943560412904 ], [ 128.548364175358302, 42.179533218531041 ], [ 128.551543454364719, 42.17989306110313 ], [ 128.554565144575207, 42.180713646060042 ], [ 128.557736069211074, 42.181120187778703 ], [ 128.559331273928649, 42.181265924867844 ], [ 128.560860415080612, 42.181636292714572 ], [ 128.562219438364764, 42.182278286320553 ], [ 128.56337327219083, 42.18311579830543 ], [ 128.56534287578026, 42.185003938579854 ], [ 128.567551870828083, 42.186750758998876 ], [ 128.568972854882759, 42.187302809272616 ], [ 128.570519729865566, 42.187657877290235 ], [ 128.573605457249101, 42.188330886324493 ], [ 128.575024525108859, 42.188895547236804 ], [ 128.57627462667449, 42.189647449914624 ], [ 128.581052224730229, 42.192846819557843 ], [ 128.583246104962456, 42.194607276075331 ], [ 128.58563671213355, 42.196203944979814 ], [ 128.588492212817584, 42.197310951010103 ], [ 128.591435833774284, 42.198270337820297 ], [ 128.593856830873591, 42.19984272554607 ], [ 128.596038512638927, 42.201630768548299 ], [ 128.596681646054009, 42.202702748795978 ], [ 128.596584520214975, 42.20390763769398 ], [ 128.59594815754815, 42.204998566008072 ], [ 128.59478369006888, 42.205832733463957 ], [ 128.592714143392669, 42.207626745519811 ], [ 128.591213529972606, 42.208087396848796 ], [ 128.589634150416629, 42.208319996301938 ], [ 128.588033701657736, 42.208531077186322 ], [ 128.586596328863891, 42.209021834675291 ], [ 128.584323596819161, 42.210740360247051 ], [ 128.58267444367209, 42.212790297603661 ], [ 128.581694476785714, 42.213734721161146 ], [ 128.58036981610968, 42.214418715029538 ], [ 128.577603933138676, 42.215620399243264 ], [ 128.576393955666674, 42.216410380525581 ], [ 128.576393955666674, 42.216410380525581 ], [ 128.57501418244496, 42.217021622098393 ], [ 128.572062051497795, 42.217977706610114 ], [ 128.569079822123143, 42.219194181293581 ], [ 128.569079822123143, 42.219194181293581 ], [ 128.56825586406859, 42.220065976176635 ], [ 128.568193480135193, 42.220653173839985 ], [ 128.568585292326333, 42.221187308190963 ], [ 128.569261674113363, 42.221520701351388 ], [ 128.570046124851672, 42.22162800876324 ], [ 128.571666676006572, 42.221425481304856 ], [ 128.574596294896509, 42.220462791681911 ], [ 128.577350418613946, 42.219225964221238 ], [ 128.578903004395642, 42.218924310254152 ], [ 128.580502137255479, 42.2190605916797 ], [ 128.58191287578191, 42.219622965922191 ], [ 128.582686184457287, 42.219485787225842 ], [ 128.583253720486709, 42.219039537606122 ], [ 128.584827157592088, 42.216602584222827 ], [ 128.584827157592088, 42.216602584222827 ], [ 128.586561244129541, 42.214991358080809 ], [ 128.587726231086833, 42.214126814025164 ], [ 128.589127297619171, 42.213599379637827 ], [ 128.592281858776687, 42.213107084560782 ], [ 128.594806121902991, 42.211612199189645 ], [ 128.596156206050892, 42.210964592348553 ], [ 128.597662240883551, 42.210538739241308 ], [ 128.600892620793218, 42.21043761627228 ], [ 128.60247755980231, 42.2106857633053 ], [ 128.603918521979296, 42.211192852164096 ], [ 128.606422845614418, 42.212719309249351 ], [ 128.608157504381751, 42.214727213056491 ], [ 128.609586316228501, 42.215265001632261 ], [ 128.611169103899812, 42.215050451651358 ], [ 128.612615208883199, 42.214619766229724 ], [ 128.614133410838349, 42.215161331992931 ], [ 128.614472665154466, 42.21565948792891 ], [ 128.614102932462174, 42.216754808838566 ], [ 128.614102932462174, 42.216754808838566 ], [ 128.613791378217257, 42.217417055293467 ], [ 128.613376960714675, 42.219766252331276 ], [ 128.613121155714111, 42.220661206577851 ], [ 128.613006486867221, 42.221283751116701 ], [ 128.613634940615611, 42.221369721987628 ], [ 128.614764946804399, 42.220666738882834 ], [ 128.616439240688322, 42.21942717155347 ], [ 128.617389711540596, 42.218464958453588 ], [ 128.617389711540596, 42.218464958453588 ], [ 128.617917171240236, 42.217336958178969 ], [ 128.618117105079449, 42.214950223079924 ], [ 128.618248445117928, 42.212569868206266 ], [ 128.619570760053875, 42.210393945218875 ], [ 128.620531181385644, 42.209418639328518 ], [ 128.621697845154614, 42.208596327760858 ], [ 128.623111503616059, 42.208031943998819 ], [ 128.624671572909477, 42.207694401546796 ], [ 128.627869077254843, 42.207613783683506 ], [ 128.631035457452413, 42.20809620612544 ], [ 128.634171211729267, 42.208627123061092 ], [ 128.637202811213626, 42.209417102767226 ], [ 128.640195190409997, 42.21032550490429 ], [ 128.643285419606684, 42.210936555430813 ], [ 128.646511670831615, 42.211221361427484 ], [ 128.648076086553147, 42.211059364403503 ], [ 128.649589333407675, 42.210630789605482 ], [ 128.652757219408301, 42.210215935764872 ], [ 128.655968058264961, 42.209975819553222 ], [ 128.656778287654845, 42.210019753949737 ], [ 128.657504448148501, 42.210281346887776 ], [ 128.657935359223785, 42.210783210801956 ], [ 128.657876248210073, 42.211388467329705 ], [ 128.656928510150237, 42.212353593925009 ], [ 128.655653925965026, 42.213083608989656 ], [ 128.654289167456369, 42.213709666627892 ], [ 128.653247989385392, 42.214618433081974 ], [ 128.65210933678145, 42.215483215846326 ], [ 128.650652800248537, 42.215973241091149 ], [ 128.649167935848254, 42.216424256955818 ], [ 128.647831515761709, 42.217100031860639 ], [ 128.645504191580017, 42.218740428122224 ], [ 128.643470355941645, 42.220594417602598 ], [ 128.640662836125443, 42.22176194944587 ], [ 128.638326048948812, 42.223409104044769 ], [ 128.637481421513797, 42.224425884083033 ], [ 128.636917707676645, 42.225545079805393 ], [ 128.63561158800664, 42.227726337173891 ], [ 128.633813477844427, 42.229730099721145 ], [ 128.631383679713593, 42.231287837438877 ], [ 128.629511785681586, 42.233220162216199 ], [ 128.627777395299631, 42.235236077531404 ], [ 128.625551326331959, 42.236963865687841 ], [ 128.625551326331959, 42.236963865687841 ], [ 128.622944768105583, 42.238357377459799 ], [ 128.620393921236001, 42.239833751128963 ], [ 128.619004505898033, 42.241986586738868 ], [ 128.619151347967659, 42.242566005728087 ], [ 128.619927576105397, 42.242649150912619 ], [ 128.621367577621896, 42.242011833550329 ], [ 128.622660156383915, 42.24135692112737 ], [ 128.624162483438255, 42.240879765761505 ], [ 128.625679770584412, 42.240502065277688 ], [ 128.627289599795205, 42.24041545366152 ], [ 128.630447367354407, 42.240828920387344 ], [ 128.632137196049797, 42.24085921470671 ], [ 128.632801532695794, 42.240571699565173 ], [ 128.63313561370154, 42.240020627269011 ], [ 128.633101955282797, 42.238818826627842 ], [ 128.633273327110828, 42.237646891421363 ], [ 128.634736607219509, 42.2354956468034 ], [ 128.639031699295884, 42.231945038712787 ], [ 128.641393303439031, 42.230325582097215 ], [ 128.643080239276372, 42.228280434809257 ], [ 128.64506758146365, 42.226396928771464 ], [ 128.646311033326242, 42.225653545709676 ], [ 128.647770135717053, 42.225131458527443 ], [ 128.650736564830339, 42.224185177939482 ], [ 128.652058421605801, 42.22352402707677 ], [ 128.65315993741882, 42.222639612489559 ], [ 128.654840516944034, 42.220616325755671 ], [ 128.655832013186284, 42.219660111320799 ], [ 128.657244944469369, 42.219113349101313 ], [ 128.663521968155976, 42.218073333857731 ], [ 128.664878781777276, 42.217422517885076 ], [ 128.664878781777276, 42.217422517885076 ], [ 128.665101944215479, 42.21686745264067 ], [ 128.664952153366954, 42.216245319800827 ], [ 128.66356428020859, 42.214091644484974 ], [ 128.662956736134873, 42.21173878626616 ], [ 128.662924610169739, 42.209350476590849 ], [ 128.663102337414358, 42.208139472218498 ], [ 128.663712608714832, 42.207054007142347 ], [ 128.664822252458265, 42.206172238974801 ], [ 128.666116607988329, 42.205462899347374 ], [ 128.669082133377458, 42.204443701076308 ], [ 128.670193105635832, 42.204033594736927 ], [ 128.671892714076876, 42.20330360957179 ], [ 128.67401730556864, 42.20236484715403 ], [ 128.67401730556864, 42.20236484715403 ], [ 128.676383891392874, 42.2014216739557 ], [ 128.677962154922625, 42.201000122251116 ], [ 128.679632487154436, 42.20081449618602 ], [ 128.68298857406603, 42.200963989740671 ], [ 128.686353508418222, 42.201029704632255 ], [ 128.689717725774102, 42.200875947911804 ], [ 128.696397291832028, 42.200073018235457 ], [ 128.697791711605333, 42.199429289171974 ], [ 128.698730327698001, 42.198375133672101 ], [ 128.69967145686303, 42.195973040136558 ], [ 128.700382741006138, 42.193517820176581 ], [ 128.700320894262063, 42.192307850365992 ], [ 128.700320894262063, 42.192307850365992 ], [ 128.700204919451892, 42.191020944843494 ], [ 128.700405577603931, 42.189778147278901 ], [ 128.701006402944273, 42.188607799469956 ], [ 128.70281313179774, 42.186490666637177 ], [ 128.703482417987914, 42.185332557152307 ], [ 128.703794234260357, 42.184189017674818 ], [ 128.703874420199924, 42.182996675413968 ], [ 128.703968521711033, 42.181587695019893 ], [ 128.703999384973457, 42.180835820005136 ], [ 128.703682953438317, 42.180344961853578 ], [ 128.702860672018232, 42.180332502518766 ], [ 128.702860672018232, 42.180332502518766 ], [ 128.702094584901317, 42.18062401338495 ], [ 128.701083722540517, 42.181657242312653 ], [ 128.700416803614928, 42.182812137934079 ], [ 128.699379996987773, 42.183760073635042 ], [ 128.698120136969436, 42.184612150524799 ], [ 128.698120136969436, 42.184612150524799 ], [ 128.696518760193726, 42.186815420468399 ], [ 128.695449141383506, 42.189190174820666 ], [ 128.69524935679317, 42.191690011558777 ], [ 128.694949354743954, 42.192899084667538 ], [ 128.69428671141273, 42.194046638920561 ], [ 128.692448748715123, 42.196204638319834 ], [ 128.691156381529822, 42.196928976246717 ], [ 128.68954426860742, 42.197297762993102 ], [ 128.686116781158944, 42.197610916346264 ], [ 128.682784079096336, 42.197353733837623 ], [ 128.681120752344981, 42.197213931722665 ], [ 128.679474043253379, 42.197389634326093 ], [ 128.676260149508153, 42.198230560282681 ], [ 128.673314567139158, 42.199430874050798 ], [ 128.670207756896474, 42.200831754863756 ], [ 128.667309047370679, 42.201558238336574 ], [ 128.660665853994715, 42.202360913726508 ], [ 128.653971687230637, 42.202884805480437 ], [ 128.647278608144291, 42.203007769971173 ], [ 128.643831733445182, 42.202941744076206 ], [ 128.642405501941454, 42.202371660927213 ], [ 128.641435433394179, 42.201327652463945 ], [ 128.640667809408455, 42.200199234099713 ], [ 128.640258951021565, 42.199007858621954 ], [ 128.639969738637831, 42.197755728463903 ], [ 128.639327652016902, 42.19658484556907 ], [ 128.638054949123017, 42.195780161556257 ], [ 128.636398144125991, 42.195486900585962 ], [ 128.633087361418376, 42.195986014850895 ], [ 128.631422810108177, 42.196024415368285 ], [ 128.62986449243212, 42.195548890955131 ], [ 128.627290872683261, 42.193938826359563 ], [ 128.625733215260169, 42.193442282061341 ], [ 128.624154976090097, 42.193830235169173 ], [ 128.622944408499535, 42.194702701418478 ], [ 128.622295843752795, 42.195852773571694 ], [ 128.621532202979239, 42.196964853326911 ], [ 128.620497206748098, 42.197973180675682 ], [ 128.61920234387577, 42.198723236154827 ], [ 128.617508649106867, 42.199163998595758 ], [ 128.616767051617728, 42.199032515329421 ], [ 128.616305141357373, 42.198507885429166 ], [ 128.615419824493642, 42.197415302508205 ], [ 128.614930540381749, 42.19668827697609 ], [ 128.614930540381749, 42.19668827697609 ], [ 128.61424863052477, 42.195750982409429 ], [ 128.613568950071112, 42.195347311950862 ], [ 128.612692345878571, 42.195233610072592 ], [ 128.612088905962111, 42.195600312422201 ], [ 128.611618442041504, 42.196830262707337 ], [ 128.610955251307104, 42.19926794781022 ], [ 128.609856364930863, 42.201628042687588 ], [ 128.609084745724687, 42.204051850867167 ], [ 128.608278789077275, 42.205193380504205 ], [ 128.607657004477517, 42.205611934787171 ], [ 128.606845416262445, 42.205768400888275 ], [ 128.606010686599006, 42.205614748374813 ], [ 128.605372719817808, 42.205183186021017 ], [ 128.604980339331178, 42.203958678899696 ], [ 128.604641981659114, 42.202789099326196 ], [ 128.603542601204055, 42.201799678404903 ], [ 128.602620831573688, 42.20073420268573 ], [ 128.602215287006857, 42.199538143475927 ], [ 128.601610071708734, 42.197071775881213 ], [ 128.599838355513469, 42.194948331137361 ], [ 128.596562756887892, 42.192621901519161 ], [ 128.596562756887892, 42.192621901519161 ], [ 128.594856561478792, 42.191601816736075 ], [ 128.59366578649977, 42.190718727346301 ], [ 128.592226687187946, 42.190069862182227 ], [ 128.589277672689462, 42.188854271599261 ], [ 128.588441661309503, 42.187793352205112 ], [ 128.588288693676446, 42.186538922979288 ], [ 128.58860186063859, 42.184012530046083 ], [ 128.588493594835541, 42.183400944405584 ], [ 128.588092676072364, 42.182866230272957 ], [ 128.586739809130506, 42.182109186012653 ], [ 128.585109787838348, 42.181850332598053 ], [ 128.583409761422502, 42.18179652983877 ], [ 128.580081414574721, 42.181494311126436 ], [ 128.576818910593545, 42.180871708016021 ], [ 128.575252037579077, 42.180416608499151 ], [ 128.573882858847838, 42.179691402340033 ], [ 128.572791885446804, 42.178715742588359 ], [ 128.571982139072787, 42.17759522243211 ], [ 128.571110219191951, 42.176540611282043 ], [ 128.569762662703198, 42.175789083992257 ], [ 128.568131063508815, 42.175545879896788 ], [ 128.566470603820363, 42.175802483284471 ], [ 128.564792917631053, 42.175909968530839 ], [ 128.563128902531275, 42.175791967195508 ], [ 128.55980369705776, 42.175372292112385 ], [ 128.558196747850587, 42.175021535580854 ], [ 128.55668918488206, 42.174455760681113 ], [ 128.553953646434167, 42.173003610996616 ], [ 128.551319745103513, 42.171431590313588 ], [ 128.547850261587371, 42.170374051369414 ], [ 128.545130340000355, 42.169487820580137 ], [ 128.543166575776041, 42.167921452661076 ], [ 128.541866531504553, 42.166637732661719 ], [ 128.54051533326961, 42.165868049758906 ], [ 128.538951200460929, 42.16544034394078 ], [ 128.536843778031795, 42.165493269358159 ], [ 128.536843778031795, 42.165493269358159 ], [ 128.535575156942173, 42.165683162129639 ], [ 128.533925886739695, 42.165665863185751 ], [ 128.5305915905559, 42.165343029215883 ], [ 128.528960054905923, 42.165554614608908 ], [ 128.527562187073073, 42.166267211514217 ], [ 128.526100138677663, 42.166895462454391 ], [ 128.524445683351132, 42.167063370670995 ], [ 128.520477521713786, 42.16736945184239 ], [ 128.520477521713786, 42.16736945184239 ], [ 128.51786205127965, 42.167949849999445 ], [ 128.514525513724323, 42.168240461241354 ], [ 128.511202688094585, 42.167808945481326 ], [ 128.50965562589397, 42.167309211127773 ], [ 128.508395113458448, 42.166502785348079 ], [ 128.507257602345533, 42.165568007482186 ], [ 128.50592882505282, 42.164807675914126 ], [ 128.502783119909452, 42.163921884340596 ], [ 128.499520868876175, 42.16329369821306 ], [ 128.496455117127084, 42.162287925528148 ], [ 128.493786290237409, 42.160745510956581 ], [ 128.492756364959035, 42.159767067552998 ], [ 128.491996400594473, 42.158653150858456 ], [ 128.491032028954294, 42.156223954388786 ], [ 128.490868374611296, 42.153741539124162 ], [ 128.491234178549149, 42.151246815797649 ], [ 128.491262142707029, 42.148778117172128 ], [ 128.49103405428437, 42.148136213028359 ], [ 128.490538143419343, 42.147621041938912 ], [ 128.48990762426584, 42.147860348931623 ], [ 128.489250594163082, 42.148437059526387 ], [ 128.488294739460031, 42.149407072162404 ], [ 128.487818736698983, 42.150631749847051 ], [ 128.48641041031442, 42.152120424344496 ], [ 128.48641041031442, 42.152120424344496 ], [ 128.484802400807723, 42.153612122455606 ], [ 128.48328815085236, 42.154189789250381 ], [ 128.481620426219365, 42.154360877343478 ], [ 128.479943757679308, 42.154225795734526 ], [ 128.476586370517026, 42.153985742624563 ], [ 128.475706209968877, 42.154019425041305 ], [ 128.475022027298877, 42.154306111520128 ], [ 128.474511909967134, 42.1555326238527 ], [ 128.474671383411675, 42.156137071920917 ], [ 128.475160496811355, 42.156633620558139 ], [ 128.476651329909743, 42.157277714613677 ], [ 128.479872529608201, 42.157953536999635 ], [ 128.48285466028301, 42.159116209333803 ], [ 128.485640774877908, 42.16055487147905 ], [ 128.489692569507127, 42.164524433687795 ], [ 128.491979134664234, 42.166357098752933 ], [ 128.494534919486284, 42.167980575827954 ], [ 128.497401429296957, 42.169383990587761 ], [ 128.500416608578803, 42.170489352943406 ], [ 128.503631041740249, 42.171193777809428 ], [ 128.506957009508199, 42.171603031867221 ], [ 128.510336883245003, 42.171359027161095 ], [ 128.512595649705247, 42.171332524730907 ] ] ] ] } },
{ "type": "Feature", "properties": { "DSN": "I级阶地                                 ", "DSO": "Q↓4↑2             ", "DSO_TXT": "Q4-2", "CHFCAC": "K5215D01D00053", "SHEET": "K5215" }, "geometry": { "type": "MultiPolygon", "coordinates": [ [ [ [ 128.700320894262063, 42.192307850365992 ], [ 128.700382741006138, 42.193517820176581 ], [ 128.69967145686303, 42.195973040136558 ], [ 128.698730327698001, 42.198375133672101 ], [ 128.697791711605333, 42.199429289171974 ], [ 128.696397291832028, 42.200073018235457 ], [ 128.689717725774102, 42.200875947911804 ], [ 128.686353508418222, 42.201029704632255 ], [ 128.68298857406603, 42.200963989740671 ], [ 128.679632487154436, 42.20081449618602 ], [ 128.677962154922625, 42.201000122251116 ], [ 128.676383891392874, 42.2014216739557 ], [ 128.67401730556864, 42.20236484715403 ], [ 128.67401730556864, 42.20236484715403 ], [ 128.671892714076876, 42.20330360957179 ], [ 128.670193105635832, 42.204033594736927 ], [ 128.669082133377458, 42.204443701076308 ], [ 128.666116607988329, 42.205462899347374 ], [ 128.664822252458265, 42.206172238974801 ], [ 128.663712608714832, 42.207054007142347 ], [ 128.663102337414358, 42.208139472218498 ], [ 128.662924610169739, 42.209350476590849 ], [ 128.662956736134873, 42.21173878626616 ], [ 128.66356428020859, 42.214091644484974 ], [ 128.664952153366954, 42.216245319800827 ], [ 128.665101944215479, 42.21686745264067 ], [ 128.664878781777276, 42.217422517885076 ], [ 128.664878781777276, 42.217422517885076 ], [ 128.666544715208516, 42.216030955586731 ], [ 128.66735927420055, 42.214549306090639 ], [ 128.668681008850115, 42.213307433769764 ], [ 128.670484960053102, 42.212436771566388 ], [ 128.672592628822088, 42.212249979925019 ], [ 128.674742737107579, 42.212371508563855 ], [ 128.676846947114427, 42.212081969065572 ], [ 128.677724161860908, 42.211612212556005 ], [ 128.678337322879656, 42.210956649612108 ], [ 128.679161668319665, 42.209477422918368 ], [ 128.680064601002243, 42.209082356737092 ], [ 128.68109687609055, 42.209284629330057 ], [ 128.682572790924183, 42.210459323051815 ], [ 128.683737046360079, 42.211781705205368 ], [ 128.685010105747637, 42.213070074301783 ], [ 128.686044844205696, 42.213193205162327 ], [ 128.687006453955263, 42.212823061333694 ], [ 128.688718487396017, 42.211870750779326 ], [ 128.690808768140926, 42.211606190944593 ], [ 128.692958815901221, 42.211734439775171 ], [ 128.695060429738788, 42.211490452753445 ], [ 128.696994935007098, 42.210794506331823 ], [ 128.698631473018736, 42.20977756888378 ], [ 128.698631473018736, 42.20977756888378 ], [ 128.700245664030774, 42.208713786452812 ], [ 128.700761304461025, 42.208036140968417 ], [ 128.700997257398569, 42.207242999509639 ], [ 128.701186819841837, 42.205630239805366 ], [ 128.702394948302867, 42.204336293461047 ], [ 128.703257410556574, 42.202873986761794 ], [ 128.703473024667517, 42.201286721392542 ], [ 128.703022149108108, 42.198124660006982 ], [ 128.703212653486275, 42.196539034832121 ], [ 128.702444814028439, 42.195049365528483 ], [ 128.701285766949667, 42.193714033474542 ], [ 128.700320894262063, 42.192307850365992 ] ] ] ] } },
{ "type": "Feature", "properties": { "DSN": "军舰山玄武岩                            ", "DSO": "βQ↓1              ", "DSO_TXT": "βQ1", "CHFCAC": "K5215D01D00054", "SHEET": "K5215" }, "geometry": { "type": "MultiPolygon", "coordinates": [ [ [ [ 128.420149645964557, 42.534101746698504 ], [ 128.420150645992322, 42.534101746689636 ], [ 128.420149412462422, 42.534101353251444 ], [ 128.420149645964557, 42.534101746698504 ] ] ], [ [ [ 128.417911938673456, 42.531222249956137 ], [ 128.416501176766758, 42.529907411500261 ], [ 128.416144773958877, 42.529119551312313 ], [ 128.416170639072362, 42.528279719992817 ], [ 128.416088530556721, 42.527459828458461 ], [ 128.41565376072046, 42.526635251102107 ], [ 128.415267119664605, 42.526343924866808 ], [ 128.414331562598079, 42.526419912883526 ], [ 128.41369085262528, 42.526711498248623 ], [ 128.412285042479425, 42.528012526014088 ], [ 128.410261410569348, 42.528761211283317 ], [ 128.409290269462929, 42.529148324027261 ], [ 128.408529975494872, 42.529771742993162 ], [ 128.407690174174064, 42.530357804290738 ], [ 128.406662816053682, 42.530687392962051 ], [ 128.402134085451564, 42.530665583672288 ], [ 128.399902771784241, 42.530893048313494 ], [ 128.397941917988817, 42.531735921177059 ], [ 128.394862074735073, 42.534180724382544 ], [ 128.393081667224891, 42.53520807129469 ], [ 128.39090958467699, 42.53566706580478 ], [ 128.388683518129113, 42.535416771734333 ], [ 128.386527832744292, 42.53488138361778 ], [ 128.383489924219305, 42.533694793742974 ], [ 128.380130982657562, 42.533276161350493 ], [ 128.379081101483109, 42.533559752688049 ], [ 128.378226289845799, 42.534144178260917 ], [ 128.377672726327631, 42.534893284961292 ], [ 128.377480204074516, 42.535710742247808 ], [ 128.377912731653112, 42.537360023491985 ], [ 128.378310454988423, 42.539009573854578 ], [ 128.378025126963507, 42.540666794012772 ], [ 128.377216273816828, 42.542231009826757 ], [ 128.376593946650075, 42.543831957884876 ], [ 128.376460813303254, 42.544653630488128 ], [ 128.375914444133741, 42.545390243372914 ], [ 128.374324467600189, 42.546597103685883 ], [ 128.374325467628012, 42.546597103677023 ], [ 128.377471217673872, 42.546648392947574 ], [ 128.379369961176565, 42.547394953151695 ], [ 128.382379719719239, 42.549633163059312 ], [ 128.38410400083194, 42.550567187950485 ], [ 128.385998359663233, 42.551294295714214 ], [ 128.388071970221148, 42.551711521777868 ], [ 128.390168680433106, 42.551529959583725 ], [ 128.391903765522613, 42.550590103152345 ], [ 128.393270471813423, 42.549372562536242 ], [ 128.395383978062029, 42.546636650194657 ], [ 128.396599998477967, 42.5454406250158 ], [ 128.398570943219568, 42.544554366267121 ], [ 128.400820822038639, 42.544469032170255 ], [ 128.402854833822687, 42.544061445762402 ], [ 128.403684350660939, 42.543555977535405 ], [ 128.404302236842966, 42.542895835912105 ], [ 128.405136752650833, 42.541278074364271 ], [ 128.406170718727736, 42.540524765219629 ], [ 128.408643144277562, 42.539665792810517 ], [ 128.410588122987264, 42.538977322429986 ], [ 128.41151604804287, 42.538516493215504 ], [ 128.412196222103091, 42.537931874711575 ], [ 128.412846498225377, 42.534829969842257 ], [ 128.413808723626744, 42.533408496464126 ], [ 128.414632264625197, 42.532906727901349 ], [ 128.415664961232011, 42.532729692458247 ], [ 128.417670304246911, 42.533310633983326 ], [ 128.420149412462422, 42.534101353251444 ], [ 128.41924199797765, 42.532572375542571 ], [ 128.417911938673456, 42.531222249956137 ] ] ] ] } },
{ "type": "Feature", "properties": { "DSN": "军舰山玄武岩                            ", "DSO": "βQ↓1              ", "DSO_TXT": "βQ1", "CHFCAC": "K5215D01D00055", "SHEET": "K5215" }, "geometry": { "type": "MultiPolygon", "coordinates": [ [ [ [ 128.436109088894625, 42.47265905728522 ], [ 128.436108088866916, 42.472659057294088 ], [ 128.436108476437767, 42.472660529414917 ], [ 128.436109088894625, 42.47265905728522 ] ] ], [ [ [ 128.434327917145112, 42.475911259414204 ], [ 128.433384187744565, 42.477541951039889 ], [ 128.43303469829263, 42.479309233089822 ], [ 128.433023489517211, 42.481093863203363 ], [ 128.432883552118852, 42.481974662480525 ], [ 128.432443478017944, 42.482811179419649 ], [ 128.431030984718717, 42.484256493877723 ], [ 128.429395094950848, 42.485562137312549 ], [ 128.427915969920036, 42.486965770969967 ], [ 128.427518929501389, 42.488717088505929 ], [ 128.42761174989829, 42.490498462639295 ], [ 128.427283153189165, 42.492266029842455 ], [ 128.426789760843008, 42.493079225478233 ], [ 128.426010454258915, 42.49376637465511 ], [ 128.423980962159561, 42.494722302755939 ], [ 128.422108737024217, 42.495843192504424 ], [ 128.421464763613756, 42.496604374035407 ], [ 128.421267493682706, 42.497496367575508 ], [ 128.421840508138672, 42.498232824686717 ], [ 128.42298378895876, 42.498629758914397 ], [ 128.425308769401084, 42.499025026282013 ], [ 128.4277735355885, 42.499112603196437 ], [ 128.428888881566252, 42.499345560213079 ], [ 128.429470425350928, 42.500129957876389 ], [ 128.42943565392855, 42.50101984451841 ], [ 128.428860594847151, 42.501792734016867 ], [ 128.426861842364275, 42.50280642094048 ], [ 128.424881295084958, 42.503824788598294 ], [ 128.424179371989368, 42.504553476066519 ], [ 128.423980067568323, 42.505441139038567 ], [ 128.424448341006098, 42.506258288739048 ], [ 128.425327501081625, 42.506875390802833 ], [ 128.427565748547835, 42.507542706967136 ], [ 128.432336823011923, 42.507992504284978 ], [ 128.439649782267054, 42.507904800853524 ], [ 128.441951895961097, 42.507703470929904 ], [ 128.441952895988891, 42.507703470921037 ], [ 128.441540575574976, 42.504365474101903 ], [ 128.441361266703439, 42.502796494326674 ], [ 128.440823222474563, 42.501265671277729 ], [ 128.43974478865826, 42.499908585924111 ], [ 128.437963107415499, 42.499028233583097 ], [ 128.433781772806725, 42.498453448672635 ], [ 128.43177601822299, 42.49785262594061 ], [ 128.430960693134693, 42.497350914954886 ], [ 128.430470200967534, 42.496663711712202 ], [ 128.430164158395797, 42.495082367574327 ], [ 128.430423676555762, 42.493525676596064 ], [ 128.431146072548188, 42.492044440752345 ], [ 128.430871804695187, 42.490469673172441 ], [ 128.430574243866346, 42.488917153243683 ], [ 128.431081707490819, 42.487378973819801 ], [ 128.431603698116334, 42.486685396516442 ], [ 128.4323920097832, 42.486141535636605 ], [ 128.433267939680093, 42.485670418652241 ], [ 128.433775466932843, 42.485024460741784 ], [ 128.435084126077442, 42.4820097463327 ], [ 128.436422018263244, 42.475780139409402 ], [ 128.43651731800054, 42.474213443332545 ], [ 128.436108476437767, 42.472660529414917 ], [ 128.435418203026074, 42.474319702603879 ], [ 128.434327917145112, 42.475911259414204 ] ] ] ] } },
{ "type": "Feature", "properties": { "DSN": "军舰山玄武岩                            ", "DSO": "βQ↓1              ", "DSO_TXT": "βQ1", "CHFCAC": "K5215D01D00056", "SHEET": "K5215" }, "geometry": { "type": "MultiPolygon", "coordinates": [ [ [ [ 128.935700433838321, 42.081492945934684 ], [ 128.936924004375442, 42.081358327253199 ], [ 128.937957842533052, 42.081492610857872 ], [ 128.939735692124685, 42.082349098472463 ], [ 128.94096117405482, 42.083643796461274 ], [ 128.941606054200832, 42.084263576017541 ], [ 128.942510701173262, 42.084674682103604 ], [ 128.944443711218355, 42.085295991145927 ], [ 128.944443711218355, 42.085295991145927 ], [ 128.945428069039536, 42.086328391997249 ], [ 128.945783961176545, 42.087007306697501 ], [ 128.945671471469495, 42.087368382227353 ], [ 128.944726282704153, 42.087721786061493 ], [ 128.942602106466921, 42.087461739576611 ], [ 128.938387937230914, 42.087301320133633 ], [ 128.936251928800374, 42.087281111818044 ], [ 128.935242180280227, 42.087099335576561 ], [ 128.934422227730749, 42.086616157663947 ], [ 128.932961283312778, 42.085437583618294 ], [ 128.932807925521786, 42.084653807609833 ], [ 128.93302299934345, 42.083880562550902 ], [ 128.933445165254312, 42.083150751551479 ], [ 128.934172616473063, 42.08258929368494 ], [ 128.935700433838321, 42.081492945934684 ] ] ] ] } },
{ "type": "Feature", "properties": { "DSN": "Ⅳ级阶地                                ", "DSO": "Q↓1                ", "DSO_TXT": "Q1", "CHFCAC": "K5215D01D00057", "SHEET": "K5215" }, "geometry": { "type": "MultiPolygon", "coordinates": [ [ [ [ 128.935700433838321, 42.081492945934684 ], [ 128.936924004375442, 42.081358327253199 ], [ 128.937957842533052, 42.081492610857872 ], [ 128.939735692124685, 42.082349098472463 ], [ 128.94096117405482, 42.083643796461274 ], [ 128.941606054200832, 42.084263576017541 ], [ 128.942510701173262, 42.084674682103604 ], [ 128.944443711218355, 42.085295991145927 ], [ 128.944443711218355, 42.085295991145927 ], [ 128.941057472137885, 42.081859418431883 ], [ 128.939983939699573, 42.081014320514043 ], [ 128.938565847232127, 42.080526009220186 ], [ 128.93702375993368, 42.080724750000087 ], [ 128.935700433838321, 42.081492945934684 ] ] ] ] } },
{ "type": "Feature", "properties": { "DSN": "军舰山玄武岩                            ", "DSO": "βQ↓1              ", "DSO_TXT": "βQ1", "CHFCAC": "K5215D01D00058", "SHEET": "K5215" }, "geometry": { "type": "MultiPolygon", "coordinates": [ [ [ [ 128.964298272323987, 42.104518224485169 ], [ 128.962767212365833, 42.105062814037446 ], [ 128.960684452955888, 42.105450753706194 ], [ 128.958548438039543, 42.105276536600527 ], [ 128.95658360911807, 42.104631570862324 ], [ 128.952997916365547, 42.102884243634897 ], [ 128.951259614875568, 42.1024821825971 ], [ 128.948973024679901, 42.102759836632544 ], [ 128.947007233654034, 42.103390137974017 ], [ 128.946152629505406, 42.103887464364696 ], [ 128.945219995740416, 42.10508403941509 ], [ 128.945129337461395, 42.106508368497103 ], [ 128.94575415216471, 42.107906417663727 ], [ 128.946289787888446, 42.109038182463962 ], [ 128.946423376612756, 42.109703840387823 ], [ 128.946333241897008, 42.110535792504024 ], [ 128.945751626830855, 42.110868316681923 ], [ 128.944601587805721, 42.111554410497369 ], [ 128.943348545425295, 42.11287440424119 ], [ 128.942618375652188, 42.114194767287749 ], [ 128.942467966847317, 42.115986269600739 ], [ 128.941526847182018, 42.11740971431523 ], [ 128.939983457881738, 42.118513264752288 ], [ 128.938856918930298, 42.119351183781617 ], [ 128.938766795980996, 42.12005000934063 ], [ 128.938766155157197, 42.120715603182141 ], [ 128.939538453936052, 42.121316694767913 ], [ 128.940599597025141, 42.121910373019773 ], [ 128.941676441993053, 42.122757650256716 ], [ 128.942844211305555, 42.12379688614859 ], [ 128.943921227636537, 42.124519954837019 ], [ 128.943920227609112, 42.124519954845951 ], [ 128.945180641002224, 42.124834089916462 ], [ 128.946240605903569, 42.125037632654497 ], [ 128.948392496204718, 42.125123691135848 ], [ 128.950459299885296, 42.125566630519252 ], [ 128.953890509170037, 42.126959816662051 ], [ 128.956411340365662, 42.127368615932888 ], [ 128.958562771217203, 42.127214633328578 ], [ 128.958562771217203, 42.127214633328578 ], [ 128.961687549053295, 42.126993301029714 ], [ 128.964847332143961, 42.126664178854703 ], [ 128.968202839405421, 42.126997955978162 ], [ 128.972003679079847, 42.127331743245989 ], [ 128.9720046791073, 42.12733174323705 ], [ 128.973212529844375, 42.126965954643786 ], [ 128.974152344632301, 42.125734822003075 ], [ 128.974242405538035, 42.124237256476142 ], [ 128.973438178350364, 42.122173731902095 ], [ 128.972991767828148, 42.120176845330491 ], [ 128.973171127666063, 42.119078656986517 ], [ 128.974270491003153, 42.117554809377673 ], [ 128.975056279157286, 42.116547868024654 ], [ 128.976194826617643, 42.115747334182899 ], [ 128.979030638071464, 42.114704756884223 ], [ 128.98041909061439, 42.114156063854779 ], [ 128.981412245623517, 42.113019120018834 ], [ 128.982585694086708, 42.112483233495041 ], [ 128.984181384128618, 42.112425992439093 ], [ 128.986058625732284, 42.112530977961015 ], [ 128.987701285967972, 42.112286766345463 ], [ 128.987889129596255, 42.111658326486705 ], [ 128.987298610858687, 42.110748608185403 ], [ 128.98669732879452, 42.110203501399454 ], [ 128.986096708972212, 42.109884111707629 ], [ 128.985624805959645, 42.109596667623293 ], [ 128.984938387255056, 42.10927725925432 ], [ 128.984939387282481, 42.109277259245388 ], [ 128.984038429490823, 42.109021681360488 ], [ 128.983008772298859, 42.108734147529624 ], [ 128.981335568131527, 42.108382636415108 ], [ 128.979079927230345, 42.108289660965369 ], [ 128.976450855286174, 42.108481180258842 ], [ 128.974995016500003, 42.10860307318503 ], [ 128.973307562182043, 42.108637606963121 ], [ 128.972108998359545, 42.108358007551011 ], [ 128.971170886739088, 42.107345258367964 ], [ 128.970609459704832, 42.105808882598268 ], [ 128.970023243631573, 42.10502315617159 ], [ 128.969086886740712, 42.10449741668171 ], [ 128.967415158263236, 42.104374861710731 ], [ 128.964299272351411, 42.104518224476237 ], [ 128.964298272323987, 42.104518224485169 ] ] ] ] } },
{ "type": "Feature", "properties": { "DSN": "Ⅳ级阶地                                ", "DSO": "Q↓1                ", "DSO_TXT": "Q1", "CHFCAC": "K5215D01D00059", "SHEET": "K5215" }, "geometry": { "type": "MultiPolygon", "coordinates": [ [ [ [ 128.984939387282481, 42.109277259245388 ], [ 128.984038429490823, 42.109021681360488 ], [ 128.983008772298859, 42.108734147529624 ], [ 128.981335568131527, 42.108382636415108 ], [ 128.979079927230345, 42.108289660965369 ], [ 128.976450855286174, 42.108481180258842 ], [ 128.974995016500003, 42.10860307318503 ], [ 128.973307562182043, 42.108637606963121 ], [ 128.972108998359545, 42.108358007551011 ], [ 128.971170886739088, 42.107345258367964 ], [ 128.970609459704832, 42.105808882598268 ], [ 128.970023243631573, 42.10502315617159 ], [ 128.969086886740712, 42.10449741668171 ], [ 128.967415158263236, 42.104374861710731 ], [ 128.964299272351411, 42.104518224476237 ], [ 128.964299272351411, 42.104518224476237 ], [ 128.965148267800004, 42.103789061079056 ], [ 128.965794788569298, 42.103481562601644 ], [ 128.96720185510992, 42.103090303716797 ], [ 128.968656935639984, 42.102808649639918 ], [ 128.970162653403349, 42.103032589816415 ], [ 128.97119160373623, 42.103809804775771 ], [ 128.972099141077337, 42.104808970139793 ], [ 128.973591319349225, 42.10627443388708 ], [ 128.974603327454247, 42.106591552016503 ], [ 128.975642977274816, 42.106803284544071 ], [ 128.976855619839739, 42.106699648617379 ], [ 128.979619895241342, 42.106721883499219 ], [ 128.981049344078826, 42.106893428084973 ], [ 128.982451364734828, 42.107424853046538 ], [ 128.983478906968912, 42.108063644940444 ], [ 128.98425105444926, 42.108638528220226 ], [ 128.984939387282481, 42.109277259245388 ] ] ] ] } },
{ "type": "Feature", "properties": { "DSN": "军舰山玄武岩                            ", "DSO": "βQ↓1              ", "DSO_TXT": "βQ1", "CHFCAC": "K5215D01D00060", "SHEET": "K5215" }, "geometry": { "type": "MultiPolygon", "coordinates": [ [ [ [ 128.827369985334599, 42.196384874885645 ], [ 128.831010979085306, 42.195621209270932 ], [ 128.83441052515704, 42.194399392808386 ], [ 128.835807233256332, 42.193450631877411 ], [ 128.836580275404771, 42.192114600287823 ], [ 128.836672105289892, 42.190970018936049 ], [ 128.836172042617449, 42.189759099818794 ], [ 128.836172042617449, 42.189759099818794 ], [ 128.835227204377816, 42.188330738789467 ], [ 128.834727280542381, 42.186899129438856 ], [ 128.834939874256321, 42.184896186428574 ], [ 128.83618843297117, 42.183224933941403 ], [ 128.837952932349026, 42.182131869728806 ], [ 128.841154289618629, 42.180631946980483 ], [ 128.844346838726693, 42.179129071308999 ], [ 128.847728112942832, 42.177863032710192 ], [ 128.851355701896949, 42.177089756402495 ], [ 128.852150458176084, 42.176712688257822 ], [ 128.852581362955164, 42.176002784206169 ], [ 128.852612313651719, 42.175430467181506 ], [ 128.852140129466363, 42.174681392665931 ], [ 128.850692893041611, 42.172918418075916 ], [ 128.850279989999905, 42.172169410920183 ], [ 128.850312152057484, 42.171090778917566 ], [ 128.850404169629201, 42.169748058508517 ], [ 128.850379303486847, 42.168271506418542 ], [ 128.850299702047295, 42.167553389583993 ], [ 128.850585154509474, 42.166909196628083 ], [ 128.851569201743303, 42.165897375822411 ], [ 128.851569201743303, 42.165897375822411 ], [ 128.853413991936378, 42.165133721198934 ], [ 128.855095360846718, 42.164673536696128 ], [ 128.856132244389869, 42.164520744989936 ], [ 128.857168579519566, 42.164610095035918 ], [ 128.858879598221932, 42.164730046344694 ], [ 128.859814672734984, 42.164628551949662 ], [ 128.860601624564964, 42.164245307302423 ], [ 128.861407410315053, 42.162854190325653 ], [ 128.861469474714454, 42.161555450477451 ], [ 128.86132428866236, 42.160234447968584 ], [ 128.860645936480154, 42.158978838297294 ], [ 128.859995623001595, 42.158449714821089 ], [ 128.859196477885547, 42.158272627173041 ], [ 128.858389706278587, 42.158279294789388 ], [ 128.857359524630652, 42.15871063369179 ], [ 128.85522295467004, 42.160667187449924 ], [ 128.853725317394833, 42.161763605360825 ], [ 128.851929751185111, 42.162235504698359 ], [ 128.850028202109826, 42.162392255030774 ], [ 128.848197146065587, 42.16211287556348 ], [ 128.848197146065587, 42.16211287556348 ], [ 128.846454764036878, 42.161734463105191 ], [ 128.844585795522619, 42.161274959297863 ], [ 128.843641361564579, 42.161354562357687 ], [ 128.842821796107529, 42.16170458404352 ], [ 128.842245734216448, 42.16227377659488 ], [ 128.841860987787186, 42.163181134578565 ], [ 128.842064784301982, 42.164590297715144 ], [ 128.843048467956464, 42.165616618905823 ], [ 128.843836071965313, 42.166882157018307 ], [ 128.844217410555558, 42.168379612100303 ], [ 128.844378619811494, 42.169636410744133 ], [ 128.843775021378718, 42.170966496650088 ], [ 128.842846688060803, 42.17219620216347 ], [ 128.841674370388944, 42.173297823828626 ], [ 128.835663544133183, 42.176693970286451 ], [ 128.832971649464525, 42.178666643983341 ], [ 128.83080325196903, 42.180824437537446 ], [ 128.829645359346642, 42.181791329189835 ], [ 128.827769125475697, 42.182499239443395 ], [ 128.826089763251133, 42.183174667915665 ], [ 128.824958890230107, 42.183956815597199 ], [ 128.824214503533113, 42.185320528954563 ], [ 128.824032296948275, 42.18692724985587 ], [ 128.823046249036537, 42.188171674671445 ], [ 128.821352238309942, 42.188830631623006 ], [ 128.819564741194085, 42.189288423063509 ], [ 128.818163027601003, 42.190220291319392 ], [ 128.81706171235848, 42.191355110413667 ], [ 128.815289216370985, 42.191862206965979 ], [ 128.813524819358634, 42.191694177835657 ], [ 128.811806588233338, 42.191356817378669 ], [ 128.809842500231781, 42.191110265682426 ], [ 128.808023694967034, 42.191409360253267 ], [ 128.806478723511759, 42.192224413864608 ], [ 128.805088133759995, 42.19307920609436 ], [ 128.803733712879762, 42.194232633243772 ], [ 128.803075342542343, 42.195326414495085 ], [ 128.801802610997726, 42.196510371851417 ], [ 128.799957473785412, 42.197450008203141 ], [ 128.796793984158512, 42.198533628525304 ], [ 128.795489198048358, 42.199327803410185 ], [ 128.794627312828851, 42.199995372815422 ], [ 128.794543266876246, 42.200664334103124 ], [ 128.795310172551666, 42.201320002658839 ], [ 128.796074486133392, 42.201725199873458 ], [ 128.797847960720134, 42.202221831842444 ], [ 128.801538716893788, 42.202842186283021 ], [ 128.803148746098429, 42.203560035651165 ], [ 128.804504893375139, 42.204557869821777 ], [ 128.805488730715012, 42.205745277191014 ], [ 128.805992299731599, 42.207103316560236 ], [ 128.806002258185771, 42.208424894751879 ], [ 128.805445977891338, 42.209796108468893 ], [ 128.803296947311054, 42.212109500902031 ], [ 128.803053213399295, 42.212780832716696 ], [ 128.803202273634383, 42.213487501893894 ], [ 128.80358158884178, 42.214221907634133 ], [ 128.80358158884178, 42.214221907634133 ], [ 128.804579668029618, 42.214665848746591 ], [ 128.806343833746212, 42.214937341342761 ], [ 128.809129923678199, 42.214815657859525 ], [ 128.811988910460002, 42.214237635547534 ], [ 128.813620996861886, 42.213530109837102 ], [ 128.814858930896406, 42.212465041415449 ], [ 128.815673084041435, 42.211194906966789 ], [ 128.816095578575272, 42.209822675978224 ], [ 128.816290582769682, 42.206986295041446 ], [ 128.816513395159944, 42.205603204662857 ], [ 128.817078969077357, 42.204272962340447 ], [ 128.817662843934471, 42.20290659615533 ], [ 128.818860891414829, 42.201484846850143 ], [ 128.818860891414829, 42.201484846850143 ], [ 128.821398807943041, 42.199814411655304 ], [ 128.824228800824699, 42.197951591425678 ], [ 128.827369985334599, 42.196384874885645 ] ] ] ] } },
{ "type": "Feature", "properties": { "DSN": "屯田营组下段                            ", "DSO": "J↓2→t↑1          ", "DSO_TXT": "J2t-1", "CHFCAC": "K5215D01D00061", "SHEET": "K5215" }, "geometry": { "type": "MultiPolygon", "coordinates": [ [ [ [ 128.966439286854779, 42.378060702100214 ], [ 128.966440290624661, 42.378060731671731 ], [ 128.966440286882317, 42.378060702091226 ], [ 128.966439286854779, 42.378060702100214 ] ] ], [ [ [ 128.968091221130067, 42.388276508291277 ], [ 128.968435476207986, 42.387134434541018 ], [ 128.968836060488911, 42.385527047635115 ], [ 128.969122635456017, 42.383454300551918 ], [ 128.969351016360122, 42.381508442611704 ], [ 128.969637331824714, 42.379901020711984 ], [ 128.969923466306341, 42.378632017951709 ], [ 128.97003690085927, 42.378166718916653 ], [ 128.970037900886808, 42.378166718907679 ], [ 128.966440290624661, 42.378060731671731 ], [ 128.967487176119505, 42.386335575865004 ], [ 128.968091221130067, 42.388276508291277 ] ] ] ] } },
{ "type": "Feature", "properties": { "DSN": "长财组下段                              ", "DSO": "J↓3→c↑1          ", "DSO_TXT": "J3c-1", "CHFCAC": "K5215D01D00062", "SHEET": "K5215" }, "geometry": { "type": "MultiPolygon", "coordinates": [ [ [ [ 128.972836969327631, 42.378306846245373 ], [ 128.972549097585556, 42.379110528400332 ], [ 128.97215068516698, 42.380633325292628 ], [ 128.971864373781074, 42.38236766092502 ], [ 128.971177009383382, 42.384694132480661 ], [ 128.971003880184213, 42.386428492490879 ], [ 128.971117327182242, 42.388120622993043 ], [ 128.971003322726744, 42.389812694420442 ], [ 128.970888092144406, 42.391970094902483 ], [ 128.970715856363313, 42.393873662404751 ], [ 128.970257307717191, 42.395142619420909 ], [ 128.969916179856142, 42.395988579578798 ], [ 128.969916179856142, 42.395988579578798 ], [ 128.968091221130067, 42.388276508291277 ], [ 128.968091221130067, 42.388276508291277 ], [ 128.968435476207986, 42.387134434541018 ], [ 128.968836060488911, 42.385527047635115 ], [ 128.969122635456017, 42.383454300551918 ], [ 128.969351016360122, 42.381508442611704 ], [ 128.969637331824714, 42.379901020711984 ], [ 128.969923466306341, 42.378632017951709 ], [ 128.97003690085927, 42.378166718916653 ], [ 128.970037900886808, 42.378166718907679 ], [ 128.972835969300093, 42.378306846254354 ], [ 128.972836969327631, 42.378306846245373 ] ] ] ] } },
{ "type": "Feature", "properties": { "DSN": "长财组上段                              ", "DSO": "J↓3→c↑2          ", "DSO_TXT": "J3c-2", "CHFCAC": "K5215D01D00063", "SHEET": "K5215" }, "geometry": { "type": "MultiPolygon", "coordinates": [ [ [ [ 128.972835969300093, 42.378306846254354 ], [ 128.972836967072027, 42.378306852542551 ], [ 128.972836969327631, 42.378306846245373 ], [ 128.972835969300093, 42.378306846254354 ] ] ], [ [ [ 128.97215068516698, 42.380633325292628 ], [ 128.971864373781074, 42.38236766092502 ], [ 128.971177009383382, 42.384694132480661 ], [ 128.971003880184213, 42.386428492490879 ], [ 128.971117327182242, 42.388120622993043 ], [ 128.971003322726744, 42.389812694420442 ], [ 128.970888092144406, 42.391970094902483 ], [ 128.970715856363313, 42.393873662404751 ], [ 128.970257307717191, 42.395142619420909 ], [ 128.969916179856142, 42.395988579578798 ], [ 128.972195910902883, 42.403028058308351 ], [ 128.972540135193213, 42.401970581525909 ], [ 128.973112228665912, 42.400024803934862 ], [ 128.973913833805113, 42.397935471695895 ], [ 128.974371212270171, 42.396962619006693 ], [ 128.975056274314397, 42.395439880312594 ], [ 128.975514995220777, 42.39349406535478 ], [ 128.975857322502179, 42.3918866434622 ], [ 128.976085561976731, 42.389856171086862 ], [ 128.976030009071479, 42.388375570156079 ], [ 128.975859413576728, 42.386429617431595 ], [ 128.975575642295951, 42.384399034738387 ], [ 128.975405086869529, 42.382410777137892 ], [ 128.975575806412962, 42.381395552498532 ], [ 128.976034227244611, 42.379915057715962 ], [ 128.976553400878345, 42.37837580979896 ], [ 128.976554400905883, 42.378375809789979 ], [ 128.974811538513194, 42.378319296768034 ], [ 128.972836967072027, 42.378306852542551 ], [ 128.972549097585556, 42.379110528400332 ], [ 128.97215068516698, 42.380633325292628 ] ] ] ] } },
{ "type": "Feature", "properties": { "DSN": "泉水村组                                ", "DSO": "J↓3→q             ", "DSO_TXT": "J3q", "CHFCAC": "K5215D01D00064", "SHEET": "K5215" }, "geometry": { "type": "MultiPolygon", "coordinates": [ [ [ [ 128.975357181109445, 42.411814780555261 ], [ 128.975356181081906, 42.411814780564256 ], [ 128.975356317006344, 42.411815280067856 ], [ 128.975357181109445, 42.411814780555261 ] ] ], [ [ [ 128.970918150554439, 42.416096168043055 ], [ 128.969346723030043, 42.418732870251553 ], [ 128.968280061146544, 42.421385189110715 ], [ 128.967525103059074, 42.422649060840179 ], [ 128.966376776990529, 42.423742905641497 ], [ 128.964847342796702, 42.424523780858358 ], [ 128.963143000249346, 42.425090465071882 ], [ 128.959934029159598, 42.426421332099913 ], [ 128.956802173835342, 42.428005944154442 ], [ 128.955533385745269, 42.429008353503704 ], [ 128.954680185566502, 42.430225149417311 ], [ 128.953583515423361, 42.432887837221358 ], [ 128.952911556849074, 42.435597283354504 ], [ 128.952446147893511, 42.436938556115457 ], [ 128.952553581565581, 42.437636926772107 ], [ 128.953202950694816, 42.438099828833685 ], [ 128.954149036328062, 42.438127289582404 ], [ 128.955022633758233, 42.437876983595494 ], [ 128.957054048954603, 42.436482984648698 ], [ 128.957689476405164, 42.435978980922279 ], [ 128.95837290570924, 42.435499374174569 ], [ 128.959234805219637, 42.435197609787508 ], [ 128.960166256973338, 42.435164594910177 ], [ 128.961055394755846, 42.435411411515048 ], [ 128.962343027506932, 42.436410019457348 ], [ 128.962965359516403, 42.437738388521147 ], [ 128.96292493110505, 42.438417699164624 ], [ 128.962572798851596, 42.439059371820179 ], [ 128.962573798879163, 42.439059371811176 ], [ 128.960058275011761, 42.447360549205818 ], [ 128.959020689057951, 42.451541959780087 ], [ 128.9588094279747, 42.453439228933107 ], [ 128.959075907829344, 42.455794104166728 ], [ 128.959538266017319, 42.457594696594334 ], [ 128.960818237301027, 42.459221090740023 ], [ 128.962696619044635, 42.46153373906877 ], [ 128.963666656207778, 42.463551841400474 ], [ 128.96401561439842, 42.465649806975158 ], [ 128.963596602084209, 42.467760417522776 ], [ 128.962915923190678, 42.46982740610941 ], [ 128.962466429117654, 42.471934796272507 ], [ 128.962996893215205, 42.474018414984549 ], [ 128.963880507550613, 42.476043466550131 ], [ 128.964222461762319, 42.478157598682856 ], [ 128.963511323393931, 42.480219974944418 ], [ 128.962912572938478, 42.481181827621526 ], [ 128.962034054788944, 42.482022646328581 ], [ 128.959809012426945, 42.483393470235569 ], [ 128.958752904466081, 42.484107232278852 ], [ 128.957929064625148, 42.484983651038974 ], [ 128.957147632973118, 42.48702761824606 ], [ 128.957197525099332, 42.489155965705855 ], [ 128.957696523105113, 42.491248754970734 ], [ 128.956995097715037, 42.493315763512797 ], [ 128.955605528314237, 42.495434077212138 ], [ 128.955018572101409, 42.496931338969461 ], [ 128.954703478809051, 42.498528533934113 ], [ 128.953664744365682, 42.501090487135272 ], [ 128.953072754772677, 42.503506218700622 ], [ 128.95452493750966, 42.504044628976168 ], [ 128.956144930833773, 42.504939610661566 ], [ 128.957538302077126, 42.506040188493671 ], [ 128.959256988626294, 42.506838491281421 ], [ 128.959283479197808, 42.504958700541358 ], [ 128.959558685108703, 42.503255755486947 ], [ 128.96018960563066, 42.501725211581906 ], [ 128.960876657072049, 42.499894287239101 ], [ 128.962861528814784, 42.496728254717176 ], [ 128.96427276513748, 42.493400674470173 ], [ 128.96627535772754, 42.490247386606462 ], [ 128.96781950187119, 42.488923044242206 ], [ 128.969775090959672, 42.487949870467311 ], [ 128.971821041514232, 42.487088700295949 ], [ 128.973564424083747, 42.485920469782634 ], [ 128.977315582042905, 42.483804457099289 ], [ 128.979255231505306, 42.479824336360224 ], [ 128.979890548420286, 42.474360247649962 ], [ 128.979880979082026, 42.465882576052707 ], [ 128.978423408438232, 42.449068307093604 ], [ 128.977798761936867, 42.426742750709593 ], [ 128.977176113592492, 42.418502782307108 ], [ 128.975356317006344, 42.411815280067856 ], [ 128.974089146613949, 42.41254779400829 ], [ 128.970918150554439, 42.416096168043055 ] ] ] ] } },
{ "type": "Feature", "properties": { "DSN": "大拉子组下段                            ", "DSO": "K↓1→d↑1          ", "DSO_TXT": "K1d-1", "CHFCAC": "K5215D01D00065", "SHEET": "K5215" }, "geometry": { "type": "MultiPolygon", "coordinates": [ [ [ [ 128.959256988626294, 42.506838491281421 ], [ 128.963232842902784, 42.507442114690683 ], [ 128.965238790981346, 42.507674281620211 ], [ 128.967073356296424, 42.507495705621807 ], [ 128.967073356296424, 42.507495705621807 ], [ 128.966936890368117, 42.506032686894926 ], [ 128.967387707012477, 42.503957076429614 ], [ 128.968829618705939, 42.501927551368027 ], [ 128.970138719425194, 42.500708784844775 ], [ 128.971619469844796, 42.499432464344061 ], [ 128.974589782730817, 42.497636175625601 ], [ 128.977603932870494, 42.495806540970101 ], [ 128.980125162456659, 42.493510856671257 ], [ 128.981745568049973, 42.490815644554964 ], [ 128.984315990849694, 42.488700686377243 ], [ 128.985325493254095, 42.487453082612724 ], [ 128.985937369813229, 42.486040761645029 ], [ 128.986721930890496, 42.48315800808632 ], [ 128.987156914589406, 42.481725669796219 ], [ 128.98802978796337, 42.480417962766452 ], [ 128.989051243614995, 42.479139245756201 ], [ 128.989795801119556, 42.47778256172797 ], [ 128.99051386884878, 42.474898071094721 ], [ 128.99194419287565, 42.472158647573316 ], [ 128.994227171985983, 42.470272284811053 ], [ 128.996001373776437, 42.468939654605862 ], [ 128.996967225526873, 42.467574659462549 ], [ 128.996967225526873, 42.467574659462549 ], [ 128.996876653812279, 42.466080180197984 ], [ 128.99741456325421, 42.464625967945281 ], [ 128.99879358463744, 42.461797756932064 ], [ 128.998665207442571, 42.46029968525761 ], [ 128.997964564080831, 42.458735408764412 ], [ 128.997775913634541, 42.457263380908543 ], [ 128.99807528062621, 42.455708038918054 ], [ 128.998815703472872, 42.454416308720994 ], [ 128.999006415561468, 42.452985043440705 ], [ 128.998798980831708, 42.451790757168055 ], [ 128.998798980831708, 42.451790757168055 ], [ 128.996397537378783, 42.453276619718203 ], [ 128.995095449259878, 42.454404297024382 ], [ 128.994157941772727, 42.455490421464809 ], [ 128.992699097407097, 42.457848068765855 ], [ 128.991600021939007, 42.458851530855448 ], [ 128.990144442282542, 42.459567709903894 ], [ 128.986757289834713, 42.460199338247541 ], [ 128.985162620677812, 42.460650875859457 ], [ 128.983771274643061, 42.461761651061153 ], [ 128.981806269299341, 42.46372742131318 ], [ 128.979880979082026, 42.465882576052707 ], [ 128.979880979082026, 42.465882576052707 ], [ 128.979890548420286, 42.474360247649962 ], [ 128.979255231505306, 42.479824336360224 ], [ 128.977315582042905, 42.483804457099289 ], [ 128.977315582042905, 42.483804457099289 ], [ 128.973564424083747, 42.485920469782634 ], [ 128.971821041514232, 42.487088700295949 ], [ 128.969775090959672, 42.487949870467311 ], [ 128.96781950187119, 42.488923044242206 ], [ 128.96627535772754, 42.490247386606462 ], [ 128.96427276513748, 42.493400674470173 ], [ 128.962861528814784, 42.496728254717176 ], [ 128.960876657072049, 42.499894287239101 ], [ 128.96018960563066, 42.501725211581906 ], [ 128.959558685108703, 42.503255755486947 ], [ 128.959283479197808, 42.504958700541358 ], [ 128.959256988626294, 42.506838491281421 ] ] ] ] } },
{ "type": "Feature", "properties": { "DSN": "长财组下段                              ", "DSO": "J↓3→c↑1          ", "DSO_TXT": "J3c-1", "CHFCAC": "K5215D01D00066", "SHEET": "K5215" }, "geometry": { "type": "MultiPolygon", "coordinates": [ [ [ [ 128.962573798879163, 42.439059371811176 ], [ 128.960058275011761, 42.447360549205818 ], [ 128.959020689057951, 42.451541959780087 ], [ 128.9588094279747, 42.453439228933107 ], [ 128.959075907829344, 42.455794104166728 ], [ 128.959538266017319, 42.457594696594334 ], [ 128.960818237301027, 42.459221090740023 ], [ 128.960818237301027, 42.459221090740023 ], [ 128.960169269948068, 42.464718186303621 ], [ 128.959810164309687, 42.467543331509233 ], [ 128.958892277636778, 42.470286418104209 ], [ 128.958544301004309, 42.471657164806011 ], [ 128.958636190337018, 42.473076663274121 ], [ 128.958817053192547, 42.475921403040296 ], [ 128.958470403043265, 42.478738519688953 ], [ 128.957606564224108, 42.481497313012845 ], [ 128.955868708859867, 42.484018203028235 ], [ 128.955189185001359, 42.485322770389097 ], [ 128.954812293191281, 42.486706510939335 ], [ 128.95345054749788, 42.492284609140022 ], [ 128.952143183186649, 42.497853926628061 ], [ 128.951179264960302, 42.503460506544016 ], [ 128.951179264960302, 42.503460506544016 ], [ 128.948712576535399, 42.504089305684452 ], [ 128.948007804537781, 42.504143591746782 ], [ 128.948006804510158, 42.504143591755778 ], [ 128.947865524542948, 42.502039765440088 ], [ 128.948157639992303, 42.499941761496473 ], [ 128.948929318014336, 42.496239945241108 ], [ 128.948929318014336, 42.496239945241108 ], [ 128.950010601800813, 42.49162243614397 ], [ 128.950573813578416, 42.487427356914445 ], [ 128.950577965347833, 42.485311374197806 ], [ 128.950902236193144, 42.483228487724944 ], [ 128.951601344964899, 42.481175048566953 ], [ 128.95185912588272, 42.479087928371378 ], [ 128.951803980839713, 42.474866756366467 ], [ 128.952389429711161, 42.470670041196762 ], [ 128.953746333489619, 42.466573517162949 ], [ 128.954186254840153, 42.464492083533798 ], [ 128.954294704020754, 42.462385869901432 ], [ 128.954504722984979, 42.453963499860272 ], [ 128.956061471199348, 42.445607078842997 ], [ 128.956889553101547, 42.443590771919965 ], [ 128.958179838783934, 42.441708468766123 ], [ 128.960204536007979, 42.44023116969737 ], [ 128.962572798851596, 42.439059371820179 ], [ 128.962573798879163, 42.439059371811176 ] ] ] ] } },
{ "type": "Feature", "properties": { "DSN": "长财组下段                              ", "DSO": "J↓3→c↑1          ", "DSO_TXT": "J3c-1", "CHFCAC": "K5215D01D00067", "SHEET": "K5215" }, "geometry": { "type": "MultiPolygon", "coordinates": [ [ [ [ 128.943039059591342, 42.53281349300287 ], [ 128.945467869401284, 42.533498563658789 ], [ 128.945467869401284, 42.533498563658789 ], [ 128.946969149792523, 42.534268643909812 ], [ 128.946969149792523, 42.534268643909812 ], [ 128.947515387843481, 42.5397684551711 ], [ 128.947639529997957, 42.54568900383255 ], [ 128.948374662802195, 42.55125849791844 ], [ 128.94882594178307, 42.554122576489448 ], [ 128.948795409229092, 42.556662592980608 ], [ 128.948795409229092, 42.556662592980608 ], [ 128.946620934237558, 42.55629368555951 ], [ 128.943333706718875, 42.555874009511051 ], [ 128.943334706746469, 42.555874009502041 ], [ 128.944226082762526, 42.553187274990229 ], [ 128.944089916173169, 42.551509270386404 ], [ 128.943747181438653, 42.549932856119057 ], [ 128.942821262959541, 42.547387569700248 ], [ 128.94258640857953, 42.544480400602019 ], [ 128.943101618808385, 42.54159698511323 ], [ 128.943106649256464, 42.53868692532582 ], [ 128.943038059563662, 42.532813493011879 ], [ 128.943039059591342, 42.53281349300287 ] ] ] ] } },
{ "type": "Feature", "properties": { "DSN": "长财组上段                              ", "DSO": "J↓3→c↑2          ", "DSO_TXT": "J3c-2", "CHFCAC": "K5215D01D00068", "SHEET": "K5215" }, "geometry": { "type": "MultiPolygon", "coordinates": [ [ [ [ 128.948821082806376, 42.557203568818629 ], [ 128.951901905373859, 42.556829335916014 ], [ 128.951901905373859, 42.556829335916014 ], [ 128.952046006056406, 42.554388567948429 ], [ 128.952031668924548, 42.553173341653476 ], [ 128.95171560179827, 42.551974606519039 ], [ 128.951316179289677, 42.549552759345822 ], [ 128.951472653744162, 42.547119602913405 ], [ 128.951757412088227, 42.544686164382725 ], [ 128.951613860624008, 42.542251114106243 ], [ 128.950781682431966, 42.537408910070504 ], [ 128.950781682431966, 42.537408910070504 ], [ 128.949634709487498, 42.537014396862943 ], [ 128.9494170153136, 42.536685072345222 ], [ 128.949585120973978, 42.536358262413664 ], [ 128.950477478305402, 42.535859127608809 ], [ 128.950477478305402, 42.535859127608809 ], [ 128.949006529062245, 42.535175719378032 ], [ 128.949006529062245, 42.535175719378032 ], [ 128.946969149792523, 42.534268643909812 ], [ 128.946969149792523, 42.534268643909812 ], [ 128.947515387843481, 42.5397684551711 ], [ 128.947639529997957, 42.54568900383255 ], [ 128.948374662802195, 42.55125849791844 ], [ 128.94882594178307, 42.554122576489448 ], [ 128.948795409229092, 42.556662592980608 ], [ 128.948795409229092, 42.556662592980608 ], [ 128.948820082778724, 42.557203568827632 ], [ 128.948821082806376, 42.557203568818629 ] ] ] ] } },
{ "type": "Feature", "properties": { "DSN": "大拉子组上段                            ", "DSO": "K↓1→d↑2          ", "DSO_TXT": "K1d-2", "CHFCAC": "K5215D01D00069", "SHEET": "K5215" }, "geometry": { "type": "MultiPolygon", "coordinates": [ [ [ [ 128.739476764183109, 42.576144414047477 ], [ 128.742824647191725, 42.576947567012596 ], [ 128.746321221018007, 42.5771985030145 ], [ 128.749803433677272, 42.576815720159914 ], [ 128.753066972901792, 42.575882275869205 ], [ 128.756330874741934, 42.574778432659386 ], [ 128.757878657308851, 42.574140017911731 ], [ 128.759197870252876, 42.573309338687473 ], [ 128.761555904771285, 42.57139247855747 ], [ 128.764632092862058, 42.569900793712101 ], [ 128.764633092889738, 42.569900793703134 ], [ 128.764972341935106, 42.560841477887649 ], [ 128.764972341935106, 42.560841477887649 ], [ 128.764975070092277, 42.560388479062155 ], [ 128.764975070092277, 42.560388479062155 ], [ 128.764287033893652, 42.552957500353131 ], [ 128.761894089168635, 42.546359943305234 ], [ 128.760380718566097, 42.541694903844231 ], [ 128.759550359051872, 42.535884383014711 ], [ 128.759578845794834, 42.529089379852707 ], [ 128.759577845767154, 42.529089379861674 ], [ 128.754537972088031, 42.528548326143927 ], [ 128.749777498241315, 42.52803518654612 ], [ 128.749777498241315, 42.52803518654612 ], [ 128.748858384712236, 42.529348330127917 ], [ 128.747873384091378, 42.530104739217812 ], [ 128.746525659191974, 42.530531412615588 ], [ 128.745090481202254, 42.530598307553177 ], [ 128.745090481202254, 42.530598307553177 ], [ 128.746570049370121, 42.533441047801141 ], [ 128.747115930046533, 42.534891730777048 ], [ 128.747106059180254, 42.536417584871707 ], [ 128.746451934280572, 42.542470542146454 ], [ 128.746000143508752, 42.545494359979735 ], [ 128.746417397665994, 42.548507289709413 ], [ 128.747604176140783, 42.551419116225077 ], [ 128.748030713997139, 42.552895027690596 ], [ 128.747977937481664, 42.554419335566891 ], [ 128.74760627065703, 42.555921154672731 ], [ 128.746246787481084, 42.557507293426873 ], [ 128.743986145809771, 42.559432340605959 ], [ 128.742039949464527, 42.561524438177763 ], [ 128.740000441049091, 42.56485884017134 ], [ 128.737275895196603, 42.570589814779972 ], [ 128.736830571419631, 42.572075011178832 ], [ 128.736952267595541, 42.573584052169622 ], [ 128.737884146252156, 42.574946450257855 ], [ 128.739475764155401, 42.576144414056444 ], [ 128.739476764183109, 42.576144414047477 ] ] ] ] } },
{ "type": "Feature", "properties": { "DSN": "大拉子组下段                            ", "DSO": "K↓1→d↑1          ", "DSO_TXT": "K1d-1", "CHFCAC": "K5215D01D00070", "SHEET": "K5215" }, "geometry": { "type": "MultiPolygon", "coordinates": [ [ [ [ 128.721400469440624, 42.541449978659855 ], [ 128.721400614866468, 42.541449428418183 ], [ 128.721399614838759, 42.541449428427136 ], [ 128.721400469440624, 42.541449978659855 ] ] ], [ [ [ 128.726707391451527, 42.579521329113447 ], [ 128.732601565707569, 42.576669336866793 ], [ 128.734209088796376, 42.576164490035687 ], [ 128.735950025915116, 42.575955182573729 ], [ 128.739475687380605, 42.576144356270312 ], [ 128.737884146252156, 42.574946450257855 ], [ 128.736952267595541, 42.573584052169622 ], [ 128.736830571419631, 42.572075011178832 ], [ 128.737275895196603, 42.570589814779972 ], [ 128.740000441049091, 42.56485884017134 ], [ 128.742039949464527, 42.561524438177763 ], [ 128.743986145809771, 42.559432340605959 ], [ 128.746246787481084, 42.557507293426873 ], [ 128.74760627065703, 42.555921154672731 ], [ 128.747977937481664, 42.554419335566891 ], [ 128.748030713997139, 42.552895027690596 ], [ 128.747604176140783, 42.551419116225077 ], [ 128.746417397665994, 42.548507289709413 ], [ 128.746000143508752, 42.545494359979735 ], [ 128.746451934280572, 42.542470542146454 ], [ 128.747106059180254, 42.536417584871707 ], [ 128.747115930046533, 42.534891730777048 ], [ 128.746570049370121, 42.533441047801141 ], [ 128.745090481202254, 42.530598307553177 ], [ 128.742363708452245, 42.529948131200129 ], [ 128.740037596153257, 42.528712621693288 ], [ 128.73790105173083, 42.527276362190641 ], [ 128.73563085635908, 42.525947347457311 ], [ 128.73309793058948, 42.525010560339396 ], [ 128.730226145947171, 42.5246398086596 ], [ 128.72880033082464, 42.524790937053197 ], [ 128.727634834834532, 42.525373681219108 ], [ 128.726848940368399, 42.526304053709623 ], [ 128.726502628723523, 42.527360323848569 ], [ 128.726709070444599, 42.528388254534562 ], [ 128.727295000509173, 42.529366988540708 ], [ 128.72903485543651, 42.533403941657333 ], [ 128.728773911411395, 42.535531024711695 ], [ 128.728798801325496, 42.536580749356361 ], [ 128.729138384349341, 42.537614306387603 ], [ 128.730502956874403, 42.539479327210664 ], [ 128.732403569420683, 42.541066476547343 ], [ 128.734544708068029, 42.542474552144526 ], [ 128.736362282252458, 42.544115173591713 ], [ 128.73819948611964, 42.545753365702168 ], [ 128.738977545795592, 42.54664805540088 ], [ 128.739144070807811, 42.54768836243111 ], [ 128.737951519892022, 42.548297554885544 ], [ 128.736570949502749, 42.548543496637073 ], [ 128.733719909662881, 42.548417372505391 ], [ 128.728475905427842, 42.546678865358508 ], [ 128.726310924875492, 42.545300698899275 ], [ 128.724509989002144, 42.543628300224796 ], [ 128.722485258943976, 42.542148416962377 ], [ 128.721400469440624, 42.541449978659855 ], [ 128.720591612857021, 42.544510415564439 ], [ 128.720155222661106, 42.547599250516875 ], [ 128.720156222688786, 42.547599250507929 ], [ 128.72175142884376, 42.54895889338502 ], [ 128.724610438714194, 42.551667115024095 ], [ 128.726091087918689, 42.552668980146393 ], [ 128.728266378510256, 42.55353946236869 ], [ 128.730349950910067, 42.554211657564757 ], [ 128.732554191613048, 42.554652393386831 ], [ 128.733870212334409, 42.555116546736393 ], [ 128.735266581037735, 42.556078571933305 ], [ 128.735531556536102, 42.556750967827824 ], [ 128.735417811838516, 42.557622140079914 ], [ 128.734217625730622, 42.558145572219154 ], [ 128.732908194721233, 42.558941178113493 ], [ 128.731913419123941, 42.560336490532912 ], [ 128.731188256420211, 42.561166720058857 ], [ 128.730195278046409, 42.561663543880975 ], [ 128.727310114747866, 42.562056041233603 ], [ 128.724205944708956, 42.561715836244851 ], [ 128.722629470104209, 42.561745309642895 ], [ 128.721237830269047, 42.562295828757229 ], [ 128.719213737992931, 42.563022806491126 ], [ 128.716973915920875, 42.563244471436533 ], [ 128.714763553612187, 42.56292324878283 ], [ 128.712632481743924, 42.562378550704523 ], [ 128.711486299936354, 42.562314564308892 ], [ 128.710464160081642, 42.562641270583988 ], [ 128.709779599344301, 42.56332044375641 ], [ 128.709499336804868, 42.564129971621867 ], [ 128.709549059716238, 42.564972329966629 ], [ 128.709924804010626, 42.565763179211942 ], [ 128.711474964148522, 42.566997773993954 ], [ 128.715462764111294, 42.568588642078929 ], [ 128.717105871539445, 42.569735584370441 ], [ 128.718275994868549, 42.571147439701733 ], [ 128.719135265217062, 42.572723092941949 ], [ 128.719636406462257, 42.574355740223396 ], [ 128.719069879164664, 42.575954966800715 ], [ 128.717956932435925, 42.577454047697621 ], [ 128.715211863529305, 42.580089628698531 ], [ 128.713650647123558, 42.581293256848227 ], [ 128.712999575921771, 42.5819863258872 ], [ 128.716623381036726, 42.581780263631735 ], [ 128.72008591582383, 42.581301860075982 ], [ 128.726707391451527, 42.579521329113447 ] ] ], [ [ [ 128.739476764183109, 42.576144414047477 ], [ 128.739475687380605, 42.576144356270312 ], [ 128.739475764155401, 42.576144414056444 ], [ 128.739476764183109, 42.576144414047477 ] ] ], [ [ [ 128.712999575921771, 42.5819863258872 ], [ 128.712998519469124, 42.581986385960796 ], [ 128.712999519496861, 42.581986385951836 ], [ 128.712999575921771, 42.5819863258872 ] ] ] ] } },
{ "type": "Feature", "properties": { "DSN": "军舰山玄武岩                            ", "DSO": "βQ↓1              ", "DSO_TXT": "βQ1", "CHFCAC": "K5215D01D00071", "SHEET": "K5215" }, "geometry": { "type": "MultiPolygon", "coordinates": [ [ [ [ 128.721399614838759, 42.541449428427136 ], [ 128.72058408502815, 42.54058168671466 ], [ 128.719399129129613, 42.538654499542929 ], [ 128.71769362641885, 42.53693083165814 ], [ 128.716991443232928, 42.536013901024162 ], [ 128.7165984609193, 42.534990577666804 ], [ 128.716661238314543, 42.53287195073851 ], [ 128.717186112676927, 42.530766757609491 ], [ 128.717145604842159, 42.529724551035066 ], [ 128.716798096962265, 42.528695889723238 ], [ 128.716443551076168, 42.527659123912798 ], [ 128.716385703761006, 42.526596823715721 ], [ 128.717270904324295, 42.524587123643478 ], [ 128.71843880756353, 42.522638118390859 ], [ 128.718741076491909, 42.520547343820404 ], [ 128.718376349311285, 42.518421463183117 ], [ 128.717550545762293, 42.516435474336163 ], [ 128.716770661272392, 42.514280579937811 ], [ 128.717160185911894, 42.513279738362421 ], [ 128.717742889637577, 42.512940803604181 ], [ 128.718419933785896, 42.512862715403791 ], [ 128.720947929612606, 42.513957048936632 ], [ 128.723780313091794, 42.514216496702552 ], [ 128.72662157945939, 42.513913830629228 ], [ 128.729367078320564, 42.513302515232496 ], [ 128.734824642785981, 42.511989151915415 ], [ 128.739552540685679, 42.509987707995293 ], [ 128.742716203565749, 42.509564956553177 ], [ 128.745569173657117, 42.509247165510246 ], [ 128.746979517277481, 42.509177798036212 ], [ 128.748305817814241, 42.509595006386739 ], [ 128.749273431346296, 42.510358342788138 ], [ 128.749663553332368, 42.511386403439353 ], [ 128.75035388706911, 42.513452885225313 ], [ 128.75101355128001, 42.51440127353483 ], [ 128.751933360153657, 42.515210501394762 ], [ 128.752859950338461, 42.51602237010087 ], [ 128.753462936105819, 42.516983330615929 ], [ 128.753649409445416, 42.519104443141444 ], [ 128.754059117754508, 42.52118934808248 ], [ 128.75430716106402, 42.523301763543053 ], [ 128.754013657546267, 42.524360455959567 ], [ 128.753375947684532, 42.525311623316782 ], [ 128.75122986581701, 42.526710247494037 ], [ 128.750233274852633, 42.527477337295942 ], [ 128.749777498241315, 42.52803518654612 ], [ 128.749777498241315, 42.52803518654612 ], [ 128.748858384712236, 42.529348330127917 ], [ 128.747873384091378, 42.530104739217812 ], [ 128.746525659191974, 42.530531412615588 ], [ 128.745090481202254, 42.530598307553177 ], [ 128.745090481202254, 42.530598307553177 ], [ 128.742363708452245, 42.529948131200129 ], [ 128.740037596153257, 42.528712621693288 ], [ 128.73790105173083, 42.527276362190641 ], [ 128.73563085635908, 42.525947347457311 ], [ 128.73309793058948, 42.525010560339396 ], [ 128.730226145947171, 42.5246398086596 ], [ 128.72880033082464, 42.524790937053197 ], [ 128.727634834834532, 42.525373681219108 ], [ 128.726848940368399, 42.526304053709623 ], [ 128.726502628723523, 42.527360323848569 ], [ 128.726709070444599, 42.528388254534562 ], [ 128.727295000509173, 42.529366988540708 ], [ 128.72903485543651, 42.533403941657333 ], [ 128.728773911411395, 42.535531024711695 ], [ 128.728798801325496, 42.536580749356361 ], [ 128.729138384349341, 42.537614306387603 ], [ 128.729138384349341, 42.537614306387603 ], [ 128.730502956874403, 42.539479327210664 ], [ 128.732403569420683, 42.541066476547343 ], [ 128.734544708068029, 42.542474552144526 ], [ 128.736362282252458, 42.544115173591713 ], [ 128.73819948611964, 42.545753365702168 ], [ 128.738977545795592, 42.54664805540088 ], [ 128.739144070807811, 42.54768836243111 ], [ 128.737951519892022, 42.548297554885544 ], [ 128.736570949502749, 42.548543496637073 ], [ 128.733719909662881, 42.548417372505391 ], [ 128.728475905427842, 42.546678865358508 ], [ 128.726310924875492, 42.545300698899275 ], [ 128.724509989002144, 42.543628300224796 ], [ 128.722485258943976, 42.542148416962377 ], [ 128.721399614838759, 42.541449428427136 ] ] ] ] } },
{ "type": "Feature", "properties": { "DSN": "大拉子组上段                            ", "DSO": "K↓1→d↑2          ", "DSO_TXT": "K1d-2", "CHFCAC": "K5215D01D00072", "SHEET": "K5215" }, "geometry": { "type": "MultiPolygon", "coordinates": [ [ [ [ 128.967073356296424, 42.507495705621807 ], [ 128.969280114109722, 42.507297720205251 ], [ 128.971040796601017, 42.508028485041265 ], [ 128.973935191685626, 42.51013676765227 ], [ 128.97572605348833, 42.510840920292061 ], [ 128.977743745704743, 42.510982916569048 ], [ 128.97977012707176, 42.511005778166748 ], [ 128.98155361813761, 42.511753766716012 ], [ 128.983333907322077, 42.512429257238892 ], [ 128.984366473290777, 42.512569357279411 ], [ 128.985328177990482, 42.512402673437094 ], [ 128.985773588865953, 42.511723646934804 ], [ 128.98557418822196, 42.510990899713796 ], [ 128.984585507264796, 42.509670140440981 ], [ 128.984264004821767, 42.508178864939254 ], [ 128.984560185382804, 42.506689403735564 ], [ 128.985899923208422, 42.503843977318631 ], [ 128.986557826579713, 42.500888275128055 ], [ 128.98706783852387, 42.497870770029202 ], [ 128.987698372254386, 42.496452109787811 ], [ 128.988694201884073, 42.495142123785079 ], [ 128.991085534556419, 42.492708015768621 ], [ 128.993669506667857, 42.490388070343549 ], [ 128.994505968953973, 42.489009145492666 ], [ 128.994874240632384, 42.487524190696135 ], [ 128.994454489093357, 42.48453530510703 ], [ 128.994449607575376, 42.483029189794081 ], [ 128.994777336844322, 42.481541130575991 ], [ 128.995437623277553, 42.480118689295487 ], [ 128.996371390137256, 42.478779511181564 ], [ 128.998400984700197, 42.476170062243348 ], [ 128.999116094743187, 42.47475999100164 ], [ 128.999370477733777, 42.473266840219843 ], [ 128.999139467919406, 42.471761405763438 ], [ 128.998358067329917, 42.470377730111565 ], [ 128.997415521014688, 42.469054651139572 ], [ 128.996967225526873, 42.467574659462549 ], [ 128.996967225526873, 42.467574659462549 ], [ 128.996001373776437, 42.468939654605862 ], [ 128.994227171985983, 42.470272284811053 ], [ 128.99194419287565, 42.472158647573316 ], [ 128.99051386884878, 42.474898071094721 ], [ 128.989795801119556, 42.47778256172797 ], [ 128.989051243614995, 42.479139245756201 ], [ 128.98802978796337, 42.480417962766452 ], [ 128.987156914589406, 42.481725669796219 ], [ 128.986721930890496, 42.48315800808632 ], [ 128.985937369813229, 42.486040761645029 ], [ 128.985325493254095, 42.487453082612724 ], [ 128.984315990849694, 42.488700686377243 ], [ 128.981745568049973, 42.490815644554964 ], [ 128.980125162456659, 42.493510856671257 ], [ 128.977603932870494, 42.495806540970101 ], [ 128.974589782730817, 42.497636175625601 ], [ 128.971619469844796, 42.499432464344061 ], [ 128.970138719425194, 42.500708784844775 ], [ 128.968829618705939, 42.501927551368027 ], [ 128.967387707012477, 42.503957076429614 ], [ 128.966936890368117, 42.506032686894926 ], [ 128.967073356296424, 42.507495705621807 ] ] ] ] } },
{ "type": "Feature", "properties": { "DSN": "长财组上段                              ", "DSO": "J↓3→c↑2          ", "DSO_TXT": "J3c-2", "CHFCAC": "K5215D01D00073", "SHEET": "K5215" }, "geometry": { "type": "MultiPolygon", "coordinates": [ [ [ [ 128.960818237301027, 42.459221090740023 ], [ 128.962696619044635, 42.46153373906877 ], [ 128.963666656207778, 42.463551841400474 ], [ 128.96401561439842, 42.465649806975158 ], [ 128.963596602084209, 42.467760417522776 ], [ 128.962915923190678, 42.46982740610941 ], [ 128.962466429117654, 42.471934796272507 ], [ 128.962996893215205, 42.474018414984549 ], [ 128.963880507550613, 42.476043466550131 ], [ 128.964222461762319, 42.478157598682856 ], [ 128.963511323393931, 42.480219974944418 ], [ 128.962912572938478, 42.481181827621526 ], [ 128.962034054788944, 42.482022646328581 ], [ 128.959809012426945, 42.483393470235569 ], [ 128.958752904466081, 42.484107232278852 ], [ 128.957929064625148, 42.484983651038974 ], [ 128.957147632973118, 42.48702761824606 ], [ 128.957197525099332, 42.489155965705855 ], [ 128.957696523105113, 42.491248754970734 ], [ 128.956995097715037, 42.493315763512797 ], [ 128.955605528314237, 42.495434077212138 ], [ 128.955018572101409, 42.496931338969461 ], [ 128.954703478809051, 42.498528533934113 ], [ 128.953664744365682, 42.501090487135272 ], [ 128.953072754772677, 42.503506218700622 ], [ 128.953072754772677, 42.503506218700622 ], [ 128.951179264960302, 42.503460506544016 ], [ 128.951179264960302, 42.503460506544016 ], [ 128.952143183186649, 42.497853926628061 ], [ 128.95345054749788, 42.492284609140022 ], [ 128.954812293191281, 42.486706510939335 ], [ 128.955189185001359, 42.485322770389097 ], [ 128.955868708859867, 42.484018203028235 ], [ 128.957606564224108, 42.481497313012845 ], [ 128.958470403043265, 42.478738519688953 ], [ 128.958817053192547, 42.475921403040296 ], [ 128.958636190337018, 42.473076663274121 ], [ 128.958544301004309, 42.471657164806011 ], [ 128.958892277636778, 42.470286418104209 ], [ 128.959810164309687, 42.467543331509233 ], [ 128.960169269948068, 42.464718186303621 ], [ 128.960818237301027, 42.459221090740023 ] ] ] ] } },
{ "type": "Feature", "properties": { "DSN": "长财组下段                              ", "DSO": "J↓3→c↑1          ", "DSO_TXT": "J3c-1", "CHFCAC": "K5215D01D00074", "SHEET": "K5215" }, "geometry": { "type": "MultiPolygon", "coordinates": [ [ [ [ 128.939343220742302, 42.532097968103088 ], [ 128.941697360357836, 42.532539263112476 ], [ 128.941697360357836, 42.532539263112476 ], [ 128.943039059591342, 42.53281349300287 ], [ 128.943039059591342, 42.53281349300287 ], [ 128.945467869401284, 42.533498563658789 ], [ 128.945467869401284, 42.533498563658789 ], [ 128.945041054257246, 42.530702807845849 ], [ 128.944749529746247, 42.527757222689615 ], [ 128.944821975412253, 42.524806585100684 ], [ 128.945276517223419, 42.521872959819788 ], [ 128.947629258548233, 42.510318876400518 ], [ 128.947629258548233, 42.510318876400518 ], [ 128.945015554709244, 42.510134530142004 ], [ 128.945014554681649, 42.510134530151007 ], [ 128.944681907715193, 42.512799811676913 ], [ 128.944050152282898, 42.515610600966824 ], [ 128.942474940909364, 42.521105387899155 ], [ 128.941163570755577, 42.52664457041255 ], [ 128.939342220714678, 42.532097968112083 ], [ 128.939343220742302, 42.532097968103088 ] ] ] ] } },
{ "type": "Feature", "properties": { "DSN": "长财组上段                              ", "DSO": "J↓3→c↑2          ", "DSO_TXT": "J3c-2", "CHFCAC": "K5215D01D00075", "SHEET": "K5215" }, "geometry": { "type": "MultiPolygon", "coordinates": [ [ [ [ 128.946969149792523, 42.534268643909812 ], [ 128.945467869401284, 42.533498563658789 ], [ 128.945467869401284, 42.533498563658789 ], [ 128.945041054257246, 42.530702807845849 ], [ 128.944749529746247, 42.527757222689615 ], [ 128.944821975412253, 42.524806585100684 ], [ 128.945276517223419, 42.521872959819788 ], [ 128.947629258548233, 42.510318876400518 ], [ 128.947629258548233, 42.510318876400518 ], [ 128.94966487283574, 42.51060464488657 ], [ 128.94966487283574, 42.51060464488657 ], [ 128.949356849337477, 42.513622867469103 ], [ 128.949104703398348, 42.516715271683502 ], [ 128.948828025328083, 42.522911335428894 ], [ 128.948593493748632, 42.52910684536009 ], [ 128.949006529062245, 42.535175719378032 ], [ 128.949006529062245, 42.535175719378032 ], [ 128.946969149792523, 42.534268643909812 ] ] ] ] } },
{ "type": "Feature", "properties": { "DSN": "泉水村组                                ", "DSO": "J↓3→q             ", "DSO_TXT": "J3q", "CHFCAC": "K5215D01D00076", "SHEET": "K5215" }, "geometry": { "type": "MultiPolygon", "coordinates": [ [ [ [ 128.950477478305402, 42.535859127608809 ], [ 128.949006529062245, 42.535175719378032 ], [ 128.949006529062245, 42.535175719378032 ], [ 128.948593493748632, 42.52910684536009 ], [ 128.948828025328083, 42.522911335428894 ], [ 128.949104703398348, 42.516715271683502 ], [ 128.949356849337477, 42.513622867469103 ], [ 128.94966487283574, 42.51060464488657 ], [ 128.94966487283574, 42.51060464488657 ], [ 128.951895773334513, 42.511419478400761 ], [ 128.951895773334513, 42.511419478400761 ], [ 128.951620817285686, 42.517428692616022 ], [ 128.951484950009558, 42.523471319605626 ], [ 128.951543501004409, 42.529513267040628 ], [ 128.951671474720314, 42.532535273883212 ], [ 128.952060477670273, 42.535536079221266 ], [ 128.952060477670273, 42.535536079221266 ], [ 128.950477478305402, 42.535859127608809 ] ] ] ] } },
{ "type": "Feature", "properties": { "DSN": "大拉子组下段                            ", "DSO": "K↓1→d↑1          ", "DSO_TXT": "K1d-1", "CHFCAC": "K5215D01D00077", "SHEET": "K5215" }, "geometry": { "type": "MultiPolygon", "coordinates": [ [ [ [ 128.958577548174134, 42.536446071676338 ], [ 128.956910486857254, 42.534207741036894 ], [ 128.95576139701123, 42.531595998202718 ], [ 128.95515961338279, 42.528885572461164 ], [ 128.954887076951991, 42.526147525582068 ], [ 128.954638541243412, 42.520654931244913 ], [ 128.954658325829712, 42.519289435194359 ], [ 128.955003369444597, 42.517943773937162 ], [ 128.956092530568498, 42.515315957419283 ], [ 128.956092530568498, 42.515315957419283 ], [ 128.954422666511249, 42.513470004830097 ], [ 128.953791174731009, 42.512704372249949 ], [ 128.951895773334513, 42.511419478400761 ], [ 128.951895773334513, 42.511419478400761 ], [ 128.951620817285686, 42.517428692616022 ], [ 128.951484950009558, 42.523471319605626 ], [ 128.951543501004409, 42.529513267040628 ], [ 128.951671474720314, 42.532535273883212 ], [ 128.952060477670273, 42.535536079221266 ], [ 128.952060477670273, 42.535536079221266 ], [ 128.953440648535405, 42.535507012777053 ], [ 128.955476939927365, 42.53569197626998 ], [ 128.958577548174134, 42.536446071676338 ] ] ] ] } },
{ "type": "Feature", "properties": { "DSN": "大拉子组上段                            ", "DSO": "K↓1→d↑2          ", "DSO_TXT": "K1d-2", "CHFCAC": "K5215D01D00078", "SHEET": "K5215" }, "geometry": { "type": "MultiPolygon", "coordinates": [ [ [ [ 128.958577548174134, 42.536446071676338 ], [ 128.96124011771937, 42.537163519205158 ], [ 128.964890321298043, 42.538497526923386 ], [ 128.966831855002596, 42.538942255098895 ], [ 128.968846382942189, 42.539166987921696 ], [ 128.972922035628301, 42.539206363463045 ], [ 128.97493232347901, 42.538950291082671 ], [ 128.975843466143004, 42.538595566195461 ], [ 128.976482101348665, 42.538008715714483 ], [ 128.976571576831446, 42.537268212771487 ], [ 128.976093349549842, 42.53660120358537 ], [ 128.974839674449072, 42.53538357439006 ], [ 128.971993508683738, 42.533261835915297 ], [ 128.968868129545484, 42.531323101447548 ], [ 128.967591572701309, 42.530160788860115 ], [ 128.966601733758012, 42.528832734635706 ], [ 128.965242976593942, 42.525969849346808 ], [ 128.964392123348233, 42.524628022616234 ], [ 128.963203622613833, 42.523413887652559 ], [ 128.960647248740287, 42.521039813394282 ], [ 128.958473782008696, 42.518500533984771 ], [ 128.956092530568498, 42.515315957419283 ], [ 128.956092530568498, 42.515315957419283 ], [ 128.955003369444597, 42.517943773937162 ], [ 128.954658325829712, 42.519289435194359 ], [ 128.954638541243412, 42.520654931244913 ], [ 128.954887076951991, 42.526147525582068 ], [ 128.95515961338279, 42.528885572461164 ], [ 128.95576139701123, 42.531595998202718 ], [ 128.956910486857254, 42.534207741036894 ], [ 128.958577548174134, 42.536446071676338 ] ] ] ] } },
{ "type": "Feature", "properties": { "DSN": "泉水村组                                ", "DSO": "J↓3→q             ", "DSO_TXT": "J3q", "CHFCAC": "K5215D01D00079", "SHEET": "K5215" }, "geometry": { "type": "MultiPolygon", "coordinates": [ [ [ [ 128.955697769958078, 42.556776512508989 ], [ 128.956002746553679, 42.554443967329739 ], [ 128.955892050874013, 42.553243206102628 ], [ 128.955345262573928, 42.550624392424155 ], [ 128.954993336737601, 42.547494936028912 ], [ 128.954941989086024, 42.542817216213805 ], [ 128.954533510716743, 42.538160614876233 ], [ 128.954533510716743, 42.538160614876233 ], [ 128.952489285207918, 42.537767193581395 ], [ 128.950781682431966, 42.537408910070504 ], [ 128.950781682431966, 42.537408910070504 ], [ 128.951613860624008, 42.542251114106243 ], [ 128.951757412088227, 42.544686164382725 ], [ 128.951472653744162, 42.547119602913405 ], [ 128.951316179289677, 42.549552759345822 ], [ 128.95171560179827, 42.551974606519039 ], [ 128.952031668924548, 42.553173341653476 ], [ 128.952046006056406, 42.554388567948429 ], [ 128.951901905373859, 42.556829335916014 ], [ 128.951901905373859, 42.556829335916014 ], [ 128.955697769958078, 42.556776512508989 ] ] ] ] } },
{ "type": "Feature", "properties": { "DSN": "大拉子组下段                            ", "DSO": "K↓1→d↑1          ", "DSO_TXT": "K1d-1", "CHFCAC": "K5215D01D00080", "SHEET": "K5215" }, "geometry": { "type": "MultiPolygon", "coordinates": [ [ [ [ 128.963729861290801, 42.557120024153178 ], [ 128.963762275960079, 42.554993574907726 ], [ 128.963485135060466, 42.552780490597797 ], [ 128.963107321455425, 42.550559505070616 ], [ 128.962283991498225, 42.548412611284235 ], [ 128.961202658566634, 42.546326429055476 ], [ 128.96026987088112, 42.54380271438135 ], [ 128.960084569137365, 42.539883463290586 ], [ 128.960084569137365, 42.539883463290586 ], [ 128.956287897085787, 42.538746034964184 ], [ 128.954533510716743, 42.538160614876233 ], [ 128.954533510716743, 42.538160614876233 ], [ 128.954941989086024, 42.542817216213805 ], [ 128.954993336737601, 42.547494936028912 ], [ 128.955345262573928, 42.550624392424155 ], [ 128.955892050874013, 42.553243206102628 ], [ 128.956002746553679, 42.554443967329739 ], [ 128.955697769958078, 42.556776512508989 ], [ 128.955697769958078, 42.556776512508989 ], [ 128.960682855173445, 42.557080857433277 ], [ 128.963729861290801, 42.557120024153178 ] ] ] ] } },
{ "type": "Feature", "properties": { "DSN": "大拉子组上段                            ", "DSO": "K↓1→d↑2          ", "DSO_TXT": "K1d-2", "CHFCAC": "K5215D01D00081", "SHEET": "K5215" }, "geometry": { "type": "MultiPolygon", "coordinates": [ [ [ [ 128.963729861290801, 42.557120024153178 ], [ 128.966752906632678, 42.557407142051886 ], [ 128.968786063243783, 42.558274394331008 ], [ 128.9760538191168, 42.560994832691549 ], [ 128.979788845886418, 42.562184996192606 ], [ 128.981675420919714, 42.562788805122523 ], [ 128.983684543472208, 42.56288758354831 ], [ 128.98774984360719, 42.563138412667954 ], [ 128.989730330107591, 42.562865442494207 ], [ 128.99145947660827, 42.56204858815687 ], [ 128.991908488820968, 42.561369733037935 ], [ 128.991882561849138, 42.560596771796455 ], [ 128.991377422296125, 42.559951525227312 ], [ 128.99056666574711, 42.559462214650722 ], [ 128.988739126881597, 42.55878734966111 ], [ 128.986788368458633, 42.558386978994129 ], [ 128.982816787748476, 42.557686106993735 ], [ 128.980941058170004, 42.557093828926256 ], [ 128.980093301446431, 42.556671443375599 ], [ 128.979447016489416, 42.556089218895977 ], [ 128.979245194971469, 42.555340081773053 ], [ 128.979693179206436, 42.554674238581974 ], [ 128.981614807007531, 42.554174806983589 ], [ 128.983584589240536, 42.553810498664433 ], [ 128.985344508518295, 42.553055628909085 ], [ 128.986653410586285, 42.551904669690082 ], [ 128.987582894658971, 42.550575152643198 ], [ 128.988393238547729, 42.549147825095979 ], [ 128.988811014573884, 42.54768612547435 ], [ 128.988247367223664, 42.546260210520579 ], [ 128.987102426818495, 42.544967695182756 ], [ 128.98566002554341, 42.543914427129153 ], [ 128.983890243181179, 42.54318756102365 ], [ 128.981901970021141, 42.542770474819847 ], [ 128.979866818890144, 42.542607393940365 ], [ 128.975790389323322, 42.542688887799947 ], [ 128.971729832204403, 42.542583473823427 ], [ 128.967828938823544, 42.541727584962331 ], [ 128.960084569137365, 42.539883463290586 ], [ 128.960084569137365, 42.539883463290586 ], [ 128.96026987088112, 42.54380271438135 ], [ 128.961202658566634, 42.546326429055476 ], [ 128.962283991498225, 42.548412611284235 ], [ 128.963107321455425, 42.550559505070616 ], [ 128.963485135060466, 42.552780490597797 ], [ 128.963762275960079, 42.554993574907726 ], [ 128.963729861290801, 42.557120024153178 ] ] ] ] } },
{ "type": "Feature", "properties": { "DSN": "大拉子组下段                            ", "DSO": "K↓1→d↑1          ", "DSO_TXT": "K1d-1", "CHFCAC": "K5215D01D00082", "SHEET": "K5215" }, "geometry": { "type": "MultiPolygon", "coordinates": [ [ [ [ 128.95751427395939, 42.559519491296065 ], [ 128.960035636429467, 42.559351171678657 ], [ 128.962678481866448, 42.559665636606717 ], [ 128.964022616318033, 42.559900611254236 ], [ 128.964022616318033, 42.559900611254236 ], [ 128.963125528708304, 42.563444088571408 ], [ 128.963338308224962, 42.567046688609231 ], [ 128.963884415332643, 42.568810472908019 ], [ 128.964092530009339, 42.570610062199982 ], [ 128.963922081170864, 42.572418299496846 ], [ 128.963222623917858, 42.574000411422503 ], [ 128.963222623917858, 42.574000411422503 ], [ 128.952734059517297, 42.572282995727143 ], [ 128.952734059517297, 42.572282995727143 ], [ 128.952803453937747, 42.570647512863857 ], [ 128.953412467605347, 42.569032179284633 ], [ 128.955418283498659, 42.566011443438676 ], [ 128.956011983261874, 42.564072570924694 ], [ 128.956011983261874, 42.564072570924694 ], [ 128.956088441007296, 42.562716504191755 ], [ 128.956727100679416, 42.560914543847097 ], [ 128.957515273987042, 42.559519491287048 ], [ 128.95751427395939, 42.559519491296065 ] ] ] ] } },
{ "type": "Feature", "properties": { "DSN": "大拉子组上段                            ", "DSO": "K↓1→d↑2          ", "DSO_TXT": "K1d-2", "CHFCAC": "K5215D01D00083", "SHEET": "K5215" }, "geometry": { "type": "MultiPolygon", "coordinates": [ [ [ [ 128.964488175549207, 42.574175147937886 ], [ 128.963222623917858, 42.574000411422503 ], [ 128.963222623917858, 42.574000411422503 ], [ 128.963922081170864, 42.572418299496846 ], [ 128.964092530009339, 42.570610062199982 ], [ 128.963884415332643, 42.568810472908019 ], [ 128.963338308224962, 42.567046688609231 ], [ 128.963125528708304, 42.563444088571408 ], [ 128.964022616318033, 42.559900611254236 ], [ 128.964022616318033, 42.559900611254236 ], [ 128.966382103029218, 42.560860793861714 ], [ 128.967845618112989, 42.561908380861631 ], [ 128.969321439562577, 42.562941782458118 ], [ 128.971022901739758, 42.563768916622294 ], [ 128.974702813520111, 42.565057035716578 ], [ 128.978598656383411, 42.565968628324448 ], [ 128.982589267249068, 42.566700959725914 ], [ 128.984387541885184, 42.567335011058958 ], [ 128.985981213118095, 42.5682533854458 ], [ 128.989011276716042, 42.570347482889581 ], [ 128.992294895693107, 42.572080348539082 ], [ 128.995697728640664, 42.57344759992742 ], [ 128.997489105154358, 42.574435845748276 ], [ 128.997987015891397, 42.575033367977255 ], [ 128.998079355588061, 42.57582622104205 ], [ 128.997389873400806, 42.577156254309699 ], [ 128.995830253966886, 42.578124832879055 ], [ 128.993900893316749, 42.578602447190093 ], [ 128.991866541511257, 42.578639826623899 ], [ 128.989848761529004, 42.57886780699004 ], [ 128.989288696349718, 42.579458381140313 ], [ 128.989288696349718, 42.579458381140313 ], [ 128.98617640826572, 42.578761421615397 ], [ 128.981050547645992, 42.577426153535839 ], [ 128.97038194577496, 42.575292826547582 ], [ 128.97038194577496, 42.575292826547582 ], [ 128.964488175549207, 42.574175147937886 ] ] ] ] } },
{ "type": "Feature", "properties": { "DSN": "大拉子组上段                            ", "DSO": "K↓1→d↑2          ", "DSO_TXT": "K1d-2", "CHFCAC": "K5215D01D00084", "SHEET": "K5215" }, "geometry": { "type": "MultiPolygon", "coordinates": [ [ [ [ 128.973611913463486, 42.59399740045184 ], [ 128.973803250642106, 42.591753739541971 ], [ 128.97368079584075, 42.589358454712659 ], [ 128.971538315204754, 42.584828076633642 ], [ 128.970862604645561, 42.582482696716944 ], [ 128.970650946520607, 42.580087804275671 ], [ 128.97038194577496, 42.575292826547582 ], [ 128.97038194577496, 42.575292826547582 ], [ 128.981050547645992, 42.577426153535839 ], [ 128.98617640826572, 42.578761421615397 ], [ 128.989288696349718, 42.579458381140313 ], [ 128.989288696349718, 42.579458381140313 ], [ 128.989435610444076, 42.580230172546116 ], [ 128.990058580163151, 42.580831970919043 ], [ 128.990918122630717, 42.581217873365361 ], [ 128.992874965401853, 42.581693735285072 ], [ 128.996557798575509, 42.582986304351394 ], [ 128.998067256605935, 42.583993008643745 ], [ 128.998647426060785, 42.58542164684863 ], [ 128.99844529362062, 42.586919053338669 ], [ 128.997643375706502, 42.588294752982868 ], [ 128.996876047946046, 42.588799249317375 ], [ 128.995932328883526, 42.589075470032867 ], [ 128.993894878860658, 42.589007960319016 ], [ 128.9919297191623, 42.588614755189845 ], [ 128.990095754766543, 42.587945806463154 ], [ 128.98827561055154, 42.58730403444558 ], [ 128.98725338557125, 42.587152517526775 ], [ 128.986197888855315, 42.58730159114873 ], [ 128.985757878186689, 42.587951633786055 ], [ 128.986192401510635, 42.588605524703688 ], [ 128.988133194631018, 42.589218146529532 ], [ 128.989555529155098, 42.590299303636506 ], [ 128.990463527277626, 42.591645853591722 ], [ 128.990584623292676, 42.592423084763098 ], [ 128.990159356956696, 42.59305927435571 ], [ 128.988357020922962, 42.593859564990055 ], [ 128.986407743733508, 42.594158141868974 ], [ 128.98436300769643, 42.594010551242469 ], [ 128.980377036589829, 42.593422124504123 ], [ 128.978339011254576, 42.593591113213392 ], [ 128.977431063714221, 42.593925344997494 ], [ 128.977431063714221, 42.593925344997494 ], [ 128.975375543104747, 42.594086962669529 ], [ 128.975375543104747, 42.594086962669529 ], [ 128.973611913463486, 42.59399740045184 ] ] ] ] } },
{ "type": "Feature", "properties": { "DSN": "大拉子组上段                            ", "DSO": "K↓1→d↑2          ", "DSO_TXT": "K1d-2", "CHFCAC": "K5215D01D00085", "SHEET": "K5215" }, "geometry": { "type": "MultiPolygon", "coordinates": [ [ [ [ 128.975375543104747, 42.594086962669529 ], [ 128.977431063714221, 42.593925344997494 ], [ 128.977431063714221, 42.593925344997494 ], [ 128.977030864012363, 42.594609694648675 ], [ 128.97736074923381, 42.595321881021036 ], [ 128.978128705657412, 42.595817588829526 ], [ 128.980050803002257, 42.596372914053617 ], [ 128.984061389672235, 42.596877777193647 ], [ 128.985961329580221, 42.597454704596522 ], [ 128.986683261115616, 42.597979443404071 ], [ 128.986840965425074, 42.598741612698703 ], [ 128.985672973666908, 42.599961493101723 ], [ 128.984147147227844, 42.600940592063544 ], [ 128.983767696034647, 42.601597328783797 ], [ 128.983634716056741, 42.602385910398837 ], [ 128.982893683770783, 42.603785238193723 ], [ 128.981901788772717, 42.605098048143027 ], [ 128.981567826414278, 42.605792559747343 ], [ 128.981539652037412, 42.606598245951233 ], [ 128.983267070099373, 42.607292690211565 ], [ 128.984493063826392, 42.608485574790706 ], [ 128.984925158642767, 42.608684156322113 ], [ 128.984925158642767, 42.608684156322113 ], [ 128.985309950770556, 42.612960273109188 ], [ 128.985074422658556, 42.61509452616211 ], [ 128.984997684785071, 42.616173886461482 ], [ 128.984223398450695, 42.617084062030926 ], [ 128.983557681911805, 42.61727962195031 ], [ 128.982827653494667, 42.61722004605177 ], [ 128.981553893847632, 42.616675029353367 ], [ 128.980807421970212, 42.6157658703303 ], [ 128.980466277216692, 42.614718433340272 ], [ 128.97992163545851, 42.612614238939749 ], [ 128.978694795664126, 42.610688734932509 ], [ 128.977311105963878, 42.60878145467219 ], [ 128.976989257694157, 42.607744750325104 ], [ 128.977103585832396, 42.606673038345853 ], [ 128.977790401523293, 42.604591489853036 ], [ 128.977808881715674, 42.602449826999376 ], [ 128.977400972437351, 42.600322124821808 ], [ 128.976681381920031, 42.598246881722233 ], [ 128.975799100234241, 42.596199018857433 ], [ 128.975375543104747, 42.594086962669529 ] ] ] ] } },
{ "type": "Feature", "properties": { "DSN": "大拉子组下段                            ", "DSO": "K↓1→d↑1          ", "DSO_TXT": "K1d-1", "CHFCAC": "K5215D01D00086", "SHEET": "K5215" }, "geometry": { "type": "MultiPolygon", "coordinates": [ [ [ [ 128.958876066698053, 42.631718529756313 ], [ 128.959948084507488, 42.630517930873843 ], [ 128.961402388588567, 42.629498928729326 ], [ 128.96276594447113, 42.628416117265431 ], [ 128.96367987669214, 42.627096746209723 ], [ 128.964769789823009, 42.624250991990316 ], [ 128.965318761534576, 42.623616579631559 ], [ 128.966171873091298, 42.623263713969358 ], [ 128.968192429303429, 42.623179313421339 ], [ 128.969992383887103, 42.623807134878142 ], [ 128.971204744911915, 42.624984491205318 ], [ 128.972319245258404, 42.626201869473896 ], [ 128.97392292992194, 42.627112604840555 ], [ 128.975311151322472, 42.628168672970396 ], [ 128.976220907974835, 42.629491692054621 ], [ 128.977484478346497, 42.632299980117871 ], [ 128.977484478346497, 42.632299980117871 ], [ 128.975512315263188, 42.631958060907607 ], [ 128.975512315263188, 42.631958060907607 ], [ 128.974651274535574, 42.634052643418364 ], [ 128.974141610168545, 42.636217975095114 ], [ 128.974283723790109, 42.638402234760015 ], [ 128.975421758161559, 42.640424978499091 ], [ 128.976761957609938, 42.642370888668836 ], [ 128.977322359645001, 42.64455169476787 ], [ 128.977027098520665, 42.645606666809876 ], [ 128.976309293597723, 42.646576515604558 ], [ 128.976001647872408, 42.647622186493791 ], [ 128.97616943565356, 42.648605822837098 ], [ 128.97617043568124, 42.64860582282806 ], [ 128.977635730983479, 42.648183221071747 ], [ 128.97829181173887, 42.647821265766993 ], [ 128.98094768331913, 42.646633199350269 ], [ 128.983942991911988, 42.645036047054276 ], [ 128.987288698333515, 42.643460937883184 ], [ 128.987288698333515, 42.643460937883184 ], [ 128.986004269551984, 42.642297380336011 ], [ 128.983744009532074, 42.639840965831922 ], [ 128.981764043879849, 42.637244756413381 ], [ 128.981363953585998, 42.636082306043214 ], [ 128.981397578907547, 42.63541901854785 ], [ 128.98198981651143, 42.635546357630936 ], [ 128.982777850141247, 42.636052745419825 ], [ 128.98484574190519, 42.63701074799004 ], [ 128.98484574190519, 42.63701074799004 ], [ 128.985870697023131, 42.631423960177599 ], [ 128.98740749351515, 42.624176243805962 ], [ 128.990171587283982, 42.616777652373401 ], [ 128.993650050665707, 42.609379049946341 ], [ 128.994467901469989, 42.605845820962806 ], [ 128.995287751110936, 42.601617898584415 ], [ 128.996516454174554, 42.598371491960343 ], [ 128.998664413244057, 42.59527611536285 ], [ 128.999991963274823, 42.593917171803703 ], [ 128.999991963274823, 42.593917171803703 ], [ 128.997797418137452, 42.594869628972255 ], [ 128.99395032696728, 42.595736634982373 ], [ 128.992566572487931, 42.596928167393763 ], [ 128.991321104312249, 42.598289925568132 ], [ 128.990084227106138, 42.601196651527118 ], [ 128.989091671640097, 42.602494813894872 ], [ 128.98786637072871, 42.603704875384203 ], [ 128.986875417319169, 42.605017760902129 ], [ 128.986142670740634, 42.606439269437608 ], [ 128.985836625903374, 42.60789197937661 ], [ 128.985313912608518, 42.608621949012417 ], [ 128.984925158642767, 42.608684156322113 ], [ 128.984925158642767, 42.608684156322113 ], [ 128.985309950770556, 42.612960273109188 ], [ 128.985074422658556, 42.61509452616211 ], [ 128.984997684785071, 42.616173886461482 ], [ 128.984223398450695, 42.617084062030926 ], [ 128.983557681911805, 42.61727962195031 ], [ 128.982827653494667, 42.61722004605177 ], [ 128.981553893847632, 42.616675029353367 ], [ 128.980807421970212, 42.6157658703303 ], [ 128.980466277216692, 42.614718433340272 ], [ 128.97992163545851, 42.612614238939749 ], [ 128.978694795664126, 42.610688734932509 ], [ 128.977311105963878, 42.60878145467219 ], [ 128.976989257694157, 42.607744750325104 ], [ 128.977103585832396, 42.606673038345853 ], [ 128.977790401523293, 42.604591489853036 ], [ 128.977808881715674, 42.602449826999376 ], [ 128.977400972437351, 42.600322124821808 ], [ 128.976681381920031, 42.598246881722233 ], [ 128.975799100234241, 42.596199018857433 ], [ 128.975375543104747, 42.594086962669529 ], [ 128.975375543104747, 42.594086962669529 ], [ 128.973611913463486, 42.59399740045184 ], [ 128.973611913463486, 42.59399740045184 ], [ 128.963557166287558, 42.593201229611232 ], [ 128.963557166287558, 42.593201229611232 ], [ 128.962614292856557, 42.595562802907935 ], [ 128.962000672516467, 42.597976930148796 ], [ 128.961443836097686, 42.602759255911266 ], [ 128.961444836125338, 42.602759255902257 ], [ 128.961246432489844, 42.60779485277989 ], [ 128.960126781206583, 42.612651702873173 ], [ 128.960126781206583, 42.612651702873173 ], [ 128.958579242867842, 42.617440729006049 ], [ 128.957517029143474, 42.622285804984557 ], [ 128.957172659494461, 42.627204411513866 ], [ 128.956420958756894, 42.632095035144808 ], [ 128.956420958756894, 42.632095035144808 ], [ 128.958875066670316, 42.63171852976533 ], [ 128.958876066698053, 42.631718529756313 ] ] ] ] } },
{ "type": "Feature", "properties": { "DSN": "军舰山玄武岩                            ", "DSO": "βQ↓1              ", "DSO_TXT": "βQ1", "CHFCAC": "K5215D01D00087", "SHEET": "K5215" }, "geometry": { "type": "MultiPolygon", "coordinates": [ [ [ [ 128.774141128513804, 42.236812394061346 ], [ 128.776286987972611, 42.235924853974332 ], [ 128.776863345051055, 42.235295698213719 ], [ 128.776863345051055, 42.235295698213719 ], [ 128.777594110953771, 42.23443221787354 ], [ 128.778017361766473, 42.23359788687106 ], [ 128.777939458805349, 42.232729150653689 ], [ 128.777299391926931, 42.231013364966941 ], [ 128.776684572407049, 42.230240164487839 ], [ 128.776343880453311, 42.229376927127895 ], [ 128.776733391698883, 42.228542283892679 ], [ 128.777899629726107, 42.228475143892865 ], [ 128.780339219419375, 42.228655297282572 ], [ 128.782955710180886, 42.228414765460656 ], [ 128.784227010363338, 42.227817383013473 ], [ 128.784998222389959, 42.226647833203579 ], [ 128.785485444665028, 42.224017574956349 ], [ 128.785953941555448, 42.223194309120579 ], [ 128.786785775448493, 42.222537383126514 ], [ 128.788946057338705, 42.221748628592451 ], [ 128.789979449050463, 42.221275998364113 ], [ 128.790707729955045, 42.220570917050964 ], [ 128.790792961564421, 42.219524026678897 ], [ 128.790604354077885, 42.218409800797708 ], [ 128.789266169628007, 42.215465563170994 ], [ 128.789266169628007, 42.215465563170994 ], [ 128.786904931169857, 42.212327834012321 ], [ 128.78688985910091, 42.211435806526104 ], [ 128.786649928514521, 42.210566377441531 ], [ 128.785930439365671, 42.209837972655137 ], [ 128.784979822143725, 42.209281839182452 ], [ 128.782740966455378, 42.208633604465263 ], [ 128.780331227326087, 42.208828369234517 ], [ 128.778715908703646, 42.208939508214584 ], [ 128.77667723731534, 42.208878437608348 ], [ 128.77549506729477, 42.208612945403118 ], [ 128.774981013035983, 42.208446193974936 ], [ 128.774747691346789, 42.208016604735143 ], [ 128.775139397044398, 42.207176110659745 ], [ 128.776163729975821, 42.206698186822962 ], [ 128.777297244456832, 42.206388109672623 ], [ 128.777722752346079, 42.206064734307809 ], [ 128.777888802326714, 42.20563337044856 ], [ 128.777784506749271, 42.20474849770671 ], [ 128.778365185412127, 42.203937367454557 ], [ 128.779441958763016, 42.203601151583072 ], [ 128.781835666118553, 42.203409196238731 ], [ 128.782579757287607, 42.203014584816479 ], [ 128.782951582890036, 42.202619901094742 ], [ 128.783273285852147, 42.202192408187649 ], [ 128.783803758338337, 42.201394089370872 ], [ 128.785315179472917, 42.200738676194057 ], [ 128.787269182278209, 42.200833075462512 ], [ 128.788685666168305, 42.20132280445862 ], [ 128.789913049471721, 42.2021766507915 ], [ 128.792771326941391, 42.203885040790816 ], [ 128.794949850765647, 42.205063978990758 ], [ 128.796715878275734, 42.20627881739555 ], [ 128.797168121705568, 42.207117923878101 ], [ 128.797260556730521, 42.208012129397929 ], [ 128.797122104913797, 42.208908496870855 ], [ 128.796673220753945, 42.209729640629554 ], [ 128.795422154063829, 42.211265213992974 ], [ 128.794716285929667, 42.213006203478734 ], [ 128.794738917486029, 42.213903509958925 ], [ 128.79511002716967, 42.214752739610084 ], [ 128.795490527787166, 42.21560199908577 ], [ 128.795512301032943, 42.216500887049428 ], [ 128.794895226129682, 42.218234132550108 ], [ 128.794405963195771, 42.220130341946152 ], [ 128.79470871959694, 42.221644620969315 ], [ 128.79470871959694, 42.221644620969315 ], [ 128.794783044927954, 42.222444462784821 ], [ 128.794625527586533, 42.223272453560071 ], [ 128.793964406346845, 42.225213421205709 ], [ 128.791686099690509, 42.227990998725929 ], [ 128.790644998546355, 42.229388589311455 ], [ 128.79025558744317, 42.230530320597374 ], [ 128.78986650291705, 42.231569348412663 ], [ 128.789595695538736, 42.232339998120878 ], [ 128.78893812992834, 42.233138499200045 ], [ 128.787759529054512, 42.23452426323211 ], [ 128.786331753963566, 42.235988499459822 ], [ 128.785040379809942, 42.237483799635001 ], [ 128.784344554413792, 42.238482128476143 ], [ 128.783886133487897, 42.239058228033869 ], [ 128.783886133487897, 42.239058228033869 ], [ 128.782031830752373, 42.239820122457573 ], [ 128.777951793023703, 42.240183591313752 ], [ 128.775683299703502, 42.240122053909772 ], [ 128.775683299703502, 42.240122053909772 ], [ 128.774643747692636, 42.23980584880767 ], [ 128.773445848151852, 42.239078016655341 ], [ 128.773087703647235, 42.238762316278631 ], [ 128.77300972477218, 42.238335042896011 ], [ 128.773316676830433, 42.237453557344509 ], [ 128.774141128513804, 42.236812394061346 ] ] ] ] } },
{ "type": "Feature", "properties": { "DSN": "长财组未分                              ", "DSO": "J↓3→c             ", "DSO_TXT": "J3c", "CHFCAC": "K5215D01D00088", "SHEET": "K5215" }, "geometry": { "type": "MultiPolygon", "coordinates": [ [ [ [ 128.81665063671457, 42.359134498374274 ], [ 128.817152283434382, 42.358198554733811 ], [ 128.818050711777175, 42.357541715184922 ], [ 128.822794893765149, 42.355696936676949 ], [ 128.823898105037443, 42.355155047337938 ], [ 128.824801365473064, 42.35442883320102 ], [ 128.825926206664889, 42.352620532296278 ], [ 128.82608529016079, 42.351644549812136 ], [ 128.825944305127337, 42.350669367684546 ], [ 128.825538856890574, 42.349698243006522 ], [ 128.824693703648535, 42.348994485171808 ], [ 128.823318933209379, 42.348852748257741 ], [ 128.822004328975993, 42.349032052071131 ], [ 128.821034695699382, 42.349695885403634 ], [ 128.820240596174841, 42.35050565091737 ], [ 128.819005153354311, 42.352237199450968 ], [ 128.817528951173671, 42.353897537473919 ], [ 128.816422732179205, 42.354438303542381 ], [ 128.815128597861246, 42.354689612537719 ], [ 128.812442941121674, 42.354625201970997 ], [ 128.811152420174835, 42.354727385295426 ], [ 128.810040774008883, 42.355312544797918 ], [ 128.8091740664143, 42.356014153611582 ], [ 128.808994506692414, 42.357013325641518 ], [ 128.809517920452208, 42.357312959112804 ], [ 128.815295410683262, 42.360849520949543 ], [ 128.816096410957584, 42.360062164817627 ], [ 128.81665063671457, 42.359134498374274 ] ] ], [ [ [ 128.815295026910519, 42.360849898185137 ], [ 128.815296026938086, 42.360849898176198 ], [ 128.815295410683262, 42.360849520949543 ], [ 128.815295026910519, 42.360849898185137 ] ] ] ] } },
{ "type": "Feature", "properties": { "DSN": "屯田营组下段                            ", "DSO": "J↓2→t↑1          ", "DSO_TXT": "J2t-1", "CHFCAC": "K5215D01D00089", "SHEET": "K5215" }, "geometry": { "type": "MultiPolygon", "coordinates": [ [ [ [ 128.80437679407035, 42.354124024291458 ], [ 128.808994506692414, 42.357013325641518 ], [ 128.808994506692414, 42.357013325641518 ], [ 128.8091740664143, 42.356014153611582 ], [ 128.810040774008883, 42.355312544797918 ], [ 128.811152420174835, 42.354727385295426 ], [ 128.812442941121674, 42.354625201970997 ], [ 128.815128597861246, 42.354689612537719 ], [ 128.816422732179205, 42.354438303542381 ], [ 128.817528951173671, 42.353897537473919 ], [ 128.819005153354311, 42.352237199450968 ], [ 128.820240596174841, 42.35050565091737 ], [ 128.821034695699382, 42.349695885403634 ], [ 128.822004328975993, 42.349032052071131 ], [ 128.823318933209379, 42.348852748257741 ], [ 128.824693703648535, 42.348994485171808 ], [ 128.825538856890574, 42.349698243006522 ], [ 128.825944305127337, 42.350669367684546 ], [ 128.82608529016079, 42.351644549812136 ], [ 128.825926206664889, 42.352620532296278 ], [ 128.824801365473064, 42.35442883320102 ], [ 128.823898105037443, 42.355155047337938 ], [ 128.822794893765149, 42.355696936676949 ], [ 128.818050711777175, 42.357541715184922 ], [ 128.818050711777175, 42.357541715184922 ], [ 128.823905823493988, 42.357648852546951 ], [ 128.825350451843576, 42.357507815219698 ], [ 128.826708706153568, 42.357124235292979 ], [ 128.827704579250707, 42.356396892505195 ], [ 128.828387540564705, 42.3554329169745 ], [ 128.829538951019117, 42.353464141861771 ], [ 128.830287845926648, 42.351421013989473 ], [ 128.831075673441632, 42.347194013654729 ], [ 128.83128497403132, 42.345066625985424 ], [ 128.831009266981852, 42.342945779445976 ], [ 128.830110412230908, 42.340926066785904 ], [ 128.828782684623775, 42.339026600741626 ], [ 128.826732118087023, 42.337557712818814 ], [ 128.824350778690729, 42.336339520587032 ], [ 128.819452994663493, 42.334145399746575 ], [ 128.816931818659384, 42.333041377971497 ], [ 128.815597669425784, 42.332695229421589 ], [ 128.814176336515658, 42.332658997819024 ], [ 128.811384716710165, 42.333250582807551 ], [ 128.810172139803768, 42.33381759535613 ], [ 128.809194643404595, 42.334600658858548 ], [ 128.808569758822927, 42.335556659540678 ], [ 128.808261388206972, 42.336616468557892 ], [ 128.80833908217366, 42.338773367416543 ], [ 128.809325594412456, 42.340761351466114 ], [ 128.810889607913424, 42.342549669454002 ], [ 128.81292065931342, 42.344059607189003 ], [ 128.813868927276957, 42.344863478154608 ], [ 128.814574176497359, 42.345789252031224 ], [ 128.81495685295431, 42.346820837919203 ], [ 128.815011110735242, 42.347890107989372 ], [ 128.814257911310079, 42.349942287639934 ], [ 128.813494611828588, 42.350859788641365 ], [ 128.812493903714909, 42.351631627404245 ], [ 128.809910727881828, 42.35252172940568 ], [ 128.80708623387585, 42.353052876198667 ], [ 128.805678729956867, 42.353023523283788 ], [ 128.804591781455485, 42.352886792406942 ], [ 128.804591781455485, 42.352886792406942 ], [ 128.804377794097888, 42.35412402428252 ], [ 128.80437679407035, 42.354124024291458 ] ] ] ] } },
{ "type": "Feature", "properties": { "DSN": "军舰山玄武岩                            ", "DSO": "βQ↓1              ", "DSO_TXT": "βQ1", "CHFCAC": "K5215D01D00090", "SHEET": "K5215" }, "geometry": { "type": "MultiPolygon", "coordinates": [ [ [ [ 128.888933296404673, 42.03025841836692 ], [ 128.887250423021413, 42.032145546960088 ], [ 128.885071422300626, 42.033687343488317 ], [ 128.882702199219608, 42.035072687704726 ], [ 128.881472908628126, 42.035754249007468 ], [ 128.879980923727743, 42.035995978896054 ], [ 128.879294010119509, 42.03588989087951 ], [ 128.878973209632477, 42.035382243919919 ], [ 128.879101579971575, 42.034231304527843 ], [ 128.879117781866171, 42.033113949842473 ], [ 128.878821188546368, 42.032012727832878 ], [ 128.878506767136031, 42.031489652904078 ], [ 128.877943383050706, 42.031159562176413 ], [ 128.876399223618677, 42.03110679211688 ], [ 128.875013582965124, 42.030670497192794 ], [ 128.873772609352244, 42.03002130263976 ], [ 128.871793484334802, 42.028491270393552 ], [ 128.868987153294484, 42.027801559488168 ], [ 128.867391241608573, 42.027871215798264 ], [ 128.866088755620808, 42.028471812151096 ], [ 128.863360819245287, 42.029406039279699 ], [ 128.8624396145525, 42.030294854855072 ], [ 128.861809013261762, 42.031311651795761 ], [ 128.861208759905992, 42.033517743012546 ], [ 128.860344575106836, 42.03444192309091 ], [ 128.85900911332979, 42.034959683970122 ], [ 128.857523029245215, 42.035292790016257 ], [ 128.856286569807168, 42.035867049897703 ], [ 128.854538546699956, 42.037734305922129 ], [ 128.853185710713319, 42.03972732238622 ], [ 128.851399110023408, 42.041546749685239 ], [ 128.850248609062959, 42.043622009672525 ], [ 128.849808123761051, 42.048711080245695 ], [ 128.849983373765355, 42.050175634736604 ], [ 128.850604315583809, 42.051674050636962 ], [ 128.851358467806591, 42.053538716003509 ], [ 128.851803450920642, 42.055170013297079 ], [ 128.85215694617014, 42.056867752620811 ], [ 128.852511098974787, 42.058033056500754 ], [ 128.852981319829041, 42.059101692311437 ], [ 128.854559187677694, 42.06102727149721 ], [ 128.85475287300315, 42.062136256795149 ], [ 128.85444132440341, 42.063268752279669 ], [ 128.853764334447902, 42.064255359292808 ], [ 128.852789086809707, 42.065126845360254 ], [ 128.851885208131222, 42.066035966050535 ], [ 128.851351386613487, 42.067090408780757 ], [ 128.851187983177056, 42.068223340845265 ], [ 128.851369369257242, 42.068416645039861 ], [ 128.851787433094501, 42.068462220069229 ], [ 128.852557398626914, 42.068371856433103 ], [ 128.853880849931102, 42.067848443306914 ], [ 128.855349030490316, 42.067618116652881 ], [ 128.856841441300475, 42.067760612329593 ], [ 128.857367433154138, 42.068146622382521 ], [ 128.857648093017104, 42.068679433622052 ], [ 128.858148226034842, 42.069751569897633 ], [ 128.858358514854416, 42.07085850950498 ], [ 128.858697456597298, 42.071975219499947 ], [ 128.859383181315138, 42.07299925663694 ], [ 128.861389585500888, 42.074739030008381 ], [ 128.862029214193967, 42.074925758707572 ], [ 128.862749102549117, 42.074698345008784 ], [ 128.863426685768331, 42.074468790762012 ], [ 128.864179710195771, 42.074574950830367 ], [ 128.864895376453433, 42.074531435945495 ], [ 128.8655769462558, 42.074212661433066 ], [ 128.865962085852971, 42.073792819166499 ], [ 128.86576542155774, 42.073217878770514 ], [ 128.864989151294509, 42.071041418998249 ], [ 128.864989772241699, 42.069905483329372 ], [ 128.865487562525402, 42.068860327054189 ], [ 128.866551110382147, 42.068032671607973 ], [ 128.867247518826076, 42.067073614854245 ], [ 128.867338125498947, 42.065919696325373 ], [ 128.867693249909507, 42.064847074434191 ], [ 128.868601328574357, 42.063936687175008 ], [ 128.869899406646567, 42.063372818238754 ], [ 128.875844902605337, 42.062552323826942 ], [ 128.881768168882445, 42.061733448799906 ], [ 128.884478017572746, 42.060730613498478 ], [ 128.885723504950562, 42.060090727630396 ], [ 128.886657732378922, 42.059195370954207 ], [ 128.887105208825574, 42.058115334843521 ], [ 128.887116280280679, 42.056986794887095 ], [ 128.88666492301931, 42.054764067856503 ], [ 128.884655303972096, 42.050516222233561 ], [ 128.883405900143885, 42.048466332981079 ], [ 128.883222458194183, 42.046226331152155 ], [ 128.883440827778742, 42.045109779537654 ], [ 128.884251400520384, 42.044157691746932 ], [ 128.884785984722498, 42.043783317003033 ], [ 128.885487003709869, 42.043627583277093 ], [ 128.887016376186807, 42.043398026536778 ], [ 128.887620202491377, 42.043046133521791 ], [ 128.887957387941611, 42.042567286408357 ], [ 128.887873282164719, 42.041445013634757 ], [ 128.886519395976563, 42.039291614360693 ], [ 128.886266082440983, 42.038178611057198 ], [ 128.886495904726615, 42.037641478105208 ], [ 128.887457662000429, 42.036933454608999 ], [ 128.889427692874051, 42.036436066498602 ], [ 128.892802633197675, 42.036396545775645 ], [ 128.894297759185122, 42.036233155600549 ], [ 128.895560154074985, 42.035619049727039 ], [ 128.896977675328145, 42.033627436609009 ], [ 128.898753461250607, 42.03181352833068 ], [ 128.901183436403556, 42.030473441540082 ], [ 128.90255933539774, 42.030005960913599 ], [ 128.904070806385533, 42.029873744555189 ], [ 128.905476534808912, 42.030242780085182 ], [ 128.906801919245794, 42.030800691361037 ], [ 128.908069881575045, 42.031413640440555 ], [ 128.908748168200816, 42.03157850290156 ], [ 128.909534518805629, 42.031480547983634 ], [ 128.911018229503043, 42.031319130353246 ], [ 128.91249587750238, 42.031559463750334 ], [ 128.913625452401078, 42.032299128660895 ], [ 128.914473867367064, 42.0332293858228 ], [ 128.915364169401158, 42.034132991640284 ], [ 128.916797960597563, 42.034489499438571 ], [ 128.917592137722664, 42.034555657588783 ], [ 128.918170368316169, 42.0348775969874 ], [ 128.918305216239816, 42.035437142293155 ], [ 128.918078382101385, 42.035981769406639 ], [ 128.91598826500055, 42.037600952950463 ], [ 128.915170306472476, 42.038552029985794 ], [ 128.914174590686201, 42.039367585156015 ], [ 128.911894116953363, 42.040851737620734 ], [ 128.91057048878821, 42.041369575452237 ], [ 128.909078079647117, 42.041611111015328 ], [ 128.903098139089508, 42.042181855901305 ], [ 128.900202895663597, 42.042965142030447 ], [ 128.89892565324925, 42.043539827390269 ], [ 128.898540313114438, 42.044004778780938 ], [ 128.898394067374113, 42.044594154065649 ], [ 128.898935618274749, 42.044922027323096 ], [ 128.899715667550282, 42.045001985221582 ], [ 128.901196512559636, 42.044891647853873 ], [ 128.904184357040606, 42.044538617929085 ], [ 128.907206039837888, 42.044594693080242 ], [ 128.910160654426448, 42.045115165952538 ], [ 128.912906504363093, 42.046036556104454 ], [ 128.915486863351248, 42.047258117700913 ], [ 128.916902823634359, 42.047590188144227 ], [ 128.918402398413974, 42.04736661453537 ], [ 128.920750259854003, 42.045959208413848 ], [ 128.924864990598365, 42.042694797216278 ], [ 128.925749443720804, 42.040513845216381 ], [ 128.92646382416288, 42.039518515234107 ], [ 128.927650479754561, 42.03884321446602 ], [ 128.93063274855615, 42.038402368861341 ], [ 128.932015104928155, 42.037940743659 ], [ 128.933047573783853, 42.037152207874982 ], [ 128.934023996681304, 42.036273267304772 ], [ 128.934648431223053, 42.035907299616412 ], [ 128.935356647674695, 42.035773895839583 ], [ 128.936666135522586, 42.03634729692731 ], [ 128.9376090810851, 42.037231617601797 ], [ 128.938034678032977, 42.038322724682409 ], [ 128.938117325303779, 42.039508614048373 ], [ 128.938324670283691, 42.040694571628286 ], [ 128.939329523134376, 42.041475267317402 ], [ 128.940573841651712, 42.041970548890852 ], [ 128.942009985226889, 42.042274908912397 ], [ 128.943531581602514, 42.042248809676678 ], [ 128.944237220801767, 42.042030969649645 ], [ 128.944485256232667, 42.041477875731175 ], [ 128.944486152622062, 42.040448062932178 ], [ 128.94390038535991, 42.039511585751725 ], [ 128.942475423657839, 42.037732112829822 ], [ 128.942090850488938, 42.036425094555682 ], [ 128.9416406915077, 42.035297586612053 ], [ 128.940804636751665, 42.03436096385191 ], [ 128.939883786998593, 42.033455497436819 ], [ 128.939116932742536, 42.032641232587324 ], [ 128.938250423917992, 42.031863100037825 ], [ 128.937330615812527, 42.030988818327508 ], [ 128.93607291278272, 42.030313716576231 ], [ 128.933214284237778, 42.029609653825965 ], [ 128.931888653989404, 42.029065663031687 ], [ 128.930783953960145, 42.028298603667757 ], [ 128.929968394596386, 42.027343911178541 ], [ 128.929528824545173, 42.026268913619361 ], [ 128.92897003689535, 42.024056301503379 ], [ 128.928398725164271, 42.023011848344822 ], [ 128.927568151259862, 42.022070913465264 ], [ 128.926474758239294, 42.021287927595786 ], [ 128.925198171391571, 42.020685178218194 ], [ 128.91950624858535, 42.019177063943502 ], [ 128.916602562792434, 42.018561969285003 ], [ 128.913580416096863, 42.018522213444967 ], [ 128.910606365714131, 42.018927953440276 ], [ 128.907724391766294, 42.019586579359611 ], [ 128.905097363505632, 42.020704857865454 ], [ 128.902655601011958, 42.022031023588077 ], [ 128.900214527310567, 42.023362151632526 ], [ 128.897443322953109, 42.024241855794592 ], [ 128.894650732495478, 42.025132975611413 ], [ 128.892265827020964, 42.02650595409775 ], [ 128.888933296404673, 42.03025841836692 ] ], [ [ 128.864908259879797, 42.053937108894047 ], [ 128.867730537948063, 42.052201261932638 ], [ 128.868548992917056, 42.051924512438859 ], [ 128.869430010321992, 42.052078882179671 ], [ 128.869978578670811, 42.052624759655842 ], [ 128.870236569755377, 42.053279357411604 ], [ 128.870355653678445, 42.054642634720132 ], [ 128.870094023449582, 42.055986340850787 ], [ 128.869080697478239, 42.05709722434721 ], [ 128.867464508535306, 42.057737293704619 ], [ 128.865751289931438, 42.058204088584965 ], [ 128.863948284504204, 42.058379658271257 ], [ 128.862116676618314, 42.058211353939946 ], [ 128.860509333843339, 42.057676931011841 ], [ 128.86006384458787, 42.057077348578275 ], [ 128.860546951023451, 42.056205453549829 ], [ 128.86218439598926, 42.055643019493964 ], [ 128.863777264237058, 42.054752210708536 ], [ 128.864908259879797, 42.053937108894047 ] ] ] ] } },
{ "type": "Feature", "properties": { "DSN": "军舰山玄武岩                            ", "DSO": "βQ↓1              ", "DSO_TXT": "βQ1", "CHFCAC": "K5215D01D00091", "SHEET": "K5215" }, "geometry": { "type": "MultiPolygon", "coordinates": [ [ [ [ 128.581267803799562, 42.008975249491904 ], [ 128.581266705694674, 42.008975089755168 ], [ 128.581266803772053, 42.008975249500729 ], [ 128.581267803799562, 42.008975249491904 ] ] ], [ [ [ 128.579438978028719, 42.00672169670591 ], [ 128.578096669110408, 42.005632986348644 ], [ 128.576338847782949, 42.005012825576458 ], [ 128.57434213116602, 42.004892930944301 ], [ 128.57233233471905, 42.004903556190598 ], [ 128.570338145686009, 42.004732016023432 ], [ 128.568436075031116, 42.004196450754677 ], [ 128.566548101751295, 42.003790425124166 ], [ 128.564535777418683, 42.003713089994065 ], [ 128.560834305111911, 42.004929611316115 ], [ 128.55888240051604, 42.005330706290025 ], [ 128.556857563976052, 42.005415087119211 ], [ 128.554770237240717, 42.005492910463765 ], [ 128.552886062537908, 42.005454379647439 ], [ 128.551083540106646, 42.00610177689915 ], [ 128.55088364473238, 42.006829472768423 ], [ 128.550900243880506, 42.007818327856633 ], [ 128.552273065686393, 42.009408937394873 ], [ 128.553565128271458, 42.010294030726413 ], [ 128.55527349670831, 42.011542645009463 ], [ 128.556645764894341, 42.012952246165845 ], [ 128.55709773662474, 42.013921399848464 ], [ 128.557093891012755, 42.014763952460576 ], [ 128.556630244120754, 42.015043024485635 ], [ 128.555790091181166, 42.015258225330903 ], [ 128.554662803873015, 42.015035404454949 ], [ 128.553197701109156, 42.014340947099349 ], [ 128.551489884482805, 42.013587552094627 ], [ 128.549610538207531, 42.012831238564843 ], [ 128.547977642922319, 42.01248155686379 ], [ 128.545857414123759, 42.012434765865564 ], [ 128.541905205344761, 42.01309911144191 ], [ 128.539918344053433, 42.012876275233694 ], [ 128.538075509370344, 42.011940005811354 ], [ 128.536151129034636, 42.009706479442769 ], [ 128.534813132352383, 42.00858819347831 ], [ 128.5340217016591, 42.008028538630143 ], [ 128.535055048178492, 42.011410931292637 ], [ 128.535731566627589, 42.013065488321281 ], [ 128.536823100234614, 42.01459474013344 ], [ 128.538442117484976, 42.015831167358137 ], [ 128.540500066248171, 42.016640888773416 ], [ 128.544924201678981, 42.017684011819576 ], [ 128.549103067143847, 42.019193199800718 ], [ 128.553118510249618, 42.020932752958039 ], [ 128.556929928969623, 42.022898231047037 ], [ 128.559082020170734, 42.023532063869183 ], [ 128.560234165806435, 42.023405815432461 ], [ 128.561258593263489, 42.022994914034953 ], [ 128.562766273303197, 42.021686606549949 ], [ 128.563759934761919, 42.020122254657927 ], [ 128.56489890506964, 42.018614903260627 ], [ 128.566317425080712, 42.017235675886049 ], [ 128.567646930569254, 42.015826564545577 ], [ 128.568236395991221, 42.014213489672315 ], [ 128.568237396018731, 42.014213489663483 ], [ 128.568116817742009, 42.013464080056089 ], [ 128.567772378577217, 42.012549578961071 ], [ 128.56645898204124, 42.011117306611027 ], [ 128.565800681533801, 42.010396994700734 ], [ 128.565664794946315, 42.009531252937265 ], [ 128.566367707690176, 42.008891449506699 ], [ 128.567556383012857, 42.008659762098326 ], [ 128.572169496028692, 42.008846929142962 ], [ 128.574421216768428, 42.008387185747935 ], [ 128.576699077741495, 42.008310655958212 ], [ 128.581266705694674, 42.008975089755168 ], [ 128.580729128409331, 42.008099499537579 ], [ 128.579438978028719, 42.00672169670591 ] ] ] ] } },
{ "type": "Feature", "properties": { "DSN": "军舰山玄武岩                            ", "DSO": "βQ↓1              ", "DSO_TXT": "βQ1", "CHFCAC": "K5215D01D00092", "SHEET": "K5215" }, "geometry": { "type": "MultiPolygon", "coordinates": [ [ [ [ 128.698120136969436, 42.184612150524799 ], [ 128.699379996987773, 42.183760073635042 ], [ 128.700416803614928, 42.182812137934079 ], [ 128.701083722540517, 42.181657242312653 ], [ 128.702094584901317, 42.18062401338495 ], [ 128.702860672018232, 42.180332502518766 ], [ 128.702861672045771, 42.180332502509884 ], [ 128.703784111347375, 42.177492310620067 ], [ 128.705175549584538, 42.174744734473691 ], [ 128.706120249434377, 42.173879702376851 ], [ 128.707319733080794, 42.173161742922453 ], [ 128.709601187415586, 42.171669023753331 ], [ 128.711911651720754, 42.170191378070136 ], [ 128.714608986121135, 42.169178963990262 ], [ 128.717595814288984, 42.168631800236128 ], [ 128.719100410536413, 42.168681016840345 ], [ 128.720582519143449, 42.168966650269141 ], [ 128.722072831049502, 42.169150160611466 ], [ 128.723574901206433, 42.168964323676114 ], [ 128.724986806962761, 42.168495040243975 ], [ 128.726203527462133, 42.167833016982009 ], [ 128.728335463517851, 42.166157250729903 ], [ 128.728998179319632, 42.165800441452753 ], [ 128.729676457239577, 42.165737850354446 ], [ 128.730755285192089, 42.166550338800953 ], [ 128.731182305421953, 42.167627256557559 ], [ 128.731303553411351, 42.168758472324399 ], [ 128.730776400731656, 42.170981361179294 ], [ 128.730124892949306, 42.173200798776712 ], [ 128.730204688985737, 42.175452274553479 ], [ 128.730823592041361, 42.176493442672523 ], [ 128.731981367023678, 42.177225557698286 ], [ 128.733488376461708, 42.177378794610384 ], [ 128.734885418165049, 42.176945789155894 ], [ 128.737634588697347, 42.175992647958807 ], [ 128.740657937187024, 42.175672017824354 ], [ 128.7420554323256, 42.175301241766071 ], [ 128.743370187925223, 42.174710843669892 ], [ 128.746348896177125, 42.174240923336967 ], [ 128.747809506050174, 42.174421674869862 ], [ 128.749384471558784, 42.174985733958906 ], [ 128.75071875729148, 42.175727624645162 ], [ 128.752289954481682, 42.177272528088245 ], [ 128.753826196060288, 42.179008622366311 ], [ 128.75527380964337, 42.179780293254566 ], [ 128.759685395496575, 42.182899716542614 ], [ 128.760505348590584, 42.18399708439577 ], [ 128.761128964758797, 42.18518314301965 ], [ 128.761752190934772, 42.187076333857853 ], [ 128.76219746076282, 42.189304084747846 ], [ 128.763045127865951, 42.191488360260415 ], [ 128.764018286936789, 42.192340332781683 ], [ 128.76573216235883, 42.193370556965441 ], [ 128.767694029373985, 42.194195729047323 ], [ 128.76801728330409, 42.195352119032002 ], [ 128.76832879852023, 42.196405825149064 ], [ 128.768686289011725, 42.196936910958009 ], [ 128.769394300419833, 42.196934490386546 ], [ 128.770597033424281, 42.196231722648029 ], [ 128.772424236524046, 42.194425327151038 ], [ 128.773688529468927, 42.193813270174132 ], [ 128.775151891740222, 42.19403470086128 ], [ 128.777309584345033, 42.195431362783062 ], [ 128.778476650908829, 42.19636822203374 ], [ 128.779958879442148, 42.196277969422091 ], [ 128.781116029252274, 42.19562117293254 ], [ 128.781650922204534, 42.194831424957357 ], [ 128.781530000218339, 42.194283740036816 ], [ 128.781040875531005, 42.193674525248277 ], [ 128.780224171455302, 42.193095094522299 ], [ 128.777354703000441, 42.1920814792988 ], [ 128.776150864656842, 42.191414572120031 ], [ 128.774953606660034, 42.190262479877831 ], [ 128.774264453821814, 42.18837544746448 ], [ 128.774230367801579, 42.186012282436955 ], [ 128.773703452683861, 42.184998370548115 ], [ 128.773051953563908, 42.184054244479583 ], [ 128.772031463020227, 42.183291866578223 ], [ 128.77072421032679, 42.182492060886197 ], [ 128.769171782412485, 42.181826266568976 ], [ 128.768397046689813, 42.181033936912506 ], [ 128.767709194646045, 42.178873138116252 ], [ 128.767049981299095, 42.177843837772095 ], [ 128.766194144102229, 42.17686884227426 ], [ 128.765133040196446, 42.176075905971217 ], [ 128.764277143287899, 42.175131308272661 ], [ 128.764200268170242, 42.173792923654375 ], [ 128.764696297218109, 42.172455716921462 ], [ 128.765519667826851, 42.171119176308693 ], [ 128.765359806533297, 42.170084764258277 ], [ 128.764095809281628, 42.168865602600903 ], [ 128.761645806506408, 42.167491896339612 ], [ 128.760544111661545, 42.166668416812357 ], [ 128.759893336838587, 42.165632972533729 ], [ 128.759733815638185, 42.164537722803203 ], [ 128.760145483146999, 42.163324865548084 ], [ 128.760764643431997, 42.161352497879697 ], [ 128.760605571325073, 42.160135594664631 ], [ 128.759626756944698, 42.159312360765973 ], [ 128.757504278649975, 42.158000079386511 ], [ 128.756116537102116, 42.157145536752395 ], [ 128.755138295946608, 42.156200609607843 ], [ 128.754938316732762, 42.155014023691386 ], [ 128.755433690775845, 42.153859335008256 ], [ 128.756092442657945, 42.152765822010196 ], [ 128.756423795468891, 42.151702023949923 ], [ 128.756145935976377, 42.149487304231599 ], [ 128.755213054320706, 42.147417140362116 ], [ 128.753461209991258, 42.145588527029616 ], [ 128.751135039215029, 42.144214858180412 ], [ 128.745907388652796, 42.141873908705904 ], [ 128.743309749390448, 42.14073300774966 ], [ 128.740936788413421, 42.139453759462597 ], [ 128.738980455724715, 42.137776532485958 ], [ 128.737148554699957, 42.135704169210861 ], [ 128.734587620900783, 42.131957299807063 ], [ 128.733410968957571, 42.129734316030486 ], [ 128.732597059853276, 42.128789574239377 ], [ 128.731332840875439, 42.127965429410878 ], [ 128.728855372026601, 42.126783898643637 ], [ 128.725997344353232, 42.12604649855745 ], [ 128.723102742904189, 42.125376530171444 ], [ 128.720313894714025, 42.124464823727429 ], [ 128.719296027701432, 42.123658707988277 ], [ 128.718319325686451, 42.12273946345185 ], [ 128.717019534658476, 42.120789737259862 ], [ 128.715884454172766, 42.118597088768119 ], [ 128.715321885616675, 42.116396844386074 ], [ 128.714811406517669, 42.111793343599942 ], [ 128.713389134033093, 42.109792077560421 ], [ 128.711393420759322, 42.108144688715385 ], [ 128.710905642979014, 42.107045538387162 ], [ 128.710580121145654, 42.105928445322427 ], [ 128.710016447376688, 42.103679000536168 ], [ 128.708362939658087, 42.101788133715559 ], [ 128.70770805828451, 42.100777294960693 ], [ 128.707262828160964, 42.099624258045985 ], [ 128.706982447822213, 42.098376541983413 ], [ 128.70633268190835, 42.097462442871446 ], [ 128.704337108156665, 42.095906173466098 ], [ 128.702473745950869, 42.092318548625194 ], [ 128.700769230685097, 42.089759284834003 ], [ 128.698609993945041, 42.088324146084652 ], [ 128.695917708754536, 42.087282945161832 ], [ 128.693019271510366, 42.086636518754702 ], [ 128.690038131058543, 42.086202701731779 ], [ 128.68705389274362, 42.08640750411044 ], [ 128.681196402041422, 42.087414439827839 ], [ 128.678244278004456, 42.087930520434895 ], [ 128.676723990809847, 42.087904498498219 ], [ 128.675256311810301, 42.087608788935206 ], [ 128.6725901299138, 42.08650626452571 ], [ 128.671867617733852, 42.086333512649304 ], [ 128.671130083238438, 42.086389741624949 ], [ 128.669751246815935, 42.08690787700359 ], [ 128.665336614324445, 42.089990363909521 ], [ 128.662555893824589, 42.090889129408104 ], [ 128.659526910543207, 42.091176924112126 ], [ 128.656476360065227, 42.091216807288944 ], [ 128.653005665148015, 42.090628486715872 ], [ 128.647902847093832, 42.089578846149642 ], [ 128.644962412468004, 42.089204810115909 ], [ 128.641489705976142, 42.089011526375884 ], [ 128.635645343348898, 42.089053949916128 ], [ 128.632745518421586, 42.088740560146547 ], [ 128.629684558652144, 42.088031185860864 ], [ 128.626788203836355, 42.087139777865694 ], [ 128.625399474318755, 42.087013594236311 ], [ 128.62372379389646, 42.087038526033901 ], [ 128.622411653689284, 42.086728449351476 ], [ 128.620794372491304, 42.086238103367101 ], [ 128.618595110598648, 42.084983814757486 ], [ 128.61729048597951, 42.084382799532726 ], [ 128.616514863528437, 42.084338174549345 ], [ 128.615736422276342, 42.084670131865686 ], [ 128.615683338038508, 42.085521256951267 ], [ 128.615826349857116, 42.086646282187459 ], [ 128.616382586309584, 42.087697814135126 ], [ 128.617142538396706, 42.088689566316475 ], [ 128.619331140144254, 42.090369651686814 ], [ 128.621612701008274, 42.091563368055603 ], [ 128.624507749315285, 42.092698217591561 ], [ 128.630330108693357, 42.094055165002764 ], [ 128.636179594020547, 42.095686033866819 ], [ 128.638905080659981, 42.096310802793347 ], [ 128.641870057012625, 42.096803348493616 ], [ 128.644882775165087, 42.097079453279775 ], [ 128.647916001555984, 42.09710761853993 ], [ 128.653958158378543, 42.096672441224726 ], [ 128.660029969514142, 42.096621417477024 ], [ 128.663060482829451, 42.096438639332035 ], [ 128.665936366477553, 42.095723710927565 ], [ 128.676521131641948, 42.093951547538559 ], [ 128.683628069144305, 42.092654163043171 ], [ 128.686447921996603, 42.091813715839073 ], [ 128.689387858111076, 42.091255418890022 ], [ 128.692137626175423, 42.090309008226619 ], [ 128.693659668015641, 42.090290875479411 ], [ 128.695060130661119, 42.090683225746076 ], [ 128.695834909382853, 42.091645747372475 ], [ 128.695971811910482, 42.092770737349355 ], [ 128.695249575322435, 42.094961808662099 ], [ 128.694382992377285, 42.097146297995359 ], [ 128.694303934475215, 42.098236668842702 ], [ 128.695128735007728, 42.099215903501708 ], [ 128.698626535143859, 42.102095899377019 ], [ 128.699562229673575, 42.103041204961514 ], [ 128.700537397773417, 42.10429075330125 ], [ 128.700934623454714, 42.106749251443269 ], [ 128.700924330621064, 42.10893907517309 ], [ 128.701333464311659, 42.111208502408175 ], [ 128.70213023579231, 42.113321906822506 ], [ 128.703588829485227, 42.115402799897197 ], [ 128.704229589557968, 42.11642493901504 ], [ 128.70458460181797, 42.117527298820143 ], [ 128.704807462178337, 42.118642105188655 ], [ 128.704723320348393, 42.11977702250919 ], [ 128.704037767189647, 42.120763630578892 ], [ 128.702795117493025, 42.121413258414826 ], [ 128.699900033673941, 42.122088912679125 ], [ 128.698495904030011, 42.122523989110405 ], [ 128.697376736808792, 42.123279234555099 ], [ 128.69665383395224, 42.124273544446815 ], [ 128.696697663238922, 42.125395270538398 ], [ 128.697892823824333, 42.127486871526763 ], [ 128.697825491823494, 42.128553487827361 ], [ 128.697105151298359, 42.12973546567985 ], [ 128.695087231925982, 42.131219492652455 ], [ 128.692674193622537, 42.132573490111845 ], [ 128.691329102020802, 42.133113482886984 ], [ 128.689818127968209, 42.133189255856699 ], [ 128.686969840985341, 42.133975771958077 ], [ 128.681555974184818, 42.136013613629736 ], [ 128.678564924266482, 42.136346801944626 ], [ 128.675553175891565, 42.136057252174361 ], [ 128.669775044210553, 42.134665375801283 ], [ 128.666843653839777, 42.134079148944259 ], [ 128.665327851013842, 42.133906437552731 ], [ 128.665068635387371, 42.134029537667075 ], [ 128.665162706546539, 42.13433367803917 ], [ 128.66554810928082, 42.134827241658378 ], [ 128.667496225591918, 42.136560661927128 ], [ 128.67015033474317, 42.137641502585652 ], [ 128.67286783744467, 42.138652081455497 ], [ 128.674264045124488, 42.139106575461376 ], [ 128.675496553547589, 42.139753010177394 ], [ 128.677539053079585, 42.141434984076326 ], [ 128.678685679109691, 42.142147246622315 ], [ 128.68014842544855, 42.142469440684643 ], [ 128.681660461163062, 42.142542240561504 ], [ 128.683138626483242, 42.1423515250248 ], [ 128.685706511508073, 42.141127230352154 ], [ 128.688209783188711, 42.139866466587833 ], [ 128.691196477072992, 42.139435074734372 ], [ 128.694231487329347, 42.139370153383858 ], [ 128.695676231122206, 42.139022894155126 ], [ 128.696991808163119, 42.138460056986375 ], [ 128.7019587600889, 42.135853049657342 ], [ 128.704371464359014, 42.134482693000109 ], [ 128.706960502774166, 42.133294005552038 ], [ 128.709731851975704, 42.132386546539614 ], [ 128.712755290670884, 42.132119170477608 ], [ 128.714230451061638, 42.132356579217934 ], [ 128.715557318992438, 42.132910672972017 ], [ 128.716065884879242, 42.133328389805946 ], [ 128.716241364714733, 42.133879892521605 ], [ 128.716070572672521, 42.135002303866266 ], [ 128.715996770157545, 42.13613453752599 ], [ 128.716250743437541, 42.137240993701695 ], [ 128.717109247691241, 42.138170729736302 ], [ 128.717643406302642, 42.139233085305946 ], [ 128.717983286107142, 42.140341849717473 ], [ 128.717573544867776, 42.141415163299683 ], [ 128.717525184271295, 42.143679780510396 ], [ 128.717745914360648, 42.144192469164111 ], [ 128.718397410852333, 42.144511427147492 ], [ 128.719060873794746, 42.144758604599581 ], [ 128.719826242701259, 42.144789520290821 ], [ 128.721330707083126, 42.144694123568009 ], [ 128.722653276661958, 42.144144165559524 ], [ 128.724150916846781, 42.143914718159664 ], [ 128.725551779284501, 42.144293690588675 ], [ 128.726619889591689, 42.14509576165959 ], [ 128.727071367423491, 42.14617145779296 ], [ 128.728155814914118, 42.146956460316062 ], [ 128.729562467133633, 42.147365665933926 ], [ 128.73104515306045, 42.14763676357461 ], [ 128.732269874159272, 42.148217501311954 ], [ 128.733385567486778, 42.148917479570819 ], [ 128.73431294714652, 42.149807167114552 ], [ 128.735742874885602, 42.150201685916699 ], [ 128.736881386669268, 42.150843803028522 ], [ 128.738427476351575, 42.152885098760208 ], [ 128.740794580483936, 42.154256085304993 ], [ 128.741927704168688, 42.155011176234105 ], [ 128.742772241405788, 42.155955692255056 ], [ 128.742694081977305, 42.158214686911386 ], [ 128.742177703974477, 42.159267014241493 ], [ 128.741080843044557, 42.160044953861622 ], [ 128.73963054665461, 42.160362041356763 ], [ 128.738131125646703, 42.16017183470256 ], [ 128.735425624527096, 42.159155420790412 ], [ 128.732804468026586, 42.157999810142798 ], [ 128.730053834055695, 42.157051019660841 ], [ 128.727133410069598, 42.15641350087094 ], [ 128.724130645767843, 42.156057659799828 ], [ 128.721090979632208, 42.155959883324293 ], [ 128.71808257059152, 42.156257540611321 ], [ 128.715261944937168, 42.157117583725487 ], [ 128.712767054898336, 42.158409856252469 ], [ 128.710535157953871, 42.159941887321203 ], [ 128.708587044477156, 42.161683227002158 ], [ 128.707281664115811, 42.163724829986819 ], [ 128.706404888837, 42.16463359842156 ], [ 128.70505331619762, 42.165155255600219 ], [ 128.7021089840093, 42.165704398424971 ], [ 128.700892735279524, 42.166408190119633 ], [ 128.700231676143346, 42.166591052928368 ], [ 128.699448645944472, 42.166544835442487 ], [ 128.69646447083403, 42.166969241027822 ], [ 128.695370438752349, 42.167752392676348 ], [ 128.694880886054477, 42.168821412351363 ], [ 128.694465961706044, 42.169909592988979 ], [ 128.693645299869729, 42.170858210164781 ], [ 128.692447894802456, 42.171559170121405 ], [ 128.69149318411425, 42.172429539402742 ], [ 128.69088694681642, 42.173470325672255 ], [ 128.690717930908363, 42.174611851320435 ], [ 128.690335102488689, 42.175672984934444 ], [ 128.689187239649641, 42.176430342228059 ], [ 128.686305490174959, 42.177114264810115 ], [ 128.685699046179082, 42.17743965088318 ], [ 128.68529504157442, 42.177944400759294 ], [ 128.685151068462858, 42.178524709017701 ], [ 128.685397527606455, 42.179035919410111 ], [ 128.687928324219456, 42.180301273974237 ], [ 128.693503678940544, 42.182090226969095 ], [ 128.696102977357043, 42.18327931086079 ], [ 128.69811913694187, 42.184612150533681 ], [ 128.698120136969436, 42.184612150524799 ] ] ] ] } },
{ "type": "Feature", "properties": { "DSN": "军舰山玄武岩                            ", "DSO": "βQ↓1              ", "DSO_TXT": "βQ1", "CHFCAC": "K5215D01D00093", "SHEET": "K5215" }, "geometry": { "type": "MultiPolygon", "coordinates": [ [ [ [ 128.596561756860353, 42.192621901528028 ], [ 128.596562766068189, 42.192621908039285 ], [ 128.596562756887892, 42.192621901519161 ], [ 128.596561756860353, 42.192621901528028 ] ] ], [ [ [ 128.601610071708734, 42.197071775881213 ], [ 128.602215287006857, 42.199538143475927 ], [ 128.602620831573688, 42.20073420268573 ], [ 128.603542601204055, 42.201799678404903 ], [ 128.604641981659114, 42.202789099326196 ], [ 128.604980339331178, 42.203958678899696 ], [ 128.605372719817808, 42.205183186021017 ], [ 128.606010686599006, 42.205614748374813 ], [ 128.606845416262445, 42.205768400888275 ], [ 128.607657004477517, 42.205611934787171 ], [ 128.608278789077275, 42.205193380504205 ], [ 128.609084745724687, 42.204051850867167 ], [ 128.609856364930863, 42.201628042687588 ], [ 128.610955251307104, 42.19926794781022 ], [ 128.611618442041504, 42.196830262707337 ], [ 128.612088905962111, 42.195600312422201 ], [ 128.612692345878571, 42.195233610072592 ], [ 128.613568950071112, 42.195347311950862 ], [ 128.61424863052477, 42.195750982409429 ], [ 128.614930540381749, 42.19668827697609 ], [ 128.61492096694974, 42.195136141168902 ], [ 128.614648260822975, 42.193595890920271 ], [ 128.613839291403139, 42.192150609548129 ], [ 128.613098389215395, 42.191597621509082 ], [ 128.612096738675831, 42.191357530966208 ], [ 128.611098052876031, 42.191596215285372 ], [ 128.610480833252524, 42.192227183854705 ], [ 128.61018074935032, 42.192977636440155 ], [ 128.610182240121816, 42.19375360811614 ], [ 128.61010504089765, 42.195306828048871 ], [ 128.609336501302948, 42.196746058808216 ], [ 128.607782629111938, 42.197806312846126 ], [ 128.60681022089102, 42.198061632462363 ], [ 128.6057471436892, 42.19803850450144 ], [ 128.604742670672607, 42.197803732930637 ], [ 128.603939752540327, 42.197312950181754 ], [ 128.602690607132018, 42.196053054269157 ], [ 128.601737655675578, 42.194667581263893 ], [ 128.600385953575511, 42.193473357192673 ], [ 128.599614659775199, 42.192942554657883 ], [ 128.598661228362403, 42.192635447005927 ], [ 128.596562766068189, 42.192621908039285 ], [ 128.599838355513469, 42.194948331137361 ], [ 128.601610071708734, 42.197071775881213 ] ] ] ] } },
{ "type": "Feature", "properties": { "DSN": "军舰山玄武岩                            ", "DSO": "βQ↓1              ", "DSO_TXT": "βQ1", "CHFCAC": "K5215D01D00094", "SHEET": "K5215" }, "geometry": { "type": "MultiPolygon", "coordinates": [ [ [ [ 128.520477521713786, 42.16736945184239 ], [ 128.524445683351132, 42.167063370670995 ], [ 128.526100138677663, 42.166895462454391 ], [ 128.527562187073073, 42.166267211514217 ], [ 128.528960054905923, 42.165554614608908 ], [ 128.5305915905559, 42.165343029215883 ], [ 128.533925886739695, 42.165665863185751 ], [ 128.535575156942173, 42.165683162129639 ], [ 128.536843778031795, 42.165493269358159 ], [ 128.53684477805939, 42.165493269349327 ], [ 128.537021575413604, 42.164276962500928 ], [ 128.537788799158221, 42.162688566714309 ], [ 128.538254269360692, 42.161013075863359 ], [ 128.538213896064775, 42.160202798880306 ], [ 128.537782021187979, 42.15946750807219 ], [ 128.537347575449616, 42.159237501566544 ], [ 128.536805260882147, 42.159217146552024 ], [ 128.535502328068873, 42.159621175197437 ], [ 128.534104131446867, 42.160497250667447 ], [ 128.532136831369485, 42.160606081158228 ], [ 128.530260438160326, 42.160036712248683 ], [ 128.528416925659315, 42.159561062943283 ], [ 128.527325995523682, 42.159494164127814 ], [ 128.526611464698021, 42.159616039839811 ], [ 128.526392369096129, 42.160208539953743 ], [ 128.526887100812928, 42.161756836116687 ], [ 128.526841237246032, 42.16258152757031 ], [ 128.526397876882015, 42.163154253921604 ], [ 128.524608427524157, 42.163633289852378 ], [ 128.522594231181472, 42.164616851273927 ], [ 128.521286062408137, 42.165895607606465 ], [ 128.520476521686192, 42.167369451851229 ], [ 128.520477521713786, 42.16736945184239 ] ] ] ] } },
{ "type": "Feature", "properties": { "DSN": "军舰山玄武岩                            ", "DSO": "βQ↓1              ", "DSO_TXT": "βQ1", "CHFCAC": "K5215D01D00095", "SHEET": "K5215" }, "geometry": { "type": "MultiPolygon", "coordinates": [ [ [ [ 128.578026045677404, 42.201559539001444 ], [ 128.576784602303832, 42.202576464392322 ], [ 128.574523582917578, 42.203491000989168 ], [ 128.571993737121119, 42.2039562189427 ], [ 128.567816254150529, 42.206129354440527 ], [ 128.565503068886102, 42.206989250049318 ], [ 128.563489968592989, 42.208185882570668 ], [ 128.560457044175052, 42.211281209434063 ], [ 128.558893536195797, 42.212606271742729 ], [ 128.558893536195797, 42.212606271742729 ], [ 128.557569665690522, 42.213135184798411 ], [ 128.556286978417546, 42.213245636511438 ], [ 128.553741344165985, 42.212877946912712 ], [ 128.552617488968281, 42.212397662194405 ], [ 128.551702195453089, 42.21171640845477 ], [ 128.551702195453089, 42.21171640845477 ], [ 128.550773016663157, 42.209916858244782 ], [ 128.549511441774058, 42.208269153426137 ], [ 128.548957423859406, 42.207372186569373 ], [ 128.548912485722667, 42.206411436097873 ], [ 128.54961258009746, 42.205610186558673 ], [ 128.550718516659629, 42.205119311622255 ], [ 128.553205444761375, 42.204535527157823 ], [ 128.554288272512167, 42.204038651016781 ], [ 128.55508771308547, 42.203274783507595 ], [ 128.555549375380934, 42.202373226772309 ], [ 128.555719943083062, 42.201416642029855 ], [ 128.555539450004005, 42.199497863725512 ], [ 128.555228531295569, 42.197595947746343 ], [ 128.553924889346632, 42.195100095487156 ], [ 128.551274520741913, 42.192761934594429 ], [ 128.550740130213313, 42.191889970532763 ], [ 128.55048103843248, 42.190945234553361 ], [ 128.550476336829576, 42.189959839248829 ], [ 128.550019019919745, 42.188999766835089 ], [ 128.54897621418138, 42.188277937235569 ], [ 128.547595138896014, 42.187461158075081 ], [ 128.545960671869182, 42.186986617222985 ], [ 128.543705615631353, 42.185354977324174 ], [ 128.542704533256, 42.184133981952634 ], [ 128.541912670940746, 42.182043584757345 ], [ 128.540710035478156, 42.180362592091129 ], [ 128.539720729945657, 42.179748361612361 ], [ 128.539064252093993, 42.17967794862448 ], [ 128.537948049678988, 42.180033266260928 ], [ 128.536595930363148, 42.181182417665681 ], [ 128.536068452907557, 42.182090214580967 ], [ 128.536127264944668, 42.183038986442348 ], [ 128.53627476620008, 42.18504433113074 ], [ 128.536216083420726, 42.186836267881432 ], [ 128.536615610164318, 42.188740169929595 ], [ 128.536492305732907, 42.189757248101202 ], [ 128.536149717659413, 42.190660823551688 ], [ 128.535640039015192, 42.191438899656319 ], [ 128.535208687767096, 42.192716586540669 ], [ 128.535286743056957, 42.193528246920401 ], [ 128.535888117721242, 42.194245370220216 ], [ 128.536464670411505, 42.195095764512558 ], [ 128.536517978459017, 42.19605251393557 ], [ 128.53610467901305, 42.196369449276816 ], [ 128.535464937804107, 42.196550628488765 ], [ 128.534065826649368, 42.19678984001257 ], [ 128.532832670994708, 42.197101608508426 ], [ 128.531938449986626, 42.197683840719591 ], [ 128.531464473435506, 42.19858646183939 ], [ 128.531318270520273, 42.199583866146028 ], [ 128.531100591495345, 42.200509852304315 ], [ 128.530352107388609, 42.201268199498088 ], [ 128.528264524660472, 42.202444019286517 ], [ 128.527440845501815, 42.203144660545185 ], [ 128.526863502350778, 42.204008072100727 ], [ 128.525974187066737, 42.205814670055837 ], [ 128.525542335355368, 42.20769536346225 ], [ 128.523858338195311, 42.209173528666433 ], [ 128.52178869272592, 42.210272992413699 ], [ 128.51928961440214, 42.210710982584764 ], [ 128.516651434144762, 42.210808970425255 ], [ 128.511516468410974, 42.210923811811071 ], [ 128.507144615420628, 42.211374187748241 ], [ 128.507144615420628, 42.211374187748241 ], [ 128.501435085007728, 42.212409657575492 ], [ 128.498936792053428, 42.212866081632029 ], [ 128.49635987792567, 42.212972471347648 ], [ 128.491257396878467, 42.212434391591685 ], [ 128.48872160081649, 42.212094693942191 ], [ 128.486157728941919, 42.21197485000571 ], [ 128.481017643220952, 42.212311606618556 ], [ 128.475937681733143, 42.212923134551254 ], [ 128.473367161982367, 42.213197114756639 ], [ 128.470814656273006, 42.213040667386302 ], [ 128.465824953298835, 42.212074407340054 ], [ 128.465525133798536, 42.211651661402669 ], [ 128.465530610414589, 42.211174259047247 ], [ 128.466013587897038, 42.210271496429392 ], [ 128.46683974555333, 42.209546135893603 ], [ 128.468033232125094, 42.209259992061391 ], [ 128.470686726001986, 42.209279695067131 ], [ 128.473147227032399, 42.20880632929579 ], [ 128.475475415960716, 42.20797244162096 ], [ 128.477917054477558, 42.207377226388729 ], [ 128.480284281180644, 42.206593518907518 ], [ 128.481805557952043, 42.205063505070939 ], [ 128.483855129595071, 42.203918894114473 ], [ 128.486237630359426, 42.203170545191448 ], [ 128.488790673924626, 42.202885934611267 ], [ 128.48938884225231, 42.203038101355077 ], [ 128.489765170964063, 42.203444083021083 ], [ 128.4897473345859, 42.203921732995411 ], [ 128.489375898863329, 42.20433300026837 ], [ 128.487099658547407, 42.205221495229608 ], [ 128.48498152773891, 42.206339466341362 ], [ 128.484354929147571, 42.207177743554851 ], [ 128.484497608625503, 42.207653849512376 ], [ 128.485028003694538, 42.207880497832143 ], [ 128.487635253712455, 42.207951688378664 ], [ 128.492603015928751, 42.206904736462079 ], [ 128.494917375397847, 42.206122000032721 ], [ 128.496876982626361, 42.204847242016214 ], [ 128.501241168063871, 42.202877515004367 ], [ 128.505337815216251, 42.200555520970731 ], [ 128.50723574598274, 42.199231198254672 ], [ 128.507895342604115, 42.198391151031423 ], [ 128.508153721553441, 42.197470915096723 ], [ 128.507704621709792, 42.195563881502771 ], [ 128.507042230404522, 42.193719195865675 ], [ 128.506689120677976, 42.191822080590967 ], [ 128.506693988652785, 42.189899752260935 ], [ 128.507525544299, 42.18612534096242 ], [ 128.508815598583993, 42.182409786912473 ], [ 128.509506203949456, 42.178621263269818 ], [ 128.511031149132634, 42.174960975148963 ], [ 128.511563058344279, 42.17308440865753 ], [ 128.512595649705247, 42.171332524730907 ], [ 128.512595649705247, 42.171332524730907 ], [ 128.51976986326892, 42.170478385988815 ], [ 128.52386251444571, 42.170100795363155 ], [ 128.527079632242618, 42.169954831355284 ], [ 128.530022323747346, 42.169522260203721 ], [ 128.530775872392127, 42.169681375850146 ], [ 128.531023699755167, 42.1703689100544 ], [ 128.530908275081003, 42.171402875828605 ], [ 128.529207548988865, 42.173419346834883 ], [ 128.528156805683579, 42.174329273743034 ], [ 128.528156805683579, 42.174329273743034 ], [ 128.524171383933691, 42.178100954451324 ], [ 128.523063987723162, 42.178790780238749 ], [ 128.521723460593591, 42.179236187191378 ], [ 128.518955049154556, 42.179927215356713 ], [ 128.517616689340343, 42.180356027092628 ], [ 128.516551460560294, 42.181104044939723 ], [ 128.515965217894973, 42.182095064482404 ], [ 128.515725805004365, 42.18317163829078 ], [ 128.515760102426015, 42.185344231009282 ], [ 128.515988033669345, 42.186392190097308 ], [ 128.516895765267435, 42.187275797975175 ], [ 128.517576294288858, 42.187357854612522 ], [ 128.518319217099958, 42.187235349215001 ], [ 128.519636157397173, 42.186813971980243 ], [ 128.522212119827827, 42.185800334605247 ], [ 128.524794265790689, 42.184811420407861 ], [ 128.527007731018614, 42.183383291779919 ], [ 128.528584420061122, 42.181567846623437 ], [ 128.529781771018179, 42.179580067838437 ], [ 128.530288614845574, 42.177454158901234 ], [ 128.530291479003722, 42.175183823241674 ], [ 128.530291479003722, 42.175183823241674 ], [ 128.53171153509706, 42.174703834970529 ], [ 128.533061381272887, 42.174020082298448 ], [ 128.534533948637431, 42.173553663539579 ], [ 128.536111397134334, 42.173308682723963 ], [ 128.53772182076051, 42.173409478254875 ], [ 128.538876699328966, 42.17423287547691 ], [ 128.540540373482145, 42.176279564587873 ], [ 128.542428664752578, 42.178206610620684 ], [ 128.543670520556418, 42.178985801421256 ], [ 128.545144290764796, 42.17943560412904 ], [ 128.548364175358302, 42.179533218531041 ], [ 128.551543454364719, 42.17989306110313 ], [ 128.554565144575207, 42.180713646060042 ], [ 128.557736069211074, 42.181120187778703 ], [ 128.559331273928649, 42.181265924867844 ], [ 128.560860415080612, 42.181636292714572 ], [ 128.562219438364764, 42.182278286320553 ], [ 128.56337327219083, 42.18311579830543 ], [ 128.56534287578026, 42.185003938579854 ], [ 128.567551870828083, 42.186750758998876 ], [ 128.568972854882759, 42.187302809272616 ], [ 128.570519729865566, 42.187657877290235 ], [ 128.573605457249101, 42.188330886324493 ], [ 128.575024525108859, 42.188895547236804 ], [ 128.57627462667449, 42.189647449914624 ], [ 128.581052224730229, 42.192846819557843 ], [ 128.583246104962456, 42.194607276075331 ], [ 128.58563671213355, 42.196203944979814 ], [ 128.588492212817584, 42.197310951010103 ], [ 128.591435833774284, 42.198270337820297 ], [ 128.593856830873591, 42.19984272554607 ], [ 128.596038512638927, 42.201630768548299 ], [ 128.596681646054009, 42.202702748795978 ], [ 128.596584520214975, 42.20390763769398 ], [ 128.59594815754815, 42.204998566008072 ], [ 128.59478369006888, 42.205832733463957 ], [ 128.592714143392669, 42.207626745519811 ], [ 128.591213529972606, 42.208087396848796 ], [ 128.589634150416629, 42.208319996301938 ], [ 128.588033701657736, 42.208531077186322 ], [ 128.586596328863891, 42.209021834675291 ], [ 128.584323596819161, 42.210740360247051 ], [ 128.58267444367209, 42.212790297603661 ], [ 128.581694476785714, 42.213734721161146 ], [ 128.58036981610968, 42.214418715029538 ], [ 128.577603933138676, 42.215620399243264 ], [ 128.576393955666674, 42.216410380525581 ], [ 128.576393955666674, 42.216410380525581 ], [ 128.577252399949629, 42.215152081676756 ], [ 128.578057551671549, 42.214380578804594 ], [ 128.57937465211856, 42.212761306467314 ], [ 128.580629831028517, 42.21109617420543 ], [ 128.58248641421946, 42.209771306439826 ], [ 128.583490107732956, 42.209176233141918 ], [ 128.584240100558901, 42.208392484233663 ], [ 128.584998132801076, 42.206557222586781 ], [ 128.585109607107285, 42.20463707406708 ], [ 128.58444308984707, 42.202792716838992 ], [ 128.584465167791336, 42.201742468241932 ], [ 128.584465167791336, 42.201742468241932 ], [ 128.584104042151921, 42.199453035002115 ], [ 128.583029105625911, 42.198334599368394 ], [ 128.581721024638341, 42.198353121183651 ], [ 128.580503423223632, 42.198701878832495 ], [ 128.579645710190164, 42.199391847437219 ], [ 128.578026045677404, 42.201559539001444 ] ] ] ] } },
{ "type": "Feature", "properties": { "DSN": "屯田营组上段                            ", "DSO": "J↓2→t↑2          ", "DSO_TXT": "J2t-2", "CHFCAC": "K5215D01D00096", "SHEET": "K5215" }, "geometry": { "type": "MultiPolygon", "coordinates": [ [ [ [ 128.530291479003722, 42.175183823241674 ], [ 128.528743955505632, 42.175808239527015 ], [ 128.528018585679916, 42.175915002711811 ], [ 128.52760779194162, 42.175454941735708 ], [ 128.528156805683579, 42.174329273743034 ], [ 128.528156805683579, 42.174329273743034 ], [ 128.524171383933691, 42.178100954451324 ], [ 128.523063987723162, 42.178790780238749 ], [ 128.521723460593591, 42.179236187191378 ], [ 128.518955049154556, 42.179927215356713 ], [ 128.517616689340343, 42.180356027092628 ], [ 128.516551460560294, 42.181104044939723 ], [ 128.515965217894973, 42.182095064482404 ], [ 128.515725805004365, 42.18317163829078 ], [ 128.515760102426015, 42.185344231009282 ], [ 128.515988033669345, 42.186392190097308 ], [ 128.516895765267435, 42.187275797975175 ], [ 128.517576294288858, 42.187357854612522 ], [ 128.518319217099958, 42.187235349215001 ], [ 128.519636157397173, 42.186813971980243 ], [ 128.522212119827827, 42.185800334605247 ], [ 128.524794265790689, 42.184811420407861 ], [ 128.527007731018614, 42.183383291779919 ], [ 128.528584420061122, 42.181567846623437 ], [ 128.529781771018179, 42.179580067838437 ], [ 128.530288614845574, 42.177454158901234 ], [ 128.530291479003722, 42.175183823241674 ] ] ] ] } },
{ "type": "Feature", "properties": { "DSN": "军舰山玄武岩                            ", "DSO": "βQ↓1              ", "DSO_TXT": "βQ1", "CHFCAC": "K5215D01D00097", "SHEET": "K5215" }, "geometry": { "type": "MultiPolygon", "coordinates": [ [ [ [ 128.638496221673194, 42.213143026719294 ], [ 128.641369881242866, 42.213567190769865 ], [ 128.642326163609198, 42.213956912165379 ], [ 128.642965871573125, 42.214561165994219 ], [ 128.64270549259021, 42.216143639817474 ], [ 128.642170655186362, 42.216775236284292 ], [ 128.641256022842498, 42.217206533340118 ], [ 128.639477244448017, 42.218061610525126 ], [ 128.63603630942319, 42.219863690347431 ], [ 128.634655234491646, 42.22105571178777 ], [ 128.633610532847285, 42.222415180177791 ], [ 128.631781650575931, 42.225248411739557 ], [ 128.629689818119061, 42.227970693909391 ], [ 128.628485122963099, 42.230974475394795 ], [ 128.626513175203826, 42.233756663417495 ], [ 128.625551326331959, 42.236963865687841 ], [ 128.625551326331959, 42.236963865687841 ], [ 128.627777395299631, 42.235236077531404 ], [ 128.629511785681586, 42.233220162216199 ], [ 128.631383679713593, 42.231287837438877 ], [ 128.633813477844427, 42.229730099721145 ], [ 128.63561158800664, 42.227726337173891 ], [ 128.636917707676645, 42.225545079805393 ], [ 128.637481421513797, 42.224425884083033 ], [ 128.638326048948812, 42.223409104044769 ], [ 128.640662836125443, 42.22176194944587 ], [ 128.643470355941645, 42.220594417602598 ], [ 128.645504191580017, 42.218740428122224 ], [ 128.647831515761709, 42.217100031860639 ], [ 128.649167935848254, 42.216424256955818 ], [ 128.650652800248537, 42.215973241091149 ], [ 128.65210933678145, 42.215483215846326 ], [ 128.653247989385392, 42.214618433081974 ], [ 128.654289167456369, 42.213709666627892 ], [ 128.655653925965026, 42.213083608989656 ], [ 128.656928510150237, 42.212353593925009 ], [ 128.657876248210073, 42.211388467329705 ], [ 128.657935359223785, 42.210783210801956 ], [ 128.657504448148501, 42.210281346887776 ], [ 128.656778287654845, 42.210019753949737 ], [ 128.655968058264961, 42.209975819553222 ], [ 128.652757219408301, 42.210215935764872 ], [ 128.649589333407675, 42.210630789605482 ], [ 128.648076086553147, 42.211059364403503 ], [ 128.646511670831615, 42.211221361427484 ], [ 128.643285419606684, 42.210936555430813 ], [ 128.640195190409997, 42.21032550490429 ], [ 128.637202811213626, 42.209417102767226 ], [ 128.634171211729267, 42.208627123061092 ], [ 128.631035457452413, 42.20809620612544 ], [ 128.627869077254843, 42.207613783683506 ], [ 128.624671572909477, 42.207694401546796 ], [ 128.623111503616059, 42.208031943998819 ], [ 128.621697845154614, 42.208596327760858 ], [ 128.620531181385644, 42.209418639328518 ], [ 128.619570760053875, 42.210393945218875 ], [ 128.618248445117928, 42.212569868206266 ], [ 128.618117105079449, 42.214950223079924 ], [ 128.617917171240236, 42.217336958178969 ], [ 128.617389711540596, 42.218464958453588 ], [ 128.617389711540596, 42.218464958453588 ], [ 128.618151673731205, 42.218115410254875 ], [ 128.618622438691006, 42.217423642164327 ], [ 128.61923702052718, 42.215872077197112 ], [ 128.61923702052718, 42.215872077197112 ], [ 128.619784836523991, 42.214377819315224 ], [ 128.620275451266025, 42.213689867218172 ], [ 128.621048901323007, 42.21314931606566 ], [ 128.623018977972833, 42.212586018733134 ], [ 128.625129000542813, 42.212551815850432 ], [ 128.627236754891157, 42.212548531776982 ], [ 128.629217440185982, 42.212001838220409 ], [ 128.631264876235605, 42.211664444650786 ], [ 128.633387534924026, 42.211712924355787 ], [ 128.636767953800472, 42.212816303255131 ], [ 128.638496221673194, 42.213143026719294 ] ] ] ] } },
{ "type": "Feature", "properties": { "DSN": "大拉子组下段                            ", "DSO": "K↓1→d↑1          ", "DSO_TXT": "K1d-1", "CHFCAC": "K5215D01D00098", "SHEET": "K5215" }, "geometry": { "type": "MultiPolygon", "coordinates": [ [ [ [ 128.521549219813181, 42.597418355270896 ], [ 128.520135905475911, 42.595521939386686 ], [ 128.518472406268785, 42.59374526785124 ], [ 128.514415542382238, 42.590608753404098 ], [ 128.505394412885835, 42.585089957741559 ], [ 128.496061601342831, 42.579859194282044 ], [ 128.491152810187003, 42.577504824523508 ], [ 128.485683374718519, 42.575961126609457 ], [ 128.479947189778017, 42.574437528976112 ], [ 128.470217377282438, 42.571462688818407 ], [ 128.470217377282438, 42.571462688818407 ], [ 128.464036452575442, 42.569420384303989 ], [ 128.453398418508897, 42.565804171819195 ], [ 128.44819016980307, 42.563830509885484 ], [ 128.443343735616651, 42.561801302326437 ], [ 128.443343735616651, 42.561801302326437 ], [ 128.440572336653645, 42.562238223878325 ], [ 128.437977156469401, 42.562442610611413 ], [ 128.43537406976219, 42.562333778741611 ], [ 128.430330878794507, 42.561347983436889 ], [ 128.42778002936987, 42.560941044431949 ], [ 128.425345677615383, 42.56026798245076 ], [ 128.420974185748889, 42.558162864823764 ], [ 128.41605297505788, 42.556849547645925 ], [ 128.414956902599585, 42.556321097443998 ], [ 128.414158095127192, 42.555581495002421 ], [ 128.413045258563244, 42.554559870186509 ], [ 128.413045258563244, 42.554559870186509 ], [ 128.410496985991841, 42.554550511189191 ], [ 128.408058788390093, 42.555080910453675 ], [ 128.407100458794673, 42.555710255465655 ], [ 128.406773904505798, 42.556594775846129 ], [ 128.407520574109867, 42.55841304725066 ], [ 128.409084515222077, 42.559894244307259 ], [ 128.410941983848915, 42.561185114286843 ], [ 128.411672503384239, 42.561978698184873 ], [ 128.411758657167098, 42.562903183906755 ], [ 128.411008847779044, 42.563657992891926 ], [ 128.409953141069849, 42.564200751022128 ], [ 128.408765193864298, 42.564484313272942 ], [ 128.407486621353399, 42.564548550570535 ], [ 128.404894986135361, 42.564574574089377 ], [ 128.399826584547242, 42.564640431585758 ], [ 128.394744162402986, 42.564250609140792 ], [ 128.392204101260887, 42.564211900074532 ], [ 128.390936551389245, 42.56437506445441 ], [ 128.389765766366509, 42.564791316168431 ], [ 128.389074229967747, 42.565554616811838 ], [ 128.388913946979727, 42.566519883287185 ], [ 128.389537647610894, 42.568337652591694 ], [ 128.390906803435911, 42.569931563717354 ], [ 128.392734276022821, 42.571249867695208 ], [ 128.396988878616355, 42.57336113840946 ], [ 128.400420912990626, 42.57612341168646 ], [ 128.402125095156151, 42.577538740988203 ], [ 128.404003380478088, 42.578800127876683 ], [ 128.405138969950713, 42.57925472140014 ], [ 128.406007185648775, 42.579904025333697 ], [ 128.407398956290621, 42.581481717630517 ], [ 128.409465271661134, 42.582605798205307 ], [ 128.411327434931763, 42.583889441039474 ], [ 128.413145938930171, 42.585212731629909 ], [ 128.414769308704166, 42.586857673332602 ], [ 128.414769308704166, 42.586857673332602 ], [ 128.420888054377173, 42.587547230939059 ], [ 128.423496893975567, 42.587623008722503 ], [ 128.426051488343148, 42.588019781915477 ], [ 128.430741897109641, 42.589683077711292 ], [ 128.433072341397917, 42.590617922972847 ], [ 128.435538515092674, 42.591100090937879 ], [ 128.440773830485909, 42.59061990503416 ], [ 128.445976093874549, 42.590386339540878 ], [ 128.451164640510058, 42.590740610933608 ], [ 128.456292292200658, 42.591488111331856 ], [ 128.458830835009366, 42.591890659592295 ], [ 128.461169042701329, 42.592734079152066 ], [ 128.465257589189207, 42.595172616067458 ], [ 128.469297270948829, 42.59751142915438 ], [ 128.470520656986963, 42.598026041113357 ], [ 128.471340985152494, 42.598699553910109 ], [ 128.471281761144212, 42.599725589140284 ], [ 128.470981524978896, 42.600081434793921 ], [ 128.469812451991714, 42.600077560101923 ], [ 128.465416327213291, 42.598713532639096 ], [ 128.46027732568632, 42.598087836429421 ], [ 128.457729569897708, 42.597684165724814 ], [ 128.455273450014289, 42.59703524547222 ], [ 128.450372070672188, 42.595713318493857 ], [ 128.44518587374958, 42.595323725038774 ], [ 128.443874031879119, 42.59537194333214 ], [ 128.443874031879119, 42.59537194333214 ], [ 128.448590503378142, 42.596996917466484 ], [ 128.453458312684717, 42.598356870565766 ], [ 128.45842009124874, 42.599526105961516 ], [ 128.460723039439841, 42.600417358661971 ], [ 128.462842637114989, 42.601549405166018 ], [ 128.466753288065632, 42.604087355330655 ], [ 128.468893677282637, 42.605196240214291 ], [ 128.471255124040738, 42.605992843136711 ], [ 128.476309665551753, 42.606935682266908 ], [ 128.481248042569035, 42.60814298976743 ], [ 128.485909603051283, 42.60985030637454 ], [ 128.490106992829823, 42.612154019762094 ], [ 128.492496873721734, 42.612851485374513 ], [ 128.495019979949916, 42.613377887022224 ], [ 128.499746382686226, 42.614994038203314 ], [ 128.504102345846604, 42.61709423612961 ], [ 128.50642465429388, 42.617957973621252 ], [ 128.508931571841686, 42.618519849067326 ], [ 128.511416779141513, 42.619069059148636 ], [ 128.51364851306397, 42.62004958073333 ], [ 128.517717954038432, 42.622463091843827 ], [ 128.517717954038432, 42.622463091843827 ], [ 128.518595237599214, 42.622146371272002 ], [ 128.52084522102237, 42.622064868282884 ], [ 128.525204276849109, 42.622981304273466 ], [ 128.529684725801047, 42.623435818588575 ], [ 128.53413474781081, 42.624004575093835 ], [ 128.536612553211114, 42.62408847993202 ], [ 128.539015861319371, 42.624285665597135 ], [ 128.539015861319371, 42.624285665597135 ], [ 128.538856310929447, 42.622754955197308 ], [ 128.53817791067334, 42.62128348441621 ], [ 128.536500999098337, 42.618402052878785 ], [ 128.533205824397896, 42.612714612584348 ], [ 128.529531493280871, 42.607152671288041 ], [ 128.524698013589273, 42.602076516172808 ], [ 128.524697013561536, 42.602076516181725 ], [ 128.519492707572141, 42.602342545721704 ], [ 128.514972007885859, 42.602335585024633 ], [ 128.510530325962435, 42.601775282961121 ], [ 128.508377920308988, 42.601181767900179 ], [ 128.506583924769444, 42.600178387665544 ], [ 128.506014573515841, 42.599450199454836 ], [ 128.50577047209805, 42.598615991631107 ], [ 128.505927068101016, 42.597766718794176 ], [ 128.506585952709401, 42.597101894982096 ], [ 128.507618185908569, 42.596746586249843 ], [ 128.508724090966865, 42.596672833990134 ], [ 128.510998448364518, 42.59695017142284 ], [ 128.515525068847836, 42.597112375485594 ], [ 128.521548219785387, 42.597418355279807 ], [ 128.521549219813181, 42.597418355270896 ] ] ] ] } },
{ "type": "Feature", "properties": { "DSN": "土门子组                                ", "DSO": "Nt                  ", "DSO_TXT": "Nt", "CHFCAC": "K5215D01D00099", "SHEET": "K5215" }, "geometry": { "type": "MultiPolygon", "coordinates": [ [ [ [ 128.738826028681189, 42.445167789507266 ], [ 128.747832345844046, 42.445468396270151 ], [ 128.750069730352436, 42.445410930894575 ], [ 128.752183571808928, 42.444843952473086 ], [ 128.754086893632547, 42.44389361378844 ], [ 128.755726579063406, 42.442738573519016 ], [ 128.758355789912002, 42.440028422645106 ], [ 128.760045236532392, 42.436929356322956 ], [ 128.760848882960659, 42.435372393647214 ], [ 128.761974099799431, 42.433926752463186 ], [ 128.763002856772061, 42.432449425277937 ], [ 128.763502413695932, 42.430816605178101 ], [ 128.763542025179959, 42.42839468932349 ], [ 128.763542025179959, 42.42839468932349 ], [ 128.764260211707295, 42.429286239966842 ], [ 128.764567851629323, 42.43028728554868 ], [ 128.764504496294649, 42.432382744825865 ], [ 128.764085954951156, 42.434427196079227 ], [ 128.763085894336342, 42.436362351598838 ], [ 128.761967936296685, 42.438245589827716 ], [ 128.761425610847454, 42.440302798620387 ], [ 128.760495737612899, 42.442243391468665 ], [ 128.758534015632108, 42.443733276951569 ], [ 128.756528503821215, 42.445180283858605 ], [ 128.754902561707922, 42.446862712708416 ], [ 128.753758753857994, 42.447421372692311 ], [ 128.752387608067437, 42.447743164818796 ], [ 128.749479565824515, 42.447894076823026 ], [ 128.746768669712338, 42.447486433324592 ], [ 128.744175402145856, 42.446677432964201 ], [ 128.738825028653537, 42.445167789516212 ], [ 128.738826028681189, 42.445167789507266 ] ] ] ] } },
{ "type": "Feature", "properties": { "DSN": "大拉子组下段                            ", "DSO": "K↓1→d↑1          ", "DSO_TXT": "K1d-1", "CHFCAC": "K5215D01D00100", "SHEET": "K5215" }, "geometry": { "type": "MultiPolygon", "coordinates": [ [ [ [ 128.365573182462811, 42.547608276177513 ], [ 128.362935099863734, 42.548476629992365 ], [ 128.358773263186436, 42.549169918795442 ], [ 128.356806565983931, 42.54977959930828 ], [ 128.355900824991949, 42.550236620303458 ], [ 128.355224655361582, 42.550836467796842 ], [ 128.355224655361582, 42.550836467796842 ], [ 128.353477082395443, 42.550680393703082 ], [ 128.351720302984603, 42.550923468038519 ], [ 128.350070476823475, 42.551423903702428 ], [ 128.348375189236378, 42.551758710225798 ], [ 128.346662188681677, 42.551431340932972 ], [ 128.345429323495068, 42.550470002497228 ], [ 128.342852916528841, 42.548654546450408 ], [ 128.341280238285975, 42.548038680431382 ], [ 128.339536669732723, 42.547768719806982 ], [ 128.3359802297295, 42.547662410733054 ], [ 128.332456435584902, 42.547268220079488 ], [ 128.329185952124021, 42.546237617968856 ], [ 128.325652655843527, 42.545929116021377 ], [ 128.322097429110471, 42.546072404191072 ], [ 128.31858811728668, 42.546548128175061 ], [ 128.315044641016414, 42.546362136082479 ], [ 128.311497514539582, 42.546144225001726 ], [ 128.309127130629349, 42.545940124088943 ], [ 128.30616800631293, 42.546410340459381 ], [ 128.304701258231972, 42.547136146955381 ], [ 128.301131849430021, 42.548244526389581 ], [ 128.301131849430021, 42.548244526389581 ], [ 128.297582780500335, 42.547424417233579 ], [ 128.295878040701751, 42.546490306937706 ], [ 128.294854343053601, 42.545089031146112 ], [ 128.294810344430459, 42.544313525436472 ], [ 128.295139562931325, 42.543561878789497 ], [ 128.296381765536495, 42.542238037594757 ], [ 128.299357163047517, 42.539989470116922 ], [ 128.300216194223253, 42.538554145205801 ], [ 128.300299216280507, 42.536974536671259 ], [ 128.300949854426534, 42.53547761251864 ], [ 128.301307396196762, 42.534716962523653 ], [ 128.301305678703841, 42.53414292884392 ], [ 128.301305678703841, 42.53414292884392 ], [ 128.305722818449055, 42.534889419965637 ], [ 128.307609326666807, 42.535563819101917 ], [ 128.309346886747278, 42.536522266573755 ], [ 128.31320493857362, 42.537928377371742 ], [ 128.315279753609843, 42.538271556079785 ], [ 128.317408793653925, 42.538040027707602 ], [ 128.319510734958072, 42.537819889189059 ], [ 128.32165279659327, 42.537909942911355 ], [ 128.323827912676478, 42.537887530241939 ], [ 128.326412423820159, 42.538068684065429 ], [ 128.326412423820159, 42.538068684065429 ], [ 128.329896066429541, 42.539294381741449 ], [ 128.331749083376508, 42.539753568269724 ], [ 128.331749083376508, 42.539753568269724 ], [ 128.333968908489027, 42.540287445886399 ], [ 128.335316717076637, 42.540389924675139 ], [ 128.335316717076637, 42.540389924675139 ], [ 128.338242005418749, 42.540338718462593 ], [ 128.34036408124075, 42.540096048565061 ], [ 128.342490907493527, 42.54027804461154 ], [ 128.346418473665324, 42.541542211065071 ], [ 128.35018622730118, 42.543056499443573 ], [ 128.352292124013786, 42.543360174979313 ], [ 128.35443501794461, 42.543318073100309 ], [ 128.356582926731306, 42.543394928124194 ], [ 128.358593478027728, 42.543905213255499 ], [ 128.36224533043125, 42.545620804359153 ], [ 128.365574182490604, 42.547608276168653 ], [ 128.365573182462811, 42.547608276177513 ] ] ] ] } },
{ "type": "Feature", "properties": { "DSN": "长财组未分                              ", "DSO": "J↓3→c             ", "DSO_TXT": "J3c", "CHFCAC": "K5215D01D00101", "SHEET": "K5215" }, "geometry": { "type": "MultiPolygon", "coordinates": [ [ [ [ 128.178089033184818, 42.586855765659948 ], [ 128.175394761591321, 42.586280310096505 ], [ 128.1735485877862, 42.585452081070066 ], [ 128.172197951388796, 42.58424404458804 ], [ 128.170732353907766, 42.583099942028724 ], [ 128.169764092285504, 42.582759038338857 ], [ 128.168257971741639, 42.58266789504421 ], [ 128.165620374708027, 42.583283295784064 ], [ 128.165620374708027, 42.583283295784064 ], [ 128.164058476563866, 42.58050839147883 ], [ 128.162731785374973, 42.579356631256616 ], [ 128.162050000289526, 42.577925425431431 ], [ 128.16210185732885, 42.577174412714683 ], [ 128.162628409041162, 42.576532279947429 ], [ 128.163469872282064, 42.576089756674698 ], [ 128.164437759127026, 42.57585481840939 ], [ 128.166438061315233, 42.57557048973807 ], [ 128.168217513035785, 42.574828252101263 ], [ 128.169556260217206, 42.573679430228658 ], [ 128.170376469958427, 42.57230107875634 ], [ 128.171599966722539, 42.569421155807824 ], [ 128.173060408621438, 42.566611960718511 ], [ 128.174040772429066, 42.565281348184783 ], [ 128.174918457679183, 42.56490512154592 ], [ 128.17594869213741, 42.564835153904944 ], [ 128.177835218890294, 42.565407278940746 ], [ 128.179216085510092, 42.56650500715326 ], [ 128.181117868201369, 42.569166226322373 ], [ 128.181740329646345, 42.57216139135781 ], [ 128.181631896692352, 42.57366003100806 ], [ 128.181126929561373, 42.575118395007756 ], [ 128.179436684762749, 42.581006595645604 ], [ 128.17809249412835, 42.583853109985426 ], [ 128.177897127259058, 42.585356172956146 ], [ 128.178089033184818, 42.586855765659948 ] ] ] ] } },
{ "type": "Feature", "properties": { "DSN": "I级阶地                                 ", "DSO": "Q↓4↑2             ", "DSO_TXT": "Q4-2", "CHFCAC": "K5215D01D00102", "SHEET": "K5215" }, "geometry": { "type": "MultiPolygon", "coordinates": [ [ [ [ 128.228146740081655, 42.598123060849218 ], [ 128.228553259138863, 42.599601526624475 ], [ 128.228344748723288, 42.60034971098618 ], [ 128.227818768646813, 42.601043293149772 ], [ 128.227415270201561, 42.602584251441527 ], [ 128.226136719356049, 42.603840365501512 ], [ 128.224650785988416, 42.604964418226302 ], [ 128.223010944600304, 42.605981739676615 ], [ 128.220998741534828, 42.606445222655189 ], [ 128.21882661858632, 42.60653844044311 ], [ 128.217761834618386, 42.606479682434163 ], [ 128.216807251697304, 42.606180625415632 ], [ 128.213657596772634, 42.604026702671788 ], [ 128.212229446945685, 42.602853576535082 ], [ 128.21135790463714, 42.601422865082974 ], [ 128.210628308195851, 42.598307608294142 ], [ 128.209142932199484, 42.595359490068795 ], [ 128.209142932199484, 42.595359490068795 ], [ 128.212854279290241, 42.597412453470831 ], [ 128.215188081425055, 42.598546168199064 ], [ 128.217765635004326, 42.599338242852568 ], [ 128.220482571038787, 42.599751737713348 ], [ 128.223274425779039, 42.599823805102247 ], [ 128.226137901367935, 42.599459720722486 ], [ 128.227320509953813, 42.598945748903738 ], [ 128.228146740081655, 42.598123060849218 ] ] ] ] } },
{ "type": "Feature", "properties": { "DSN": "大拉子组下段                            ", "DSO": "K↓1→d↑1          ", "DSO_TXT": "K1d-1", "CHFCAC": "K5215D01D00103", "SHEET": "K5215" }, "geometry": { "type": "MultiPolygon", "coordinates": [ [ [ [ 128.275365433767121, 42.552321332816149 ], [ 128.276858841981777, 42.554166774776178 ], [ 128.277401093966034, 42.555684747118654 ], [ 128.278037542697803, 42.558830681579167 ], [ 128.277719207463434, 42.5603653512687 ], [ 128.276182724220462, 42.561908183985949 ], [ 128.273520983149211, 42.56411265443856 ], [ 128.272431054466523, 42.565265892830318 ], [ 128.271375368973793, 42.566640556713885 ], [ 128.270294689043538, 42.567997782667852 ], [ 128.268881288971187, 42.569183239497299 ], [ 128.26549809391679, 42.571103067546957 ], [ 128.263578726961867, 42.571781445510084 ], [ 128.26145810073757, 42.571920556631007 ], [ 128.2593310011369, 42.571636531438806 ], [ 128.258100882043379, 42.570954131316583 ], [ 128.258100882043379, 42.570954131316583 ], [ 128.259708524439219, 42.570073317866871 ], [ 128.260800481604122, 42.568813472064058 ], [ 128.261926995181938, 42.567583428658857 ], [ 128.263435278244685, 42.566608779928963 ], [ 128.265151954481894, 42.565820353760699 ], [ 128.266588938675028, 42.564784041565574 ], [ 128.267395825927622, 42.563426922503766 ], [ 128.267831567305791, 42.561972436594594 ], [ 128.268808070069838, 42.560669913204379 ], [ 128.270438930885661, 42.559813634682804 ], [ 128.271948673226746, 42.559001863133766 ], [ 128.273187103991802, 42.557775666607228 ], [ 128.27484706156568, 42.555049198073107 ], [ 128.275277229060322, 42.553527418730461 ], [ 128.275365433767121, 42.552321332816149 ] ] ] ] } },
{ "type": "Feature", "properties": { "DSN": "军舰山玄武岩                            ", "DSO": "βQ↓1              ", "DSO_TXT": "βQ1", "CHFCAC": "K5215D01D00104", "SHEET": "K5215" }, "geometry": { "type": "MultiPolygon", "coordinates": [ [ [ [ 128.307716470002447, 42.565097509834388 ], [ 128.308056088685959, 42.562997546779613 ], [ 128.308037924952203, 42.560885291717049 ], [ 128.307124225465998, 42.556708277504164 ], [ 128.305959816475252, 42.554779279420828 ], [ 128.305033576414019, 42.553969581012332 ], [ 128.303902230107525, 42.553322163106905 ], [ 128.301229549147735, 42.552551334442768 ], [ 128.298460881347324, 42.55208111518084 ], [ 128.29266586323169, 42.5520879985786 ], [ 128.289813034247913, 42.552271072245482 ], [ 128.288493632868949, 42.552673026196544 ], [ 128.287047544422819, 42.553354444711779 ], [ 128.285622358000552, 42.554799010915836 ], [ 128.284817426811315, 42.557015308429165 ], [ 128.285069361994175, 42.559249698640372 ], [ 128.285151100959808, 42.560308230589072 ], [ 128.285288646937772, 42.561268915471487 ], [ 128.285288646937772, 42.561268915471487 ], [ 128.284359126505024, 42.561208280574689 ], [ 128.28336002250586, 42.561682812993652 ], [ 128.28336002250586, 42.561682812993652 ], [ 128.283421189008209, 42.560823073238161 ], [ 128.283029521873743, 42.559290734061385 ], [ 128.28229081100838, 42.557795555835206 ], [ 128.282059382712163, 42.55624001553182 ], [ 128.28223674331494, 42.554666671877143 ], [ 128.282342013535384, 42.55309229814722 ], [ 128.282863168240425, 42.552396161715158 ], [ 128.283748364992448, 42.551959377347352 ], [ 128.285853003567183, 42.55171491657557 ], [ 128.287981675483536, 42.551844244125235 ], [ 128.289049621614879, 42.551857540277993 ], [ 128.290037579570935, 42.551579161289162 ], [ 128.291677565586383, 42.550561931583985 ], [ 128.29343176083745, 42.549670780841559 ], [ 128.295475073782882, 42.549232942679772 ], [ 128.297563042141917, 42.549501680837274 ], [ 128.299671271271421, 42.549894634602651 ], [ 128.30063737905536, 42.549900528998876 ], [ 128.301574927281195, 42.549669796609166 ], [ 128.302192147888036, 42.548967994875966 ], [ 128.302090532278413, 42.548619391613826 ], [ 128.301131849430021, 42.548244526389581 ], [ 128.301131849430021, 42.548244526389581 ], [ 128.304701258231972, 42.547136146955381 ], [ 128.30616800631293, 42.546410340459381 ], [ 128.309127130629349, 42.545940124088943 ], [ 128.311497514539582, 42.546144225001726 ], [ 128.315044641016414, 42.546362136082479 ], [ 128.31858811728668, 42.546548128175061 ], [ 128.322097429110471, 42.546072404191072 ], [ 128.325652655843527, 42.545929116021377 ], [ 128.329185952124021, 42.546237617968856 ], [ 128.332456435584902, 42.547268220079488 ], [ 128.3359802297295, 42.547662410733054 ], [ 128.339536669732723, 42.547768719806982 ], [ 128.341280238285975, 42.548038680431382 ], [ 128.342852916528841, 42.548654546450408 ], [ 128.345429323495068, 42.550470002497228 ], [ 128.346662188681677, 42.551431340932972 ], [ 128.348375189236378, 42.551758710225798 ], [ 128.350070476823475, 42.551423903702428 ], [ 128.351720302984603, 42.550923468038519 ], [ 128.353477082395443, 42.550680393703082 ], [ 128.355224655361582, 42.550836467796842 ], [ 128.355224655361582, 42.550836467796842 ], [ 128.354040710328007, 42.553856662540213 ], [ 128.354056138145154, 42.557016141486294 ], [ 128.353485673289697, 42.558535011045684 ], [ 128.352541022818428, 42.559952533871567 ], [ 128.351285490007228, 42.561224082943966 ], [ 128.350435540526576, 42.562665555324209 ], [ 128.349701141727735, 42.563289337335426 ], [ 128.349186976200741, 42.563404794521574 ], [ 128.348739575426009, 42.563216510383903 ], [ 128.348534717993886, 42.56245101153192 ], [ 128.348617560549712, 42.56166103241268 ], [ 128.348843172442457, 42.56008954473424 ], [ 128.348578969096252, 42.558539572845113 ], [ 128.347408864323171, 42.557230310702536 ], [ 128.346446993600239, 42.556816697534401 ], [ 128.345406757475359, 42.556827905618512 ], [ 128.344878624069821, 42.557466276358092 ], [ 128.344838667612862, 42.558397944023795 ], [ 128.344623000106452, 42.559911488281486 ], [ 128.344786561883041, 42.563074280474616 ], [ 128.344786561883041, 42.563074280474616 ], [ 128.343471506205077, 42.562235450729737 ], [ 128.342618713989197, 42.561251128461663 ], [ 128.341218960640219, 42.559160195216961 ], [ 128.340485242018303, 42.558154188743799 ], [ 128.339978895087853, 42.557640631567175 ], [ 128.339665074063248, 42.557487324682015 ], [ 128.339665074063248, 42.557487324682015 ], [ 128.339818736172163, 42.555844829585574 ], [ 128.339166959871648, 42.554272270845978 ], [ 128.337712990877492, 42.553009347331148 ], [ 128.33574195871725, 42.552166586381489 ], [ 128.333544231525508, 42.551774484026581 ], [ 128.331296444123296, 42.551835963278542 ], [ 128.326886770368247, 42.552542638861034 ], [ 128.322900541521193, 42.554123279391845 ], [ 128.31906114750322, 42.555863627491995 ], [ 128.317342152397629, 42.556957775872682 ], [ 128.315922013064068, 42.558256822360981 ], [ 128.315003987423893, 42.559779954570828 ], [ 128.31412333540149, 42.561399993963363 ], [ 128.31412333540149, 42.561399993963363 ], [ 128.312597994113844, 42.561801491330392 ], [ 128.312597994113844, 42.561801491330392 ], [ 128.312665337346743, 42.559780820488321 ], [ 128.312512148366267, 42.559468835739047 ], [ 128.312080207608318, 42.55936757428023 ], [ 128.311004396883135, 42.559651515639437 ], [ 128.309866030733048, 42.560975481168306 ], [ 128.308954225159312, 42.56405002576065 ], [ 128.308954225159312, 42.56405002576065 ], [ 128.307716470002447, 42.565097509834388 ] ] ] ] } },
{ "type": "Feature", "properties": { "DSN": "Ⅱ级阶地                                ", "DSO": "Q↓3                ", "DSO_TXT": "Q3", "CHFCAC": "K5215D01D00105", "SHEET": "K5215" }, "geometry": { "type": "MultiPolygon", "coordinates": [ [ [ [ 128.307716470002447, 42.565097509834388 ], [ 128.308954225159312, 42.56405002576065 ], [ 128.308954225159312, 42.56405002576065 ], [ 128.308897921737639, 42.567205026795463 ], [ 128.30857786111099, 42.57033982381288 ], [ 128.308202972399243, 42.571905534826939 ], [ 128.30705004338779, 42.573212914335585 ], [ 128.305266104213246, 42.574078405247221 ], [ 128.30323417032227, 42.574571327284723 ], [ 128.301119886285306, 42.574643402683286 ], [ 128.298981870360223, 42.574473194371983 ], [ 128.294730838824648, 42.574217559354032 ], [ 128.290520421240558, 42.573751727293121 ], [ 128.288401405757241, 42.573481796370778 ], [ 128.28627415467912, 42.573522996934265 ], [ 128.284251599468121, 42.57398455468838 ], [ 128.282109154168523, 42.573945967887454 ], [ 128.280027648373789, 42.573589130234765 ], [ 128.279365891742543, 42.572987644406368 ], [ 128.278915102724881, 42.572229689084303 ], [ 128.277983788510397, 42.569170083325794 ], [ 128.278133190392879, 42.567582362694971 ], [ 128.279089606670226, 42.566192982122871 ], [ 128.281671073529054, 42.563673160128559 ], [ 128.28336002250586, 42.561682812993652 ], [ 128.28336002250586, 42.561682812993652 ], [ 128.284359126505024, 42.561208280574689 ], [ 128.285288646937772, 42.561268915471487 ], [ 128.285288646937772, 42.561268915471487 ], [ 128.285317950306762, 42.561954691595446 ], [ 128.284600202559659, 42.563030557611398 ], [ 128.283697801116716, 42.563929906796595 ], [ 128.282493376529715, 42.565348400083515 ], [ 128.281621106634276, 42.566653373554345 ], [ 128.281403598301949, 42.567755127452486 ], [ 128.281886910499566, 42.568817627202463 ], [ 128.282911998677946, 42.569646729961754 ], [ 128.2842813174029, 42.570095314555793 ], [ 128.285787367577939, 42.570115394924954 ], [ 128.288579669528815, 42.569297420842283 ], [ 128.290013334806588, 42.568948255789472 ], [ 128.291517617135128, 42.568877568331459 ], [ 128.292995002709432, 42.569109028498922 ], [ 128.294352819459618, 42.569571242079355 ], [ 128.29684307656899, 42.570858381108401 ], [ 128.298129973298614, 42.571448951815995 ], [ 128.299565067708926, 42.571725052913699 ], [ 128.30107945041371, 42.571636287516299 ], [ 128.302505998033837, 42.571267325528808 ], [ 128.303764773185833, 42.570650874881103 ], [ 128.304781167964592, 42.569830028817393 ], [ 128.306125325499977, 42.56784442611594 ], [ 128.307716470002447, 42.565097509834388 ] ] ] ] } },
{ "type": "Feature", "properties": { "DSN": "Ⅱ级阶地                                ", "DSO": "Q↓3                ", "DSO_TXT": "Q3", "CHFCAC": "K5215D01D00106", "SHEET": "K5215" }, "geometry": { "type": "MultiPolygon", "coordinates": [ [ [ [ 128.339665074063248, 42.557487324682015 ], [ 128.339978895087853, 42.557640631567175 ], [ 128.340485242018303, 42.558154188743799 ], [ 128.341218960640219, 42.559160195216961 ], [ 128.342618713989197, 42.561251128461663 ], [ 128.343471506205077, 42.562235450729737 ], [ 128.344786561883041, 42.563074280474616 ], [ 128.344786561883041, 42.563074280474616 ], [ 128.344871525097659, 42.564629605457391 ], [ 128.34451538248058, 42.566213126058123 ], [ 128.344289313870149, 42.567003113476218 ], [ 128.343751235289801, 42.567640042733622 ], [ 128.342023269116282, 42.568595006591174 ], [ 128.340181258995244, 42.569368349311347 ], [ 128.338108017590599, 42.569744167330761 ], [ 128.333868940560279, 42.570100185887725 ], [ 128.329738231046036, 42.57088001859821 ], [ 128.327673378180208, 42.571239514704914 ], [ 128.325552545863701, 42.571006859365838 ], [ 128.3234578577825, 42.570889933128306 ], [ 128.32134004312104, 42.571138090188171 ], [ 128.319230276625973, 42.571364320851096 ], [ 128.317097895281023, 42.571324027782346 ], [ 128.315257803270697, 42.57054994203645 ], [ 128.31403268570125, 42.56923278053133 ], [ 128.313232621648012, 42.567754216743722 ], [ 128.312788101600461, 42.56621447396406 ], [ 128.312640001477433, 42.563031914947004 ], [ 128.312597994113844, 42.561801491330392 ], [ 128.312597994113844, 42.561801491330392 ], [ 128.31412333540149, 42.561399993963363 ], [ 128.31412333540149, 42.561399993963363 ], [ 128.314740101880233, 42.561644039134045 ], [ 128.315002307678213, 42.562242659956851 ], [ 128.314932474792727, 42.563387319122796 ], [ 128.314492429617502, 42.564522889709586 ], [ 128.314274697779751, 42.565677550321404 ], [ 128.314515919889487, 42.566833848704817 ], [ 128.314930759106005, 42.567338314105719 ], [ 128.31556269154413, 42.567646520733952 ], [ 128.317186500269827, 42.56781979605578 ], [ 128.318789362719031, 42.567805275569597 ], [ 128.320235593645236, 42.567436965072261 ], [ 128.322921917351863, 42.566143181400214 ], [ 128.328587840630661, 42.564091141384857 ], [ 128.331564975376665, 42.563359894435685 ], [ 128.334768329105657, 42.563278855992884 ], [ 128.336174585928859, 42.562811567470938 ], [ 128.33724882305242, 42.561933873288893 ], [ 128.337838668559073, 42.56086454951425 ], [ 128.338081170417695, 42.559701824748338 ], [ 128.338400764660065, 42.55835555537162 ], [ 128.338956895866147, 42.557562566415037 ], [ 128.339665074063248, 42.557487324682015 ] ] ] ] } },
{ "type": "Feature", "properties": { "DSN": "军舰山玄武岩                            ", "DSO": "βQ↓1              ", "DSO_TXT": "βQ1", "CHFCAC": "K5215D01D00107", "SHEET": "K5215" }, "geometry": { "type": "MultiPolygon", "coordinates": [ [ [ [ 128.446578803760929, 42.512986842669243 ], [ 128.448986926456996, 42.515192651702051 ], [ 128.449763363054842, 42.516659744394161 ], [ 128.449666791331111, 42.518226976696297 ], [ 128.448723630736652, 42.51965348016649 ], [ 128.447298984287698, 42.520832463499737 ], [ 128.445413038602538, 42.521543593542638 ], [ 128.443375787950743, 42.522036442518711 ], [ 128.439265755042811, 42.522908088047743 ], [ 128.43718466874202, 42.522823218373027 ], [ 128.435709581711563, 42.522499168090903 ], [ 128.435709581711563, 42.522499168090903 ], [ 128.436694418551156, 42.520842868610899 ], [ 128.436912315081884, 42.519028941961928 ], [ 128.436806791237359, 42.517199892180535 ], [ 128.43700331797811, 42.516301204049178 ], [ 128.437568622673382, 42.515479098362746 ], [ 128.438469061657344, 42.51487215905842 ], [ 128.439594594162969, 42.514478812747669 ], [ 128.441964595368859, 42.513960908326084 ], [ 128.444434855931263, 42.513706738113257 ], [ 128.445680797825503, 42.513568122795654 ], [ 128.446578803760929, 42.512986842669243 ] ] ] ] } },
{ "type": "Feature", "properties": { "DSN": "军舰山玄武岩                            ", "DSO": "βQ↓1              ", "DSO_TXT": "βQ1", "CHFCAC": "K5215D01D00108", "SHEET": "K5215" }, "geometry": { "type": "MultiPolygon", "coordinates": [ [ [ [ 128.443273055634336, 42.397590898134247 ], [ 128.443494677377799, 42.399182934815826 ], [ 128.442910170347744, 42.400722237430735 ], [ 128.441673506935444, 42.403736964065814 ], [ 128.441238753033133, 42.405286841431803 ], [ 128.441179588094315, 42.406856582261668 ], [ 128.44121712996116, 42.409999119841757 ], [ 128.440746565292926, 42.413141800045921 ], [ 128.440601044109258, 42.414714722566856 ], [ 128.44010300002256, 42.416243991590527 ], [ 128.438613468469015, 42.419198161509811 ], [ 128.437251310236348, 42.42040644432452 ], [ 128.436299060819834, 42.420765068317145 ], [ 128.435245880242007, 42.420864490875395 ], [ 128.433155409799099, 42.420542989747759 ], [ 128.431334715887289, 42.419727988956055 ], [ 128.42989237911172, 42.41857741891954 ], [ 128.42873902964547, 42.417253843714064 ], [ 128.427635759825137, 42.415857333002087 ], [ 128.426312531698102, 42.414610517038916 ], [ 128.424541151834973, 42.413798933103365 ], [ 128.422573377374761, 42.413151179001758 ], [ 128.420806603502911, 42.412270909811454 ], [ 128.419101699863432, 42.41060642856592 ], [ 128.419101699863432, 42.41060642856592 ], [ 128.420594619128394, 42.410709894971177 ], [ 128.422338477567308, 42.411220462597463 ], [ 128.424162144359201, 42.411562306468447 ], [ 128.425097557473379, 42.411522604987866 ], [ 128.425968956137609, 42.41126177223078 ], [ 128.427332623527718, 42.410304217757748 ], [ 128.428420833967522, 42.409173763417961 ], [ 128.429588760277056, 42.408090101428385 ], [ 128.430456945688292, 42.407820646596008 ], [ 128.431389057748731, 42.407896945757813 ], [ 128.434458751477507, 42.409557789266543 ], [ 128.435319117850185, 42.409447235451815 ], [ 128.435693820150192, 42.408803894576074 ], [ 128.435267347950344, 42.407455334380145 ], [ 128.433576146590042, 42.404963272070759 ], [ 128.432450669972127, 42.4023166137411 ], [ 128.431879064699729, 42.399566886222964 ], [ 128.431829087195382, 42.398175775825592 ], [ 128.432701463259491, 42.396952890481259 ], [ 128.433561576504076, 42.396710764191809 ], [ 128.434384906012696, 42.397012620709269 ], [ 128.435122792678385, 42.398324884088453 ], [ 128.436018999055221, 42.401011408661311 ], [ 128.437523307778093, 42.403561378751675 ], [ 128.438362722918669, 42.403893797778281 ], [ 128.439229740793223, 42.403690472301804 ], [ 128.439803064626403, 42.40311680067181 ], [ 128.440104146105426, 42.402457295523959 ], [ 128.441034269715999, 42.399756980706883 ], [ 128.441876453367769, 42.398502270436978 ], [ 128.443273055634336, 42.397590898134247 ] ] ] ] } },
{ "type": "Feature", "properties": { "DSN": "屯田营组下段                            ", "DSO": "J↓2→t↑1          ", "DSO_TXT": "J2t-1", "CHFCAC": "K5215D01D00109", "SHEET": "K5215" }, "geometry": { "type": "MultiPolygon", "coordinates": [ [ [ [ 128.410299468594758, 42.278695854667966 ], [ 128.410298468567049, 42.278695854676798 ], [ 128.410299360271779, 42.278696070184381 ], [ 128.410299468594758, 42.278695854667966 ] ] ], [ [ [ 128.408322272161797, 42.283273245889674 ], [ 128.408735418860203, 42.283997746068295 ], [ 128.409818851451604, 42.283964042911364 ], [ 128.410823453504634, 42.283711155195817 ], [ 128.41172065653933, 42.283246908442507 ], [ 128.413186561654982, 42.282066017830338 ], [ 128.415806885461592, 42.279521183726459 ], [ 128.41238403728542, 42.279199895827389 ], [ 128.410299360271779, 42.278696070184381 ], [ 128.408791097422551, 42.2816968682612 ], [ 128.408322272161797, 42.283273245889674 ] ] ] ] } },
{ "type": "Feature", "properties": { "DSN": "屯田营组下段                            ", "DSO": "J↓2→t↑1          ", "DSO_TXT": "J2t-1", "CHFCAC": "K5215D01D00110", "SHEET": "K5215" }, "geometry": { "type": "MultiPolygon", "coordinates": [ [ [ [ 128.423402577226568, 42.265912020480464 ], [ 128.424016906037025, 42.264392030532029 ], [ 128.424674328902739, 42.26378757840758 ], [ 128.42569071280559, 42.263782028621186 ], [ 128.426380247706192, 42.264375985428032 ], [ 128.426856436892365, 42.265189906252175 ], [ 128.428140137411418, 42.26817756179436 ], [ 128.430345216436734, 42.270866624161449 ], [ 128.435030608785496, 42.26701445954312 ], [ 128.437769692972893, 42.265472574733664 ], [ 128.440171335034591, 42.263658094240732 ], [ 128.443191558260509, 42.25907905393634 ], [ 128.444836636407331, 42.25683842006412 ], [ 128.445825396978023, 42.254401687296301 ], [ 128.446260792521173, 42.251859734899767 ], [ 128.446289673337731, 42.249307557026896 ], [ 128.445885328989306, 42.246770436890962 ], [ 128.445042872807761, 42.244293565996337 ], [ 128.443760666673256, 42.24192888687049 ], [ 128.441981766054454, 42.23973175814654 ], [ 128.440830584180361, 42.238789706501585 ], [ 128.439457071511299, 42.238029035443653 ], [ 128.437905803159254, 42.237452722037659 ], [ 128.436240792529304, 42.237086584742336 ], [ 128.434539019853986, 42.237114163669183 ], [ 128.432919113600178, 42.237569790358705 ], [ 128.430136177850585, 42.239058109883167 ], [ 128.425162324123505, 42.2425790743089 ], [ 128.420138263079167, 42.246061857781356 ], [ 128.418984401621287, 42.247007908142528 ], [ 128.418160788564705, 42.248109982601129 ], [ 128.416804728635526, 42.25047647821436 ], [ 128.416263489368362, 42.251672277366993 ], [ 128.416082747823992, 42.252938710783774 ], [ 128.415938113647826, 42.255503898077116 ], [ 128.416374674617032, 42.260586444902408 ], [ 128.417335184232996, 42.265636956076563 ], [ 128.418109057384584, 42.268119897877916 ], [ 128.418561059684862, 42.269358933866293 ], [ 128.419471567830954, 42.270430883089048 ], [ 128.419472567858634, 42.270430883080216 ], [ 128.422480543795899, 42.267333909173203 ], [ 128.423402577226568, 42.265912020480464 ] ] ], [ [ [ 128.4303456191397, 42.270867115251967 ], [ 128.430345216436734, 42.270866624161449 ], [ 128.430344619111992, 42.270867115260813 ], [ 128.4303456191397, 42.270867115251967 ] ] ] ] } },
{ "type": "Feature", "properties": { "DSN": "军舰山玄武岩                            ", "DSO": "βQ↓1              ", "DSO_TXT": "βQ1", "CHFCAC": "K5215D01D00111", "SHEET": "K5215" }, "geometry": { "type": "MultiPolygon", "coordinates": [ [ [ [ 128.498085447371778, 42.480688179274786 ], [ 128.496057609902607, 42.481506250005623 ], [ 128.493882184774691, 42.482086944603452 ], [ 128.491619262176897, 42.482468234780562 ], [ 128.489529767245955, 42.483164015554166 ], [ 128.485495645915591, 42.484847582154934 ], [ 128.483397864426109, 42.485537162150393 ], [ 128.481176842447724, 42.486063139790481 ], [ 128.478937950820239, 42.486407562008189 ], [ 128.47662221163975, 42.486304910396328 ], [ 128.474309310349298, 42.486124259477862 ], [ 128.472085439937842, 42.485675316518197 ], [ 128.470037010118233, 42.484866874977428 ], [ 128.468283985125851, 42.48375487406517 ], [ 128.467330637281407, 42.483267438152495 ], [ 128.466244999960196, 42.482973924912514 ], [ 128.46406104947755, 42.482440956402122 ], [ 128.462420097746559, 42.481238486655158 ], [ 128.461333262579586, 42.479729974545641 ], [ 128.460547373855746, 42.478112933017336 ], [ 128.460066299834864, 42.476450495467418 ], [ 128.459812416629774, 42.47472788440561 ], [ 128.460011904481888, 42.473898879652602 ], [ 128.460687921130699, 42.473200970017956 ], [ 128.462347566291527, 42.47199751082757 ], [ 128.462733481545541, 42.471205556595613 ], [ 128.46254292941839, 42.470344738284751 ], [ 128.461976597456442, 42.469586126134132 ], [ 128.46114541515297, 42.468982757706108 ], [ 128.459328794512686, 42.467933556217929 ], [ 128.456814222257634, 42.461344557129642 ], [ 128.456341779362617, 42.459671696578198 ], [ 128.456247589650076, 42.457960855289826 ], [ 128.456477689980574, 42.456258663499639 ], [ 128.457064845575161, 42.454586133838923 ], [ 128.458351454934558, 42.453187591455411 ], [ 128.460097208671158, 42.452048723426067 ], [ 128.461828016927001, 42.45092042436967 ], [ 128.463355243560414, 42.449633661906866 ], [ 128.466675886217587, 42.447294734763254 ], [ 128.469047270466859, 42.444329092702525 ], [ 128.469751305418697, 42.443636765779779 ], [ 128.47069226904523, 42.443205174828002 ], [ 128.473050569271123, 42.443034670175415 ], [ 128.477637668525375, 42.442921645380096 ], [ 128.478786334563949, 42.442704364745936 ], [ 128.479165405773045, 42.442390003832784 ], [ 128.479298444980685, 42.441954065944685 ], [ 128.478761520804852, 42.441217098627341 ], [ 128.477817438959363, 42.440667949729558 ], [ 128.476812743700123, 42.440269500083652 ], [ 128.475700600823927, 42.440080054897209 ], [ 128.473364559543285, 42.439918066269648 ], [ 128.471103637491581, 42.439590697448779 ], [ 128.469007513546813, 42.438883068773968 ], [ 128.467122420821028, 42.437887396032778 ], [ 128.465567982001886, 42.436620736081089 ], [ 128.464461697649341, 42.435116352438982 ], [ 128.46381142168471, 42.433477894304474 ], [ 128.46327815366584, 42.431802689286044 ], [ 128.462114581853655, 42.430345451820521 ], [ 128.460660069847648, 42.429009301637592 ], [ 128.459415907292168, 42.427588546163243 ], [ 128.459215604829211, 42.425864638920331 ], [ 128.458774171587322, 42.424132631929844 ], [ 128.456947831713137, 42.42550956688796 ], [ 128.4549018510358, 42.426712905336387 ], [ 128.453223735064967, 42.428167783282412 ], [ 128.45234007019954, 42.430001299466625 ], [ 128.452254231418067, 42.431933462424759 ], [ 128.452736791552013, 42.433823572581645 ], [ 128.452839781292283, 42.434800478661053 ], [ 128.452581782322568, 42.435747003778523 ], [ 128.45196508126233, 42.43660581748928 ], [ 128.451766324189236, 42.437507325123626 ], [ 128.452293107123893, 42.439460508769777 ], [ 128.452148283738865, 42.441379279698857 ], [ 128.451568830064815, 42.443277130665209 ], [ 128.451141878312512, 42.445170138563519 ], [ 128.451387712211385, 42.447067290224147 ], [ 128.452377903777801, 42.448886871698768 ], [ 128.453410416403756, 42.44945045612188 ], [ 128.454693872039286, 42.449665955871943 ], [ 128.457402653276489, 42.449720863838962 ], [ 128.457846694149936, 42.449950774422717 ], [ 128.457661805423584, 42.45041183500976 ], [ 128.456848856637293, 42.45127282389911 ], [ 128.455894357372102, 42.451851338971707 ], [ 128.454738076588256, 42.452224667028624 ], [ 128.452199649234217, 42.452860447360194 ], [ 128.450022065641122, 42.453926491864806 ], [ 128.449262056293264, 42.454708473324636 ], [ 128.448798070905923, 42.455620969061492 ], [ 128.448784582913788, 42.457531610535931 ], [ 128.449249897364524, 42.45945183084735 ], [ 128.449178390462265, 42.461362990825464 ], [ 128.448460412434514, 42.463234649439542 ], [ 128.446682970115916, 42.466856929327385 ], [ 128.44667829846631, 42.467874753721318 ], [ 128.447247900071289, 42.468675842365229 ], [ 128.449659698496049, 42.46951646450583 ], [ 128.451750634312702, 42.470663315115047 ], [ 128.452594398168117, 42.471414383047012 ], [ 128.452978423675631, 42.472329344726496 ], [ 128.452780497504449, 42.47277849368583 ], [ 128.452306067806063, 42.473109033114632 ], [ 128.451103914229833, 42.47355632333111 ], [ 128.448758599801351, 42.474359171450338 ], [ 128.447716997968683, 42.474949458441621 ], [ 128.446886371256568, 42.475710185413362 ], [ 128.4463624474715, 42.476592596920874 ], [ 128.44620459225726, 42.477530556091644 ], [ 128.447216534120685, 42.481364735485656 ], [ 128.446810130243648, 42.483264983523313 ], [ 128.447142258834333, 42.485178474548675 ], [ 128.446926144588616, 42.487101229402754 ], [ 128.446417940637303, 42.488987796214275 ], [ 128.445781071870897, 42.489867857187654 ], [ 128.444740991873971, 42.490388413543577 ], [ 128.442095378946675, 42.490434082947331 ], [ 128.439546486265868, 42.490730945181483 ], [ 128.438514554423733, 42.491359398298684 ], [ 128.438265269437693, 42.491803014274041 ], [ 128.438320213391279, 42.492273051068864 ], [ 128.439710827705028, 42.493900991892239 ], [ 128.441703257415668, 42.49515814059113 ], [ 128.443720896951191, 42.496369982587638 ], [ 128.445432813455625, 42.497822503191905 ], [ 128.44683785990054, 42.499452168267112 ], [ 128.447943090377322, 42.501200689857619 ], [ 128.448752723950861, 42.503041301267494 ], [ 128.4492524388086, 42.504930583930403 ], [ 128.449565674840301, 42.506827634569845 ], [ 128.44987919079648, 42.507783386751719 ], [ 128.450487760039579, 42.508671054174499 ], [ 128.451611489507087, 42.509118066508044 ], [ 128.452831440890435, 42.508846073548241 ], [ 128.454561040860256, 42.507367262476748 ], [ 128.455862001643709, 42.505687076869954 ], [ 128.457420189328161, 42.50416469848269 ], [ 128.461741527042193, 42.501982552380902 ], [ 128.465579769103101, 42.499379761474614 ], [ 128.46890624661313, 42.496413756208199 ], [ 128.470159002903131, 42.494706094632605 ], [ 128.47067436182806, 42.492808579346175 ], [ 128.470918156292555, 42.490902103581398 ], [ 128.47155978399411, 42.4900899300142 ], [ 128.472494367190848, 42.489372758893175 ], [ 128.474624830176879, 42.488170724360145 ], [ 128.477000533380306, 42.487510316476261 ], [ 128.482263881803703, 42.487415610803808 ], [ 128.484826031998637, 42.487078266621467 ], [ 128.48715949640814, 42.486256034604338 ], [ 128.491699970120862, 42.484354769275583 ], [ 128.496463471182039, 42.482771947210708 ], [ 128.498683784623609, 42.481769705496085 ], [ 128.500446478098127, 42.480363582977454 ], [ 128.50136948822086, 42.478554227479862 ], [ 128.499925344023211, 42.479647746514289 ], [ 128.498085447371778, 42.480688179274786 ] ], [ [ 128.452603352869119, 42.493626855512993 ], [ 128.4548014257266, 42.493631469719084 ], [ 128.456902102465222, 42.494093266749204 ], [ 128.45765406823142, 42.494689063499699 ], [ 128.457832391407749, 42.495503344138264 ], [ 128.457323278620265, 42.496208723914783 ], [ 128.45653575383119, 42.496809033478485 ], [ 128.45492218632927, 42.497898157470047 ], [ 128.453033625117257, 42.498730452052662 ], [ 128.450878837336717, 42.49902320687508 ], [ 128.449810893434716, 42.498831268340673 ], [ 128.448854292783437, 42.498428574025709 ], [ 128.445464435663126, 42.496353585162254 ], [ 128.444177141673663, 42.495051195461997 ], [ 128.443814742024529, 42.494251500691981 ], [ 128.444037225101397, 42.493478129539916 ], [ 128.444960114169731, 42.493047311337186 ], [ 128.446076212985673, 42.493013179223446 ], [ 128.448261709055771, 42.493178863482477 ], [ 128.45041259347451, 42.493519451241738 ], [ 128.452603352869119, 42.493626855512993 ] ] ], [ [ [ 128.501371117657101, 42.47855299365601 ], [ 128.501370117629335, 42.478552993664898 ], [ 128.50136948822086, 42.478554227479862 ], [ 128.501371117657101, 42.47855299365601 ] ] ] ] } },
{ "type": "Feature", "properties": { "DSN": "军舰山玄武岩                            ", "DSO": "βQ↓1              ", "DSO_TXT": "βQ1", "CHFCAC": "K5215D01D00112", "SHEET": "K5215" }, "geometry": { "type": "MultiPolygon", "coordinates": [ [ [ [ 128.585531355978077, 42.434179377696857 ], [ 128.582616789010217, 42.432233587145326 ], [ 128.582616789010217, 42.432233587145326 ], [ 128.58102137658878, 42.430989038145441 ], [ 128.579675362887485, 42.429587874975184 ], [ 128.579675362887485, 42.429587874975184 ], [ 128.587039898993112, 42.425936307963561 ], [ 128.594891512788706, 42.420867069410072 ], [ 128.603387777588637, 42.416414986529162 ], [ 128.608808403549062, 42.414082099892852 ], [ 128.608808403549062, 42.414082099892852 ], [ 128.609403636167173, 42.414682092247226 ], [ 128.610283725001096, 42.415250251046302 ], [ 128.612415677488258, 42.415922278034039 ], [ 128.614686404452442, 42.416264362121289 ], [ 128.617030065822178, 42.416348618722708 ], [ 128.618128288213626, 42.416621906344119 ], [ 128.618814626365122, 42.417316539804723 ], [ 128.618484084975393, 42.418148767167054 ], [ 128.6174941424498, 42.41860888972905 ], [ 128.615188175069562, 42.418503224038986 ], [ 128.612901145158503, 42.418226052035862 ], [ 128.610603801496467, 42.41855906855254 ], [ 128.609606064438452, 42.419016005460549 ], [ 128.608813071904962, 42.419654540208235 ], [ 128.608294392518019, 42.420427132107378 ], [ 128.608075691996049, 42.421279825161662 ], [ 128.608352346941189, 42.422997325610886 ], [ 128.609956278251417, 42.426242617805663 ], [ 128.610040100221937, 42.427953490752778 ], [ 128.60968005513206, 42.428782743228922 ], [ 128.60905810460892, 42.429511130287203 ], [ 128.607228299211357, 42.430588188628541 ], [ 128.606304208457203, 42.430893129578692 ], [ 128.606304208457203, 42.430893129578692 ], [ 128.605082118902033, 42.431296284874371 ], [ 128.603099640687162, 42.432125895360343 ], [ 128.601525693247538, 42.433388599963642 ], [ 128.600973856897042, 42.433900326890154 ], [ 128.600973856897042, 42.433900326890154 ], [ 128.598601739170022, 42.436095000273745 ], [ 128.596655500835624, 42.437029232738375 ], [ 128.59437811445946, 42.437350831748013 ], [ 128.592084017259509, 42.437058156264087 ], [ 128.589927669821094, 42.436420592217132 ], [ 128.585531355978077, 42.434179377696857 ] ] ] ] } },
{ "type": "Feature", "properties": { "DSN": "军舰山玄武岩                            ", "DSO": "βQ↓1              ", "DSO_TXT": "βQ1", "CHFCAC": "K5215D01D00113", "SHEET": "K5215" }, "geometry": { "type": "MultiPolygon", "coordinates": [ [ [ [ 128.485719940701102, 42.513643793992578 ], [ 128.483210736507516, 42.514193700599201 ], [ 128.481195593349014, 42.5154059721457 ], [ 128.479181714333635, 42.516632286020787 ], [ 128.476860088262839, 42.517494414017676 ], [ 128.47188614356358, 42.518654049307649 ], [ 128.46674544237581, 42.519369159787672 ], [ 128.465507993669917, 42.519628785279444 ], [ 128.46438126608021, 42.520115671114098 ], [ 128.462182083899449, 42.521135002432132 ], [ 128.460938905906886, 42.521433785172569 ], [ 128.459658883059689, 42.521317958085334 ], [ 128.459197395034437, 42.520402548993523 ], [ 128.45932763836376, 42.519445708867138 ], [ 128.459666978231638, 42.517529071809847 ], [ 128.45869595113453, 42.515748169883366 ], [ 128.458547675270466, 42.514790235435349 ], [ 128.458869045953065, 42.513858830981967 ], [ 128.46031094917231, 42.512233643489573 ], [ 128.464104397315765, 42.509592856856393 ], [ 128.46560750948791, 42.508037635114654 ], [ 128.466791189078663, 42.506299830127503 ], [ 128.466791189078663, 42.506299830127503 ], [ 128.468130613484448, 42.508105751667834 ], [ 128.469201417885074, 42.508799294401634 ], [ 128.470646888360392, 42.508997319908595 ], [ 128.473531790113526, 42.50880625268406 ], [ 128.476413354393969, 42.508893701977968 ], [ 128.479150709563953, 42.509610100241531 ], [ 128.481571904803332, 42.510775954228784 ], [ 128.483829405632633, 42.512125098352243 ], [ 128.485719940701102, 42.513643793992578 ] ] ] ] } },
{ "type": "Feature", "properties": { "DSN": "军舰山玄武岩                            ", "DSO": "βQ↓1              ", "DSO_TXT": "βQ1", "CHFCAC": "K5215D01D00114", "SHEET": "K5215" }, "geometry": { "type": "MultiPolygon", "coordinates": [ [ [ [ 128.534295501692583, 42.518456334742112 ], [ 128.534651514254904, 42.517501387428176 ], [ 128.535317395784404, 42.516713420094931 ], [ 128.53594168988792, 42.516598129653573 ], [ 128.536589885967174, 42.516702206062028 ], [ 128.537839280972321, 42.517010494235976 ], [ 128.542635669634052, 42.518466256067072 ], [ 128.545206540694124, 42.518786752053032 ], [ 128.546472427273642, 42.518561552280282 ], [ 128.547602389105236, 42.518084615948212 ], [ 128.548318454576105, 42.517261860023936 ], [ 128.548223256243944, 42.516777229336974 ], [ 128.547237762800819, 42.516346226678181 ], [ 128.547237762800819, 42.516346226678181 ], [ 128.550476505752528, 42.51492835706523 ], [ 128.552270103687505, 42.514488835982732 ], [ 128.554136591795469, 42.514295307704764 ], [ 128.561664097441508, 42.514501453839181 ], [ 128.569197187998867, 42.514359740713644 ], [ 128.572884535848118, 42.514880462712995 ], [ 128.574610629236105, 42.5154400167849 ], [ 128.576084293296276, 42.516343584405043 ], [ 128.576825049919222, 42.517604032814219 ], [ 128.576747233205964, 42.51900290851281 ], [ 128.576492466505584, 42.520387031965356 ], [ 128.576775693880052, 42.52175276463155 ], [ 128.579004555813469, 42.523998425185027 ], [ 128.579795154527972, 42.525282712695436 ], [ 128.580070043923428, 42.52597838441271 ], [ 128.579841081357159, 42.526606216457076 ], [ 128.578284738026696, 42.527418154491535 ], [ 128.576638939517579, 42.528091921586494 ], [ 128.575553838561859, 42.529201870263208 ], [ 128.575109207781423, 42.530590004552764 ], [ 128.574649046966925, 42.531931253852747 ], [ 128.573616574905031, 42.533099488969967 ], [ 128.572714459118401, 42.534319032422076 ], [ 128.572272695295652, 42.535676157598616 ], [ 128.572456961806267, 42.538456926602144 ], [ 128.572412622531289, 42.539856066921686 ], [ 128.571843381910611, 42.541170719533937 ], [ 128.571177759103563, 42.541724771167047 ], [ 128.570315349106096, 42.541984694426226 ], [ 128.569433102125572, 42.541763669102082 ], [ 128.568690525463069, 42.541299882212755 ], [ 128.567593575004622, 42.540179699491283 ], [ 128.566747197036563, 42.538931784673878 ], [ 128.564704003694686, 42.533574167730329 ], [ 128.562761266599978, 42.531181695994363 ], [ 128.560362706968192, 42.529040267745501 ], [ 128.557468448603288, 42.527256924290612 ], [ 128.554315840279799, 42.525732752011407 ], [ 128.55098770643707, 42.524428749411513 ], [ 128.548018380039906, 42.522699311060464 ], [ 128.546506334143231, 42.521903317745732 ], [ 128.544650378674476, 42.521623927008982 ], [ 128.540957947712627, 42.521112467949735 ], [ 128.53917956609277, 42.520639530355673 ], [ 128.537553855643125, 42.519938597608729 ], [ 128.534295501692583, 42.518456334742112 ] ], [ [ 128.559487495773794, 42.522510408589717 ], [ 128.555054342337229, 42.521273716525421 ], [ 128.554047250151086, 42.520836636589529 ], [ 128.553311539307629, 42.520181235604483 ], [ 128.552940913184585, 42.519344390352273 ], [ 128.55298356774037, 42.518469121626005 ], [ 128.553479126557448, 42.517668024566575 ], [ 128.554365741981542, 42.517113638215818 ], [ 128.555485286122291, 42.516938232089359 ], [ 128.556710997424744, 42.516994251407773 ], [ 128.561398407427845, 42.5174096423195 ], [ 128.563679947359873, 42.517718655127432 ], [ 128.565883929149436, 42.518375930547272 ], [ 128.566872855964306, 42.518926797946371 ], [ 128.56755470243624, 42.519624120568544 ], [ 128.567714863751775, 42.520440047173203 ], [ 128.567446460153093, 42.521316082588356 ], [ 128.5669668243616, 42.522175448242081 ], [ 128.56627381915203, 42.522864949730312 ], [ 128.565230117525005, 42.523206044096689 ], [ 128.56402395280702, 42.523288445402741 ], [ 128.561702688504283, 42.523075928019509 ], [ 128.559487495773794, 42.522510408589717 ] ] ] ] } },
{ "type": "Feature", "properties": { "DSN": "张广才岭玄武岩                          ", "DSO": "βN                 ", "DSO_TXT": "βN", "CHFCAC": "K5215D01D00115", "SHEET": "K5215" }, "geometry": { "type": "MultiPolygon", "coordinates": [ [ [ [ 128.461707487956545, 42.525105921146995 ], [ 128.461707562643568, 42.525106115369624 ], [ 128.461708487984311, 42.525105921138099 ], [ 128.461707487956545, 42.525105921146995 ] ] ], [ [ [ 128.457643368869611, 42.526129445683779 ], [ 128.456589857069929, 42.526800382842019 ], [ 128.456459578162992, 42.527214748172142 ], [ 128.456715727063084, 42.527650803137362 ], [ 128.457579718537033, 42.528486933376833 ], [ 128.458445871477124, 42.529177607622564 ], [ 128.45951099774129, 42.529702044480629 ], [ 128.460572242332432, 42.530282058022252 ], [ 128.461095911807973, 42.531176219143575 ], [ 128.460945522774153, 42.531666174188011 ], [ 128.460464094502868, 42.531945169729049 ], [ 128.459109870283186, 42.53194964412198 ], [ 128.449376003060223, 42.52924901138001 ], [ 128.446809088844191, 42.528967564630378 ], [ 128.444173300861308, 42.529142813332911 ], [ 128.442999583257489, 42.529540968866954 ], [ 128.4421229717004, 42.530244519412527 ], [ 128.440903467250706, 42.531972159801271 ], [ 128.439409498171699, 42.533533577938108 ], [ 128.437287182578473, 42.534660263182673 ], [ 128.435191505368238, 42.535775375945207 ], [ 128.433500488786962, 42.537277506712648 ], [ 128.432987562740152, 42.538144676642226 ], [ 128.432961597284645, 42.539085882882254 ], [ 128.43314543804027, 42.541067912075171 ], [ 128.432768736428244, 42.541979260639124 ], [ 128.431903658279936, 42.542706807147837 ], [ 128.430762612513178, 42.543164859882616 ], [ 128.429503524355255, 42.543423868494308 ], [ 128.426977071559349, 42.543960687192069 ], [ 128.424672914194815, 42.544842187568513 ], [ 128.422570517712899, 42.545981101205129 ], [ 128.420655748822242, 42.547364431380942 ], [ 128.419971039916703, 42.548175273662729 ], [ 128.41962542374489, 42.549085669152426 ], [ 128.419516008809666, 42.550069174199201 ], [ 128.419866556179272, 42.55094768168405 ], [ 128.423770929167489, 42.553565884443699 ], [ 128.425800987374032, 42.554779419221113 ], [ 128.428108978774191, 42.555706037714046 ], [ 128.430617520391621, 42.556225094797441 ], [ 128.433216262463134, 42.556383566197212 ], [ 128.438379031548095, 42.556906997780196 ], [ 128.443489911761873, 42.557669674872919 ], [ 128.446095619244602, 42.557759738721344 ], [ 128.448697981697023, 42.55761872702444 ], [ 128.453825597856564, 42.556922484531967 ], [ 128.45762629169306, 42.55622158776594 ], [ 128.457627291720826, 42.556221587757044 ], [ 128.455143809375869, 42.555707015187629 ], [ 128.452596045281751, 42.555411994101064 ], [ 128.447460387458364, 42.555018581245214 ], [ 128.442309343491644, 42.555075420529541 ], [ 128.439720419673364, 42.554962305800316 ], [ 128.437248742305059, 42.554483532632496 ], [ 128.432468669679849, 42.553040968375079 ], [ 128.427632456577868, 42.551761728471263 ], [ 128.426337590950482, 42.551693264988316 ], [ 128.425130848010951, 42.55136212842784 ], [ 128.424122341116572, 42.550763238690671 ], [ 128.423328496393879, 42.550003533631795 ], [ 128.422966198764527, 42.549103920294172 ], [ 128.423265691641234, 42.548162037647053 ], [ 128.423940182963094, 42.547355764248195 ], [ 128.424871698290445, 42.546690564469003 ], [ 128.426967876169527, 42.54557918800873 ], [ 128.429298472504797, 42.544773512099574 ], [ 128.434321358027319, 42.543913744284445 ], [ 128.436840050926094, 42.543495945197463 ], [ 128.43926977099099, 42.542863998187727 ], [ 128.441735489782616, 42.542292468278887 ], [ 128.444286876368039, 42.542017446276439 ], [ 128.446846170447202, 42.541787124199907 ], [ 128.449268136170446, 42.541131298334811 ], [ 128.451262835131871, 42.539925352144728 ], [ 128.451922443824287, 42.539088766506282 ], [ 128.452219443377231, 42.538164030755055 ], [ 128.452153869754653, 42.536250371712633 ], [ 128.452318957254818, 42.535309038138436 ], [ 128.45282424330469, 42.534421926502233 ], [ 128.453700601507251, 42.533693096051415 ], [ 128.454875793145987, 42.533353327451856 ], [ 128.457479537951428, 42.533355576023162 ], [ 128.458735122003702, 42.533552890372462 ], [ 128.459887467106, 42.533986816446216 ], [ 128.461999000998219, 42.535062595440635 ], [ 128.467084517979771, 42.53569095712858 ], [ 128.469283828993639, 42.536693013241617 ], [ 128.471185284293909, 42.538031978833416 ], [ 128.474963903561985, 42.540618646590595 ], [ 128.477260280463923, 42.541487917211462 ], [ 128.479793525287135, 42.541829170136545 ], [ 128.482251963932072, 42.542425337074071 ], [ 128.484236472129965, 42.543633849627639 ], [ 128.486137940679583, 42.544904783676571 ], [ 128.487434863197848, 42.545126811367425 ], [ 128.487970601292858, 42.544935489166051 ], [ 128.488321277475848, 42.544520757991414 ], [ 128.489778875758418, 42.542935641939813 ], [ 128.491663453213135, 42.541659051347708 ], [ 128.492468604711604, 42.540853864250316 ], [ 128.492636354377083, 42.540365001247849 ], [ 128.492458667061101, 42.539954480920549 ], [ 128.490068724842047, 42.539189785296898 ], [ 128.488826926876385, 42.538912615378948 ], [ 128.48781597173928, 42.538352287434428 ], [ 128.486165714890177, 42.53685647640016 ], [ 128.482650291101095, 42.534075661121683 ], [ 128.480692559429542, 42.532829076573201 ], [ 128.478505466269013, 42.531811498061728 ], [ 128.473667370528744, 42.530502144061053 ], [ 128.468597169478301, 42.529763554386044 ], [ 128.466031720667758, 42.529456223857053 ], [ 128.464844890362116, 42.529107481108916 ], [ 128.463795491743809, 42.528546629650329 ], [ 128.462413542094993, 42.526942005791589 ], [ 128.461707562643568, 42.525106115369624 ], [ 128.458847191600597, 42.525706514987277 ], [ 128.457643368869611, 42.526129445683779 ] ] ] ] } },
{ "type": "Feature", "properties": { "DSN": "军舰山玄武岩                            ", "DSO": "βQ↓1              ", "DSO_TXT": "βQ1", "CHFCAC": "K5215D01D00116", "SHEET": "K5215" }, "geometry": { "type": "MultiPolygon", "coordinates": [ [ [ [ 128.413045258563244, 42.554559870186509 ], [ 128.410496985991841, 42.554550511189191 ], [ 128.408058788390093, 42.555080910453675 ], [ 128.407100458794673, 42.555710255465655 ], [ 128.406773904505798, 42.556594775846129 ], [ 128.407520574109867, 42.55841304725066 ], [ 128.409084515222077, 42.559894244307259 ], [ 128.410941983848915, 42.561185114286843 ], [ 128.411672503384239, 42.561978698184873 ], [ 128.411758657167098, 42.562903183906755 ], [ 128.411008847779044, 42.563657992891926 ], [ 128.409953141069849, 42.564200751022128 ], [ 128.408765193864298, 42.564484313272942 ], [ 128.407486621353399, 42.564548550570535 ], [ 128.404894986135361, 42.564574574089377 ], [ 128.399826584547242, 42.564640431585758 ], [ 128.394744162402986, 42.564250609140792 ], [ 128.392204101260887, 42.564211900074532 ], [ 128.390936551389245, 42.56437506445441 ], [ 128.389765766366509, 42.564791316168431 ], [ 128.389074229967747, 42.565554616811838 ], [ 128.388913946979727, 42.566519883287185 ], [ 128.389537647610894, 42.568337652591694 ], [ 128.390906803435911, 42.569931563717354 ], [ 128.392734276022821, 42.571249867695208 ], [ 128.396988878616355, 42.57336113840946 ], [ 128.400420912990626, 42.57612341168646 ], [ 128.402125095156151, 42.577538740988203 ], [ 128.404003380478088, 42.578800127876683 ], [ 128.405138969950713, 42.57925472140014 ], [ 128.406007185648775, 42.579904025333697 ], [ 128.407398956290621, 42.581481717630517 ], [ 128.409465271661134, 42.582605798205307 ], [ 128.411327434931763, 42.583889441039474 ], [ 128.413145938930171, 42.585212731629909 ], [ 128.414769308704166, 42.586857673332602 ], [ 128.414769308704166, 42.586857673332602 ], [ 128.413188956572668, 42.586577473128095 ], [ 128.410799927498545, 42.585800892688461 ], [ 128.406343301683222, 42.583795986846624 ], [ 128.404340633517421, 42.582540841312614 ], [ 128.401951002269357, 42.581816001657124 ], [ 128.399497713486284, 42.581144164062181 ], [ 128.397414608233817, 42.580003792114098 ], [ 128.393348420550694, 42.577578871596174 ], [ 128.388862537116637, 42.575589652722172 ], [ 128.386819070091803, 42.574425616162642 ], [ 128.385000516322435, 42.573034968282997 ], [ 128.383139273129046, 42.571641039538719 ], [ 128.382049876587985, 42.571140343113811 ], [ 128.380819527151118, 42.570840081527258 ], [ 128.378367133021442, 42.570180567075717 ], [ 128.376055998776394, 42.569270321381367 ], [ 128.373656136137384, 42.56851616585535 ], [ 128.37113382957196, 42.568036548672637 ], [ 128.368709637919579, 42.567319622209496 ], [ 128.366697247228331, 42.566069050474844 ], [ 128.36546381999284, 42.564363714259095 ], [ 128.365266025313929, 42.562445143336056 ], [ 128.365705933332038, 42.560546937516136 ], [ 128.366472061039929, 42.559760522947819 ], [ 128.367525830227379, 42.559204106096637 ], [ 128.370041962536021, 42.558585475694862 ], [ 128.371335569441527, 42.558518098776261 ], [ 128.372566100014836, 42.558792641721077 ], [ 128.376927222137908, 42.560916597116609 ], [ 128.376927222137908, 42.560916597116609 ], [ 128.378170278535805, 42.562203637251784 ], [ 128.379814162759288, 42.563226809070521 ], [ 128.381802000889451, 42.56391312759996 ], [ 128.383928378021977, 42.564342387851532 ], [ 128.386086654749391, 42.564392986225315 ], [ 128.38819476578027, 42.563971544213217 ], [ 128.391938479938858, 42.562335937207138 ], [ 128.395674817538151, 42.560686674982691 ], [ 128.399658527393058, 42.559414888949803 ], [ 128.401206103934925, 42.558262623850545 ], [ 128.401686812206719, 42.557541985944624 ], [ 128.401758145356212, 42.55676120399518 ], [ 128.401791479034927, 42.555128490369576 ], [ 128.402306739009333, 42.554444673121886 ], [ 128.403124756491877, 42.553893020887045 ], [ 128.403124756491877, 42.553893020887045 ], [ 128.404732735936847, 42.553320605282138 ], [ 128.408111115136677, 42.552436580707777 ], [ 128.40943258210396, 42.552460994210769 ], [ 128.410667203364738, 42.552779908294916 ], [ 128.411690185293139, 42.553485030233681 ], [ 128.413045258563244, 42.554559870186509 ] ] ] ] } },
{ "type": "Feature", "properties": { "DSN": "大拉子组下段                            ", "DSO": "K↓1→d↑1          ", "DSO_TXT": "K1d-1", "CHFCAC": "K5215D01D00117", "SHEET": "K5215" }, "geometry": { "type": "MultiPolygon", "coordinates": [ [ [ [ 128.376927222137908, 42.560916597116609 ], [ 128.379084574151022, 42.561993256487511 ], [ 128.381522014525046, 42.562689543063144 ], [ 128.384100388831683, 42.562980650816407 ], [ 128.38668864464475, 42.562730886390504 ], [ 128.389153804481282, 42.56210088656254 ], [ 128.391250381767179, 42.560963171301474 ], [ 128.393465203942924, 42.559924783956802 ], [ 128.395162403443123, 42.558492626151967 ], [ 128.396799957222129, 42.556984574309809 ], [ 128.398714509815505, 42.555673802646275 ], [ 128.400900330427106, 42.554629887989215 ], [ 128.403124756491877, 42.553893020887045 ], [ 128.403124756491877, 42.553893020887045 ], [ 128.402306739009333, 42.554444673121886 ], [ 128.401791479034927, 42.555128490369576 ], [ 128.401758145356212, 42.55676120399518 ], [ 128.401686812206719, 42.557541985944624 ], [ 128.401206103934925, 42.558262623850545 ], [ 128.399658527393058, 42.559414888949803 ], [ 128.395674817538151, 42.560686674982691 ], [ 128.391938479938858, 42.562335937207138 ], [ 128.38819476578027, 42.563971544213217 ], [ 128.386086654749391, 42.564392986225315 ], [ 128.383928378021977, 42.564342387851532 ], [ 128.381802000889451, 42.56391312759996 ], [ 128.379814162759288, 42.563226809070521 ], [ 128.378170278535805, 42.562203637251784 ], [ 128.376927222137908, 42.560916597116609 ] ] ] ] } },
{ "type": "Feature", "properties": { "DSN": "大拉子组下段                            ", "DSO": "K↓1→d↑1          ", "DSO_TXT": "K1d-1", "CHFCAC": "K5215D01D00118", "SHEET": "K5215" }, "geometry": { "type": "MultiPolygon", "coordinates": [ [ [ [ 128.414437674802741, 42.591996120047405 ], [ 128.408783144202999, 42.591221418309338 ], [ 128.403067414606284, 42.590636514212036 ], [ 128.400192733687675, 42.590672232857678 ], [ 128.397364960174116, 42.591048796930764 ], [ 128.391733188077893, 42.591934180247904 ], [ 128.388894918655353, 42.59231200012492 ], [ 128.386141625473414, 42.592894199941135 ], [ 128.381028935371631, 42.594872049830364 ], [ 128.371064476961266, 42.599129851147595 ], [ 128.360735842381672, 42.602885041990213 ], [ 128.355366512186009, 42.604425333745162 ], [ 128.349840558653511, 42.605605039589378 ], [ 128.344226204788868, 42.606554771326664 ], [ 128.338691242285933, 42.607723810302382 ], [ 128.3361512770513, 42.608726952489967 ], [ 128.335137539460192, 42.609488768921381 ], [ 128.334424034534777, 42.610422243838151 ], [ 128.334095750013574, 42.611473047495103 ], [ 128.334183673085704, 42.612540853892831 ], [ 128.335343540089212, 42.614487562391055 ], [ 128.338422205945534, 42.618072566523793 ], [ 128.342087733917765, 42.62135681531467 ], [ 128.346188755773795, 42.62435170443171 ], [ 128.350836591268575, 42.626820448925045 ], [ 128.355924615994269, 42.628831717398469 ], [ 128.361188483709924, 42.630644720750993 ], [ 128.371608339478257, 42.634295180955334 ], [ 128.381998823633779, 42.637919454039853 ], [ 128.387143624188042, 42.639838243675378 ], [ 128.392079251208145, 42.642078754894925 ], [ 128.396559210096285, 42.644760378930656 ], [ 128.40039741103422, 42.647922985890588 ], [ 128.404001651654511, 42.651247115633055 ], [ 128.407094879583582, 42.654828354358884 ], [ 128.407094879583582, 42.654828354358884 ], [ 128.404939954515072, 42.655108344788779 ], [ 128.40236639660165, 42.654891255359644 ], [ 128.397363546726041, 42.653771918155741 ], [ 128.394748397500621, 42.653694782484976 ], [ 128.392173881930688, 42.654034905728821 ], [ 128.386974494355002, 42.653782436036529 ], [ 128.381874935279569, 42.652939597493031 ], [ 128.379669567391034, 42.651953762374788 ], [ 128.377587845916366, 42.650775529152604 ], [ 128.375293639380402, 42.64985620748088 ], [ 128.372814806245373, 42.649258127134573 ], [ 128.367748835725678, 42.648319949289736 ], [ 128.365189151489176, 42.647977973606082 ], [ 128.36258253354714, 42.647898770070043 ], [ 128.359954996479928, 42.647928758672755 ], [ 128.358650303072636, 42.647895552527061 ], [ 128.357498995590362, 42.647464697352618 ], [ 128.356641906566466, 42.646713766876154 ], [ 128.356122940168092, 42.645829696589864 ], [ 128.355833143071834, 42.643903312728241 ], [ 128.355278307312801, 42.643057641650721 ], [ 128.354101094710472, 42.642630735960488 ], [ 128.351492410888596, 42.642744893482835 ], [ 128.34627667253099, 42.642817382292584 ], [ 128.341064312862756, 42.642623094869101 ], [ 128.3384651632783, 42.642644077656584 ], [ 128.335950464596692, 42.642124985869195 ], [ 128.331194600410981, 42.640517962791911 ], [ 128.326284347119355, 42.639207318676 ], [ 128.321134796931915, 42.63858151042956 ], [ 128.315911328822949, 42.638575216706975 ], [ 128.313315609472227, 42.638774646961629 ], [ 128.310781529310475, 42.639231197967497 ], [ 128.308210971989865, 42.639550075995309 ], [ 128.305588791471507, 42.639636300386393 ], [ 128.30310813957567, 42.639109098913657 ], [ 128.30083932642242, 42.638118593936156 ], [ 128.292519039529964, 42.63346901103008 ], [ 128.290665668045392, 42.632115307809677 ], [ 128.289073622198629, 42.630576953162958 ], [ 128.287198685397072, 42.629267174787344 ], [ 128.284862859122541, 42.628359125540001 ], [ 128.282489577197765, 42.627540681676912 ], [ 128.28045413145972, 42.626374865527197 ], [ 128.276687694986435, 42.623691225639853 ], [ 128.272716114553504, 42.621188408767026 ], [ 128.268353666672198, 42.619076170943849 ], [ 128.264026454035957, 42.616934429929429 ], [ 128.261459886725646, 42.616598251304225 ], [ 128.258871552229948, 42.616670252817876 ], [ 128.257649049292809, 42.617042018235068 ], [ 128.256405049647242, 42.617259666863973 ], [ 128.253826806087545, 42.617553118116788 ], [ 128.248697345807244, 42.61826991949146 ], [ 128.247238227401283, 42.618329957892392 ], [ 128.247238227401283, 42.618329957892392 ], [ 128.245751880434597, 42.61631432285472 ], [ 128.243923575794298, 42.614449659399043 ], [ 128.242052507323592, 42.612632365342471 ], [ 128.239667590470162, 42.611124842625046 ], [ 128.238842903745336, 42.61015849319238 ], [ 128.23854704950503, 42.609023714759935 ], [ 128.239236488476536, 42.606771548244609 ], [ 128.239954843576072, 42.60575046749365 ], [ 128.240982387270776, 42.604921893624322 ], [ 128.242020081297426, 42.604024430196645 ], [ 128.24228125916656, 42.603470021221142 ], [ 128.24201652824874, 42.602947382391328 ], [ 128.241378115449749, 42.602600725420011 ], [ 128.240638602007522, 42.602483145826135 ], [ 128.238986282923889, 42.602379162951621 ], [ 128.238361227224175, 42.602124074732394 ], [ 128.238166947300101, 42.601637793356552 ], [ 128.238371477026135, 42.600366793402884 ], [ 128.2380860901375, 42.598112605172986 ], [ 128.237460556190769, 42.595845849988223 ], [ 128.236808538706612, 42.593583928168314 ], [ 128.235837281340139, 42.59140478049715 ], [ 128.235362581721347, 42.590309946828988 ], [ 128.235245550546097, 42.589155433898739 ], [ 128.235618729863859, 42.588042164239134 ], [ 128.236394218379701, 42.587041427352538 ], [ 128.236394218379701, 42.587041427352538 ], [ 128.237882234111595, 42.587348752862709 ], [ 128.240478715099073, 42.587522180630295 ], [ 128.243078950015189, 42.587343777094603 ], [ 128.245666553725471, 42.587140792010558 ], [ 128.248275133440899, 42.587207841770237 ], [ 128.253466744576343, 42.587557590236948 ], [ 128.255955160920479, 42.588153558491292 ], [ 128.257232588907556, 42.588323118582423 ], [ 128.258541239518422, 42.588178461397924 ], [ 128.260857289168172, 42.587273555464805 ], [ 128.261878558501735, 42.586696626290696 ], [ 128.262340613161911, 42.585801912558743 ], [ 128.262876721487402, 42.583827916383974 ], [ 128.263517226704096, 42.58306584578456 ], [ 128.264578902770779, 42.5825520154849 ], [ 128.267168908324095, 42.581862086289114 ], [ 128.269707622898096, 42.581533828569555 ], [ 128.274811010281098, 42.582326440027913 ], [ 128.277410585644475, 42.582365299105703 ], [ 128.279999688394952, 42.582109108756384 ], [ 128.282471937357343, 42.581507996681196 ], [ 128.285039976759663, 42.581196617656182 ], [ 128.290267514194824, 42.581200860461237 ], [ 128.292870527027787, 42.581317691663813 ], [ 128.295425874205193, 42.581698704056436 ], [ 128.300374478672779, 42.582916771238935 ], [ 128.305489523701311, 42.583645163024698 ], [ 128.310702179398334, 42.583735566886006 ], [ 128.315896856365129, 42.583416975013151 ], [ 128.321028834520661, 42.582730982252116 ], [ 128.326232526645811, 42.582537339024555 ], [ 128.328658645415999, 42.583213291408406 ], [ 128.330904655581577, 42.584196300154147 ], [ 128.332096210253042, 42.584585282441509 ], [ 128.333388986530167, 42.584683386721657 ], [ 128.33470922055011, 42.584698406928467 ], [ 128.335921122532852, 42.584404350973983 ], [ 128.338205527868325, 42.583469302847462 ], [ 128.339107651639722, 42.582763915878445 ], [ 128.340189893561956, 42.582253613681125 ], [ 128.342618425582572, 42.581517087465812 ], [ 128.344737185974736, 42.58041460269223 ], [ 128.345857591159046, 42.578676882508411 ], [ 128.346580021941406, 42.57787338789521 ], [ 128.347536648350427, 42.5772241137294 ], [ 128.348588864147729, 42.576626698117956 ], [ 128.349203558773326, 42.575829813306093 ], [ 128.349490752627702, 42.574864537213109 ], [ 128.350053655728971, 42.573974983762099 ], [ 128.35104309896272, 42.573362078057606 ], [ 128.352275706519094, 42.573040873567408 ], [ 128.353561256744257, 42.572781584119369 ], [ 128.354680379725124, 42.57231641897269 ], [ 128.356522619069779, 42.570949202028402 ], [ 128.358747083858958, 42.569947122036439 ], [ 128.360980034980429, 42.568933506224589 ], [ 128.362174820221469, 42.568590331151711 ], [ 128.363488849102197, 42.568538809839382 ], [ 128.366025758267398, 42.568996087791568 ], [ 128.36818559112848, 42.570075043301934 ], [ 128.372814337061783, 42.571841551198773 ], [ 128.375192398668105, 42.572632706849006 ], [ 128.377400451973358, 42.573655386699002 ], [ 128.379362421148215, 42.574924666067012 ], [ 128.380932606066438, 42.576457738527381 ], [ 128.382582278170617, 42.577970129027037 ], [ 128.383883230681136, 42.579615692081838 ], [ 128.384716867058728, 42.583425465508974 ], [ 128.385548405807782, 42.58417382947227 ], [ 128.386770638776966, 42.58449364446281 ], [ 128.388089204147605, 42.584375978121123 ], [ 128.389324476919569, 42.584049359756534 ], [ 128.391832359727204, 42.583567435870407 ], [ 128.394413525797773, 42.5838487562023 ], [ 128.396770434183679, 42.584677488742912 ], [ 128.398694002598319, 42.58598571499062 ], [ 128.400516938142175, 42.587373415470644 ], [ 128.402773242301947, 42.588310505174995 ], [ 128.4076951342999, 42.589587746953725 ], [ 128.410196911484547, 42.590148881562172 ], [ 128.414437674802741, 42.591996120047405 ] ], [ [ 128.366201697593112, 42.577788099703945 ], [ 128.371414017963502, 42.577192600936847 ], [ 128.374014435729038, 42.576983567299486 ], [ 128.375095668779551, 42.576360129618841 ], [ 128.375377679359644, 42.575923657579843 ], [ 128.375318343974499, 42.575465047901091 ], [ 128.373834362408616, 42.573814426804212 ], [ 128.371387803127163, 42.573096174822865 ], [ 128.369063628508485, 42.572181860383502 ], [ 128.367235650157539, 42.570775975653767 ], [ 128.36626548832777, 42.570126523128003 ], [ 128.365087942183322, 42.569665469232113 ], [ 128.363764063840193, 42.569454060683668 ], [ 128.362628035551637, 42.569855829348512 ], [ 128.36081557832668, 42.57132960837923 ], [ 128.359549503866958, 42.573029907878272 ], [ 128.359465335529052, 42.573996950677767 ], [ 128.35980003809405, 42.574952054338816 ], [ 128.360405836159828, 42.575832128233031 ], [ 128.361261494752739, 42.576573220789392 ], [ 128.362353389382776, 42.577127154960884 ], [ 128.36359194264702, 42.577490322560664 ], [ 128.366201697593112, 42.577788099703945 ] ] ] ] } },
{ "type": "Feature", "properties": { "DSN": "长财组未分                              ", "DSO": "J↓3→c             ", "DSO_TXT": "J3c", "CHFCAC": "K5215D01D00119", "SHEET": "K5215" }, "geometry": { "type": "MultiPolygon", "coordinates": [ [ [ [ 128.231700776696499, 42.608264408598842 ], [ 128.232968653258524, 42.608423235008161 ], [ 128.234077525513726, 42.608947025156596 ], [ 128.235005122986507, 42.609614383481457 ], [ 128.235573877232525, 42.610478284078894 ], [ 128.236082571823033, 42.611368059148433 ], [ 128.237395166919782, 42.61230945900784 ], [ 128.238922713683365, 42.612718936157819 ], [ 128.240139373454411, 42.613692932549071 ], [ 128.240925059835718, 42.614861922411073 ], [ 128.241943378105731, 42.616299564209442 ], [ 128.242837178615531, 42.617104099671465 ], [ 128.243821375343941, 42.61764303138213 ], [ 128.247238227401283, 42.618329957892392 ], [ 128.247238227401283, 42.618329957892392 ], [ 128.245751880434597, 42.61631432285472 ], [ 128.243923575794298, 42.614449659399043 ], [ 128.242052507323592, 42.612632365342471 ], [ 128.239667590470162, 42.611124842625046 ], [ 128.238842903745336, 42.61015849319238 ], [ 128.23854704950503, 42.609023714759935 ], [ 128.239236488476536, 42.606771548244609 ], [ 128.239954843576072, 42.60575046749365 ], [ 128.240982387270776, 42.604921893624322 ], [ 128.242020081297426, 42.604024430196645 ], [ 128.24228125916656, 42.603470021221142 ], [ 128.24201652824874, 42.602947382391328 ], [ 128.241378115449749, 42.602600725420011 ], [ 128.240638602007522, 42.602483145826135 ], [ 128.238986282923889, 42.602379162951621 ], [ 128.238361227224175, 42.602124074732394 ], [ 128.238166947300101, 42.601637793356552 ], [ 128.238371477026135, 42.600366793402884 ], [ 128.2380860901375, 42.598112605172986 ], [ 128.237460556190769, 42.595845849988223 ], [ 128.236808538706612, 42.593583928168314 ], [ 128.235837281340139, 42.59140478049715 ], [ 128.235362581721347, 42.590309946828988 ], [ 128.235245550546097, 42.589155433898739 ], [ 128.235618729863859, 42.588042164239134 ], [ 128.236394218379701, 42.587041427352538 ], [ 128.236394218379701, 42.587041427352538 ], [ 128.232684699124093, 42.587005352167942 ], [ 128.231360438281513, 42.587102615507874 ], [ 128.230152631683353, 42.587401508695145 ], [ 128.228418100346886, 42.588499019632131 ], [ 128.228418100346886, 42.588499019632131 ], [ 128.230934441792812, 42.590492056789074 ], [ 128.23287573467465, 42.592822506621083 ], [ 128.234571657166953, 42.595247527244211 ], [ 128.235744899243571, 42.597842258804938 ], [ 128.235947410840538, 42.599198984747943 ], [ 128.235834333766178, 42.600564967093518 ], [ 128.234766137090531, 42.603176127423772 ], [ 128.233092344261451, 42.605611357093998 ], [ 128.23169977666862, 42.608264408607688 ], [ 128.231700776696499, 42.608264408598842 ] ] ] ] } },
{ "type": "Feature", "properties": { "DSN": "I级阶地                                 ", "DSO": "Q↓4↑2             ", "DSO_TXT": "Q4-2", "CHFCAC": "K5215D01D00120", "SHEET": "K5215" }, "geometry": { "type": "MultiPolygon", "coordinates": [ [ [ [ 128.063165174615733, 42.639838938410598 ], [ 128.06526017624023, 42.641055938210052 ], [ 128.066533129447095, 42.641384989460313 ], [ 128.067884391863799, 42.641422577368331 ], [ 128.069168941330105, 42.641119932439068 ], [ 128.070208519821108, 42.640494185760836 ], [ 128.071918477012417, 42.639003093921346 ], [ 128.073161568676511, 42.638592101452112 ], [ 128.074215120681259, 42.638052653328629 ], [ 128.074746586504006, 42.637160787899994 ], [ 128.074841015712082, 42.636094215832699 ], [ 128.074166320492566, 42.634093831639007 ], [ 128.072738536008472, 42.632540827661593 ], [ 128.070996172542408, 42.631136796921744 ], [ 128.070168273474621, 42.630117939426754 ], [ 128.069890505830728, 42.629574657903412 ], [ 128.069886413707735, 42.629188305121481 ], [ 128.070273086308191, 42.62908419548819 ], [ 128.070950892077576, 42.629212003251311 ], [ 128.072449022861463, 42.629681532843556 ], [ 128.073681339122885, 42.630003852093026 ], [ 128.074952893564017, 42.630085964004941 ], [ 128.076271255605803, 42.62985030836802 ], [ 128.077302685944943, 42.629238882715214 ], [ 128.078566772108644, 42.627464829463698 ], [ 128.07903892884201, 42.625540774689675 ], [ 128.07895646348527, 42.623569621419122 ], [ 128.07895646348527, 42.623569621419122 ], [ 128.07960047034166, 42.624790726713542 ], [ 128.080060388476141, 42.626381582394544 ], [ 128.08016659557083, 42.628016364443148 ], [ 128.080219862501053, 42.629643509625517 ], [ 128.080692221003943, 42.631197586386143 ], [ 128.082313006157278, 42.634271666084004 ], [ 128.082657411267178, 42.635883534819712 ], [ 128.082321116846146, 42.63750801947068 ], [ 128.081141336912509, 42.638877464153843 ], [ 128.079202906995278, 42.639595925749163 ], [ 128.074792799465598, 42.640197871742629 ], [ 128.072735021832415, 42.640710930988384 ], [ 128.070829487486066, 42.641538565337839 ], [ 128.067344874753047, 42.643481584119449 ], [ 128.066302599330527, 42.643886138064843 ], [ 128.065256032278086, 42.64388098401048 ], [ 128.06453809897809, 42.64325821678338 ], [ 128.064274039906138, 42.642467616312508 ], [ 128.063165174615733, 42.639838938410598 ] ] ] ] } },
{ "type": "Feature", "properties": { "DSN": "大拉子组上段                            ", "DSO": "K↓1→d↑2          ", "DSO_TXT": "K1d-2", "CHFCAC": "K5215D01D00121", "SHEET": "K5215" }, "geometry": { "type": "MultiPolygon", "coordinates": [ [ [ [ 128.12304899937385, 42.655656841322283 ], [ 128.123049242240995, 42.655657148789871 ], [ 128.123049999401786, 42.655656841313458 ], [ 128.12304899937385, 42.655656841322283 ] ] ], [ [ [ 128.121356904107529, 42.658523919557048 ], [ 128.125616883479637, 42.658907759273731 ], [ 128.123049242240995, 42.655657148789871 ], [ 128.12067832725333, 42.656619956739434 ], [ 128.117988764254733, 42.657527994850305 ], [ 128.121356904107529, 42.658523919557048 ] ] ], [ [ [ 128.125616883479637, 42.658907759273731 ], [ 128.125616960115366, 42.658907856293887 ], [ 128.12561796014333, 42.658907856285069 ], [ 128.125616883479637, 42.658907759273731 ] ] ] ] } },
{ "type": "Feature", "properties": { "DSN": "军舰山玄武岩                            ", "DSO": "βQ↓1              ", "DSO_TXT": "βQ1", "CHFCAC": "K5215D01D00122", "SHEET": "K5215" }, "geometry": { "type": "MultiPolygon", "coordinates": [ [ [ [ 128.0299774344833, 42.649272038296374 ], [ 128.029928134315412, 42.650110557019445 ], [ 128.02937311897449, 42.651081501359094 ], [ 128.028499262508319, 42.651908613410505 ], [ 128.025871584456326, 42.652477717583139 ], [ 128.023772070568043, 42.654048792200442 ], [ 128.02254920388782, 42.65456466763785 ], [ 128.021137192492603, 42.654539709852159 ], [ 128.020101476595784, 42.653856354829486 ], [ 128.019781132961015, 42.652605721485635 ], [ 128.019781132961015, 42.652605721485635 ], [ 128.020173950932758, 42.65073289520106 ], [ 128.020173950932758, 42.65073289520106 ], [ 128.019573895819491, 42.64866632492015 ], [ 128.019452953204961, 42.647942803336122 ], [ 128.019452953204961, 42.647942803336122 ], [ 128.019912468599756, 42.646649943645073 ], [ 128.019957840453429, 42.645608063638697 ], [ 128.019337599474113, 42.644673888030006 ], [ 128.019057300790564, 42.643900474538206 ], [ 128.019436488354842, 42.643258839788892 ], [ 128.020044835167624, 42.64248342812791 ], [ 128.02066430418148, 42.640687558195005 ], [ 128.020461312322738, 42.639573940830985 ], [ 128.020701424448475, 42.639144214323515 ], [ 128.021409142034855, 42.639053605048922 ], [ 128.022431736708455, 42.639747282211758 ], [ 128.022655342028685, 42.64022795737236 ], [ 128.022541591316127, 42.640745557227021 ], [ 128.022418753716408, 42.641773657271997 ], [ 128.022843227584133, 42.642779958859322 ], [ 128.022535736815087, 42.643786610550777 ], [ 128.021825944937802, 42.644701835703486 ], [ 128.021607514611617, 42.64571963961663 ], [ 128.02177520241068, 42.646757210941281 ], [ 128.022209040493266, 42.647738052221122 ], [ 128.022929549197784, 42.648656748413543 ], [ 128.02404439151664, 42.64927287980889 ], [ 128.025448393902025, 42.649347594159167 ], [ 128.026079548667695, 42.649200229756111 ], [ 128.026129968912301, 42.648649831379423 ], [ 128.025841557367556, 42.647644958861783 ], [ 128.025509115275071, 42.646620197193926 ], [ 128.02559057432191, 42.645583542772215 ], [ 128.027020970257212, 42.643820557308324 ], [ 128.027061347913502, 42.641708554219555 ], [ 128.027679725688472, 42.639867158391709 ], [ 128.0290810017664, 42.639083480493461 ], [ 128.030481538988539, 42.63889216169801 ], [ 128.033275278137182, 42.638998058231991 ], [ 128.03464345450061, 42.638689818663067 ], [ 128.035359739508124, 42.638737457224572 ], [ 128.03575018100463, 42.639145115296202 ], [ 128.035446059188871, 42.639626537866206 ], [ 128.034900064778043, 42.639986325821056 ], [ 128.033729531719814, 42.640553443728201 ], [ 128.032868138674331, 42.641362414390244 ], [ 128.032414077039078, 42.642355033216049 ], [ 128.03198549985899, 42.643328970012178 ], [ 128.032276168544627, 42.644370657204242 ], [ 128.03250253479473, 42.645387414350878 ], [ 128.032163538479551, 42.646402524658079 ], [ 128.030564565618874, 42.648124680627973 ], [ 128.0299774344833, 42.649272038296374 ] ] ] ] } },
{ "type": "Feature", "properties": { "DSN": "屯田营组上段                            ", "DSO": "J↓2→t↑2          ", "DSO_TXT": "J2t-2", "CHFCAC": "K5215D01D00123", "SHEET": "K5215" }, "geometry": { "type": "MultiPolygon", "coordinates": [ [ [ [ 128.551702195453089, 42.21171640845477 ], [ 128.550773016663157, 42.209916858244782 ], [ 128.549511441774058, 42.208269153426137 ], [ 128.548957423859406, 42.207372186569373 ], [ 128.548912485722667, 42.206411436097873 ], [ 128.54961258009746, 42.205610186558673 ], [ 128.550718516659629, 42.205119311622255 ], [ 128.553205444761375, 42.204535527157823 ], [ 128.554288272512167, 42.204038651016781 ], [ 128.55508771308547, 42.203274783507595 ], [ 128.555549375380934, 42.202373226772309 ], [ 128.555719943083062, 42.201416642029855 ], [ 128.555539450004005, 42.199497863725512 ], [ 128.555228531295569, 42.197595947746343 ], [ 128.553924889346632, 42.195100095487156 ], [ 128.551274520741913, 42.192761934594429 ], [ 128.550740130213313, 42.191889970532763 ], [ 128.55048103843248, 42.190945234553361 ], [ 128.550476336829576, 42.189959839248829 ], [ 128.550019019919745, 42.188999766835089 ], [ 128.54897621418138, 42.188277937235569 ], [ 128.547595138896014, 42.187461158075081 ], [ 128.545960671869182, 42.186986617222985 ], [ 128.543705615631353, 42.185354977324174 ], [ 128.542704533256, 42.184133981952634 ], [ 128.541912670940746, 42.182043584757345 ], [ 128.540710035478156, 42.180362592091129 ], [ 128.539720729945657, 42.179748361612361 ], [ 128.539064252093993, 42.17967794862448 ], [ 128.537948049678988, 42.180033266260928 ], [ 128.536595930363148, 42.181182417665681 ], [ 128.536068452907557, 42.182090214580967 ], [ 128.536127264944668, 42.183038986442348 ], [ 128.53627476620008, 42.18504433113074 ], [ 128.536216083420726, 42.186836267881432 ], [ 128.536615610164318, 42.188740169929595 ], [ 128.536492305732907, 42.189757248101202 ], [ 128.536149717659413, 42.190660823551688 ], [ 128.535640039015192, 42.191438899656319 ], [ 128.535208687767096, 42.192716586540669 ], [ 128.535286743056957, 42.193528246920401 ], [ 128.535888117721242, 42.194245370220216 ], [ 128.536464670411505, 42.195095764512558 ], [ 128.536517978459017, 42.19605251393557 ], [ 128.53610467901305, 42.196369449276816 ], [ 128.535464937804107, 42.196550628488765 ], [ 128.534065826649368, 42.19678984001257 ], [ 128.532832670994708, 42.197101608508426 ], [ 128.531938449986626, 42.197683840719591 ], [ 128.531464473435506, 42.19858646183939 ], [ 128.531318270520273, 42.199583866146028 ], [ 128.531100591495345, 42.200509852304315 ], [ 128.530352107388609, 42.201268199498088 ], [ 128.528264524660472, 42.202444019286517 ], [ 128.527440845501815, 42.203144660545185 ], [ 128.526863502350778, 42.204008072100727 ], [ 128.525974187066737, 42.205814670055837 ], [ 128.525542335355368, 42.20769536346225 ], [ 128.523858338195311, 42.209173528666433 ], [ 128.52178869272592, 42.210272992413699 ], [ 128.51928961440214, 42.210710982584764 ], [ 128.516651434144762, 42.210808970425255 ], [ 128.511516468410974, 42.210923811811071 ], [ 128.507144615420628, 42.211374187748241 ], [ 128.507143615393005, 42.211374187757073 ], [ 128.509770856260474, 42.21220103622683 ], [ 128.51254778748276, 42.212682482894017 ], [ 128.515401309065936, 42.212742629088105 ], [ 128.518115249651714, 42.213399243935783 ], [ 128.520784484638085, 42.214195691584095 ], [ 128.522151739353347, 42.214490247888286 ], [ 128.523561748564134, 42.214494057618445 ], [ 128.526354333577672, 42.21397713991874 ], [ 128.529194706974295, 42.21384946841512 ], [ 128.531934783575537, 42.213249006506366 ], [ 128.53476535382606, 42.212952483989625 ], [ 128.540467590891438, 42.212903962865923 ], [ 128.54328510067279, 42.212599229179716 ], [ 128.54599265176023, 42.211955043376733 ], [ 128.551701195425494, 42.211716408463616 ], [ 128.551702195453089, 42.21171640845477 ] ] ] ] } },
{ "type": "Feature", "properties": { "DSN": "屯田营组上段                            ", "DSO": "J↓2→t↑2          ", "DSO_TXT": "J2t-2", "CHFCAC": "K5215D01D00124", "SHEET": "K5215" }, "geometry": { "type": "MultiPolygon", "coordinates": [ [ [ [ 128.584465167791336, 42.201742468241932 ], [ 128.584104042151921, 42.199453035002115 ], [ 128.583029105625911, 42.198334599368394 ], [ 128.581721024638341, 42.198353121183651 ], [ 128.580503423223632, 42.198701878832495 ], [ 128.579645710190164, 42.199391847437219 ], [ 128.578026045677404, 42.201559539001444 ], [ 128.578026045677404, 42.201559539001444 ], [ 128.581262063803649, 42.201480534396651 ], [ 128.584465167791336, 42.201742468241932 ] ] ] ] } },
{ "type": "Feature", "properties": { "DSN": "长财组未分                              ", "DSO": "J↓3→c             ", "DSO_TXT": "J3c", "CHFCAC": "K5215D01D00125", "SHEET": "K5215" }, "geometry": { "type": "MultiPolygon", "coordinates": [ [ [ [ 128.474752249887842, 42.192316540418531 ], [ 128.472799142425885, 42.192155278333423 ], [ 128.471350926858264, 42.191633025228931 ], [ 128.468666779741312, 42.190297023308474 ], [ 128.467090478455475, 42.190055238376551 ], [ 128.466335531628687, 42.190282795125682 ], [ 128.465792311789386, 42.19072940677313 ], [ 128.465460675267991, 42.191908678148287 ], [ 128.465862643563469, 42.193060026678566 ], [ 128.466198358117367, 42.194291258635097 ], [ 128.465963412115258, 42.194835539694665 ], [ 128.465368329173714, 42.195238859970928 ], [ 128.464272169436157, 42.19614012341264 ], [ 128.464024887856255, 42.197325308225189 ], [ 128.464758090061821, 42.198389453561006 ], [ 128.465867928157934, 42.199279140707809 ], [ 128.468472483463955, 42.201164885437251 ], [ 128.468472483463955, 42.201164885437251 ], [ 128.46906035253474, 42.201620636325657 ], [ 128.469468865969475, 42.202245257499079 ], [ 128.470272432590718, 42.203450533751308 ], [ 128.470099259138152, 42.204119854675369 ], [ 128.470099259138152, 42.204119854675369 ], [ 128.471576542758726, 42.203864625797245 ], [ 128.472856322216899, 42.203662100821596 ], [ 128.475299170777731, 42.203017880164118 ], [ 128.477592049984452, 42.20211482049956 ], [ 128.479735080170826, 42.201025628603965 ], [ 128.48165565881061, 42.199731757707646 ], [ 128.483138093369291, 42.198144435935532 ], [ 128.485599450660374, 42.19475192397497 ], [ 128.485599450660374, 42.19475192397497 ], [ 128.481400117465114, 42.194469640421651 ], [ 128.477932912735184, 42.193635753625415 ], [ 128.474752249887842, 42.192316540418531 ] ] ] ] } },
{ "type": "Feature", "properties": { "DSN": "土门子组                                ", "DSO": "Nt                  ", "DSO_TXT": "Nt", "CHFCAC": "K5215D01D00126", "SHEET": "K5215" }, "geometry": { "type": "MultiPolygon", "coordinates": [ [ [ [ 128.474752249887842, 42.192316540418531 ], [ 128.468750214340304, 42.189248909977351 ], [ 128.465584651602256, 42.187903476412899 ], [ 128.463952441500282, 42.187353929380343 ], [ 128.462086579857271, 42.187094785857852 ], [ 128.461360520950535, 42.187429700356901 ], [ 128.460993646294952, 42.188077830528719 ], [ 128.460998658361348, 42.189430632310483 ], [ 128.461347458432954, 42.190758087075579 ], [ 128.461994004775192, 42.192025219296589 ], [ 128.462304056184536, 42.193357748692677 ], [ 128.462145534528048, 42.194028384115072 ], [ 128.461681984550637, 42.194612715656874 ], [ 128.460128062859553, 42.195309006808301 ], [ 128.458414930763894, 42.195756291738739 ], [ 128.457672743295973, 42.196223360059065 ], [ 128.457517827402683, 42.196844047267746 ], [ 128.458446555889481, 42.198064535764864 ], [ 128.459926396598775, 42.198786682032967 ], [ 128.461584433228353, 42.199365131146301 ], [ 128.464928220737676, 42.200416345186234 ], [ 128.466612884436501, 42.200870226728959 ], [ 128.468472483463955, 42.201164885437251 ], [ 128.468472483463955, 42.201164885437251 ], [ 128.465867928157934, 42.199279140707809 ], [ 128.464758090061821, 42.198389453561006 ], [ 128.464024887856255, 42.197325308225189 ], [ 128.464272169436157, 42.19614012341264 ], [ 128.465368329173714, 42.195238859970928 ], [ 128.465963412115258, 42.194835539694665 ], [ 128.466198358117367, 42.194291258635097 ], [ 128.465862643563469, 42.193060026678566 ], [ 128.465460675267991, 42.191908678148287 ], [ 128.465792311789386, 42.19072940677313 ], [ 128.466335531628687, 42.190282795125682 ], [ 128.467090478455475, 42.190055238376551 ], [ 128.468666779741312, 42.190297023308474 ], [ 128.471350926858264, 42.191633025228931 ], [ 128.472799142425885, 42.192155278333423 ], [ 128.474752249887842, 42.192316540418531 ] ] ] ] } },
{ "type": "Feature", "properties": { "DSN": "土门子组                                ", "DSO": "Nt                  ", "DSO_TXT": "Nt", "CHFCAC": "K5215D01D00127", "SHEET": "K5215" }, "geometry": { "type": "MultiPolygon", "coordinates": [ [ [ [ 128.491676542871573, 42.113630535387927 ], [ 128.49070427302064, 42.114458950944019 ], [ 128.488539135286402, 42.115880881055794 ], [ 128.486460559925035, 42.117374880729315 ], [ 128.485772296716817, 42.118327294395613 ], [ 128.485655402566096, 42.119409126212886 ], [ 128.486394201782616, 42.120310194722684 ], [ 128.487567864142136, 42.120966232768502 ], [ 128.4896421437507, 42.122454543573284 ], [ 128.491290031105137, 42.124215563891411 ], [ 128.491852932393527, 42.126331437397589 ], [ 128.492250066999333, 42.127367283445686 ], [ 128.493006158023832, 42.128298436461741 ], [ 128.493855964308466, 42.129171562686885 ], [ 128.493949788802695, 42.130245139316116 ], [ 128.493274005477588, 42.131200465343881 ], [ 128.492255332261408, 42.131983910497816 ], [ 128.49179650270159, 42.132982662766715 ], [ 128.491627049699787, 42.134057865939937 ], [ 128.490845832192093, 42.135027331115332 ], [ 128.490201033375939, 42.135135502336247 ], [ 128.489572665236949, 42.134825192873194 ], [ 128.487940158858038, 42.13306592296432 ], [ 128.487045928954814, 42.132224026290025 ], [ 128.48587022605048, 42.131577433188312 ], [ 128.483273214738432, 42.130598537149602 ], [ 128.482108193014056, 42.129974968521289 ], [ 128.481398082892014, 42.129040170727045 ], [ 128.480591424993008, 42.128111723177376 ], [ 128.479413610517781, 42.127526613028628 ], [ 128.478046038443892, 42.127151120791218 ], [ 128.47692700390229, 42.126470479670218 ], [ 128.475100455851532, 42.124785263150017 ], [ 128.474019870649755, 42.124083161811598 ], [ 128.472635579008681, 42.123801944051948 ], [ 128.471121271846158, 42.123858133238706 ], [ 128.469835979759523, 42.124295221329476 ], [ 128.468419325413038, 42.126194464387119 ], [ 128.467615852424899, 42.128252293377749 ], [ 128.467581168716265, 42.130407241370527 ], [ 128.468023824831732, 42.1325366801047 ], [ 128.468023824831732, 42.1325366801047 ], [ 128.466367087363778, 42.129852342845993 ], [ 128.465933538936611, 42.128537114053763 ], [ 128.465797832537078, 42.127186601639188 ], [ 128.465891805347525, 42.125833545247232 ], [ 128.466599133570099, 42.124579900964775 ], [ 128.469003033306933, 42.122540960997682 ], [ 128.469701235886959, 42.121294108702969 ], [ 128.471135566922669, 42.120463599635087 ], [ 128.472910782932985, 42.120128382084431 ], [ 128.474683825558344, 42.120383457239377 ], [ 128.475943767855682, 42.121358262246417 ], [ 128.476383459095189, 42.122668122651298 ], [ 128.47754542831342, 42.123711199026573 ], [ 128.479207133543923, 42.124272699156592 ], [ 128.48083122616768, 42.124880516774518 ], [ 128.48208583229632, 42.125855869863116 ], [ 128.483190215929881, 42.126933018689819 ], [ 128.48467643294029, 42.12771003517642 ], [ 128.486201363747455, 42.128416988612443 ], [ 128.487326183186696, 42.129485224607791 ], [ 128.488066336752041, 42.12988348491438 ], [ 128.488961660641024, 42.129770900347218 ], [ 128.489536121651611, 42.129213715706399 ], [ 128.489476508465629, 42.128551662852857 ], [ 128.488293968851565, 42.126000443318148 ], [ 128.487304312306691, 42.124877515423741 ], [ 128.485765389007867, 42.124111891293794 ], [ 128.485007843337826, 42.123736160224219 ], [ 128.484530307793364, 42.123182874132048 ], [ 128.483865986667098, 42.121905163479909 ], [ 128.482831958939954, 42.120798287542414 ], [ 128.48141335561715, 42.119956840943672 ], [ 128.480120086935528, 42.118978776574842 ], [ 128.47985971000324, 42.118345678519013 ], [ 128.480174124879881, 42.117689154157183 ], [ 128.480898524422486, 42.117277415953716 ], [ 128.48179743680285, 42.117079290075864 ], [ 128.483583013858606, 42.116840595605588 ], [ 128.485235905495585, 42.116268642457641 ], [ 128.486642170241112, 42.115407322591871 ], [ 128.487848361601692, 42.114391866603441 ], [ 128.488635618112568, 42.113167027921854 ], [ 128.48865547402059, 42.111814014013703 ], [ 128.489035495769372, 42.110488587407502 ], [ 128.48922736524176, 42.105086393093231 ], [ 128.490203341895722, 42.102472472851133 ], [ 128.490757553078083, 42.101185336225434 ], [ 128.491078102975877, 42.100534217911616 ], [ 128.491665826807775, 42.100043729597168 ], [ 128.492547119646417, 42.099815138610872 ], [ 128.493459908150044, 42.09981464388305 ], [ 128.493459908150044, 42.09981464388305 ], [ 128.492039616372551, 42.101868423200294 ], [ 128.491543859503082, 42.10399395585447 ], [ 128.491234275011152, 42.106136988137727 ], [ 128.491379871573514, 42.108290936613017 ], [ 128.491445527666997, 42.110424756686349 ], [ 128.491862117215987, 42.112622585562747 ], [ 128.491676542871573, 42.113630535387927 ] ] ] ] } },
{ "type": "Feature", "properties": { "DSN": "土门子组                                ", "DSO": "Nt                  ", "DSO_TXT": "Nt", "CHFCAC": "K5215D01D00128", "SHEET": "K5215" }, "geometry": { "type": "MultiPolygon", "coordinates": [ [ [ [ 128.53496884157309, 42.090926923941304 ], [ 128.53497008584344, 42.090927510992323 ], [ 128.534969841600656, 42.090926923932471 ], [ 128.53496884157309, 42.090926923941304 ] ] ], [ [ [ 128.543063841366973, 42.110640304767244 ], [ 128.542855159812973, 42.108959881917905 ], [ 128.543241138443875, 42.107259000856374 ], [ 128.543038895616604, 42.106146505282844 ], [ 128.542086063376047, 42.105368118358584 ], [ 128.540744905038508, 42.104668111469188 ], [ 128.539379288166316, 42.104181451070126 ], [ 128.53826757629929, 42.103454292680354 ], [ 128.537374820292541, 42.102509551087685 ], [ 128.536801220428089, 42.101474631263891 ], [ 128.536940886702212, 42.10034819031123 ], [ 128.537664726411009, 42.099354295109016 ], [ 128.539704932585892, 42.097969053745402 ], [ 128.540464935825014, 42.097535207740926 ], [ 128.540929180942555, 42.096850541035607 ], [ 128.541020577235344, 42.095945926740555 ], [ 128.541110972020078, 42.095041313132839 ], [ 128.541016664182337, 42.093546747510864 ], [ 128.540374530622813, 42.092354648811963 ], [ 128.539416374083743, 42.091757884661746 ], [ 128.536440114649025, 42.091621075626414 ], [ 128.53497008584344, 42.090927510992323 ], [ 128.535502168090346, 42.092206419332555 ], [ 128.537024731478908, 42.093619261159162 ], [ 128.537554315915315, 42.094415359178591 ], [ 128.537701746478348, 42.095306966609563 ], [ 128.537031379297844, 42.097023798300789 ], [ 128.534153419104683, 42.099887872893014 ], [ 128.533298478990588, 42.101566474232804 ], [ 128.533317768459426, 42.103368358267872 ], [ 128.534205611851007, 42.1050290998568 ], [ 128.535681593514738, 42.106443366440956 ], [ 128.539142947396556, 42.108931290585417 ], [ 128.540815414820003, 42.110216770486829 ], [ 128.542258997328418, 42.111649726111352 ], [ 128.543260108886841, 42.113274689834803 ], [ 128.543946847585659, 42.114793458322268 ], [ 128.543947847613225, 42.114793458313436 ], [ 128.543753507772635, 42.112645753019279 ], [ 128.543063841366973, 42.110640304767244 ] ] ] ] } },
{ "type": "Feature", "properties": { "DSN": "屯田营组下段                            ", "DSO": "J↓2→t↑1          ", "DSO_TXT": "J2t-1", "CHFCAC": "K5215D01D00129", "SHEET": "K5215" }, "geometry": { "type": "MultiPolygon", "coordinates": [ [ [ [ 128.214052756012507, 42.305772798425963 ], [ 128.213944288971618, 42.306727216806429 ], [ 128.213208316211194, 42.309070563368863 ], [ 128.212123624043301, 42.311339544993125 ], [ 128.210109822592727, 42.313217773104107 ], [ 128.20826218334534, 42.315210853348312 ], [ 128.207807179842575, 42.316390599347656 ], [ 128.208149311057554, 42.317546525930915 ], [ 128.209242499477597, 42.318445768145018 ], [ 128.210706640634157, 42.318971625770423 ], [ 128.212310933128975, 42.319116332690811 ], [ 128.213832703912317, 42.318712251546522 ], [ 128.214996449960552, 42.317863438932768 ], [ 128.215771907135235, 42.316803461364692 ], [ 128.21672137231792, 42.314510638284567 ], [ 128.21725758823473, 42.312091476565556 ], [ 128.217833942111042, 42.31100341759052 ], [ 128.218954956975779, 42.31013744703273 ], [ 128.21991963257193, 42.309166277409091 ], [ 128.220623167570039, 42.308081719235368 ], [ 128.220623167570039, 42.308081719235368 ], [ 128.218402589034781, 42.306951190627885 ], [ 128.216299549784765, 42.306240678796058 ], [ 128.214052756012507, 42.305772798425963 ] ] ] ] } },
{ "type": "Feature", "properties": { "DSN": "张广才岭玄武岩                          ", "DSO": "βN                 ", "DSO_TXT": "βN", "CHFCAC": "K5215D01D00130", "SHEET": "K5215" }, "geometry": { "type": "MultiPolygon", "coordinates": [ [ [ [ 128.346105180334717, 42.246376345326631 ], [ 128.347174814952211, 42.244128115751948 ], [ 128.347876047773127, 42.241752992280553 ], [ 128.348236092984649, 42.239374478473302 ], [ 128.347706761746423, 42.237007283965937 ], [ 128.346725962774173, 42.232249855617503 ], [ 128.346540643786227, 42.229841721056637 ], [ 128.347283104607669, 42.227522880017034 ], [ 128.348257175124843, 42.225200740027823 ], [ 128.348454754517832, 42.224014678238213 ], [ 128.348320609071152, 42.222822518398758 ], [ 128.34730685708422, 42.220515304003818 ], [ 128.345746777842947, 42.218411602701856 ], [ 128.342208753306096, 42.214389891553182 ], [ 128.34033379780746, 42.212425458032442 ], [ 128.337906058929377, 42.210845454526215 ], [ 128.335152872395781, 42.20957345339486 ], [ 128.3327131931662, 42.20801446813573 ], [ 128.330376156220723, 42.206316779178636 ], [ 128.329015922196049, 42.205700902705267 ], [ 128.327466857591304, 42.205363822630311 ], [ 128.324163287937125, 42.20532203836062 ], [ 128.320953319794, 42.205631213996277 ], [ 128.317744316679779, 42.205540923334105 ], [ 128.314670385628915, 42.204756488036779 ], [ 128.311701788093416, 42.203816487731999 ], [ 128.308506088236243, 42.203495414272631 ], [ 128.302022120002903, 42.203441407966487 ], [ 128.298862082310308, 42.203014476382613 ], [ 128.295827304287968, 42.202154044481254 ], [ 128.29294208346144, 42.201076517679461 ], [ 128.29169827321536, 42.200299187432627 ], [ 128.290707979185157, 42.199355482421026 ], [ 128.288889544001989, 42.197355303837035 ], [ 128.287734232271475, 42.1965100732792 ], [ 128.286366872164876, 42.195859721511596 ], [ 128.284834611091327, 42.195456946246409 ], [ 128.283220204434173, 42.195335854481165 ], [ 128.280046988578249, 42.195781383454815 ], [ 128.273749776252117, 42.19687324513567 ], [ 128.270590699056783, 42.197343849877377 ], [ 128.267349385742847, 42.197273766096721 ], [ 128.26411066928361, 42.197256092462354 ], [ 128.260969278806471, 42.197755951153106 ], [ 128.255053863964946, 42.199765064728929 ], [ 128.251940794683463, 42.20037752966963 ], [ 128.248868109205404, 42.201171811714509 ], [ 128.247536819168118, 42.201845116350057 ], [ 128.246403347942817, 42.202697701719806 ], [ 128.244143238578317, 42.204438020109016 ], [ 128.24144141683044, 42.20573725741685 ], [ 128.238583291505989, 42.206863537584105 ], [ 128.233491103028456, 42.209862376603233 ], [ 128.230828498015626, 42.211193671039446 ], [ 128.227830088325675, 42.212090223182315 ], [ 128.221862628801432, 42.213958857596481 ], [ 128.218990066966484, 42.215064723154569 ], [ 128.216363334846392, 42.216461968767696 ], [ 128.215365902441306, 42.21742196898925 ], [ 128.214941262261391, 42.21857946980429 ], [ 128.215301813116497, 42.21974893756456 ], [ 128.216233795547311, 42.220739989262299 ], [ 128.218542335005566, 42.222423365975445 ], [ 128.221363070608191, 42.223609217543405 ], [ 128.224519601413931, 42.224126900401167 ], [ 128.227751313582019, 42.224298705106435 ], [ 128.22934122523688, 42.224522791072097 ], [ 128.230846547751952, 42.224967208435082 ], [ 128.232171042746444, 42.225648004584649 ], [ 128.233306096468795, 42.226530897216016 ], [ 128.233975049638957, 42.227616934392124 ], [ 128.233878242352688, 42.228228018583479 ], [ 128.233495016174601, 42.228756204371969 ], [ 128.230737234837335, 42.230073279978726 ], [ 128.228410748002375, 42.231713787213614 ], [ 128.226959693389887, 42.233867806617077 ], [ 128.226133231963246, 42.236193552421319 ], [ 128.224957168182954, 42.238434410929599 ], [ 128.223947567431935, 42.239372392597758 ], [ 128.222576772618851, 42.240013735617993 ], [ 128.221117133017771, 42.240535667781458 ], [ 128.22071962651458, 42.241074597639702 ], [ 128.220780181148371, 42.241669681769991 ], [ 128.221838599696298, 42.242594104779577 ], [ 128.223232157774049, 42.243212756717448 ], [ 128.226231740006, 42.244141052286189 ], [ 128.231800845028602, 42.246592396621274 ], [ 128.234291305342765, 42.248104528492568 ], [ 128.236405514710498, 42.249929903952051 ], [ 128.244459579932283, 42.257476158937784 ], [ 128.246347937364135, 42.259461336798289 ], [ 128.247835600447019, 42.261580048651439 ], [ 128.248315206519948, 42.262719876788182 ], [ 128.248483420294122, 42.263941119777549 ], [ 128.24801828053711, 42.265071605894427 ], [ 128.246860361319477, 42.265931509382135 ], [ 128.245469579536007, 42.266549589943025 ], [ 128.243931454625596, 42.266898854972951 ], [ 128.240690464007997, 42.267123007513518 ], [ 128.23422177322351, 42.266975139072933 ], [ 128.230989647298259, 42.267024610186638 ], [ 128.227801274966509, 42.267459174907813 ], [ 128.224740292621959, 42.268257850744661 ], [ 128.221885128074348, 42.269396079620904 ], [ 128.219319198728925, 42.270869316642795 ], [ 128.217142187478998, 42.272661987422744 ], [ 128.214935769499306, 42.274404206375905 ], [ 128.212123893071009, 42.275608923209532 ], [ 128.209045256409922, 42.276391433679009 ], [ 128.205867421151538, 42.276817645321572 ], [ 128.199402159144654, 42.277126525134463 ], [ 128.196190553224824, 42.277456958085168 ], [ 128.193100444406099, 42.278169923823697 ], [ 128.187365570190622, 42.280396439260677 ], [ 128.184459827407835, 42.281473722461257 ], [ 128.181724923085369, 42.282770208856803 ], [ 128.177160462609777, 42.286168957017018 ], [ 128.174697789024009, 42.287732209222817 ], [ 128.17244206980979, 42.289463864321739 ], [ 128.170665708177182, 42.291478942859598 ], [ 128.16945140660988, 42.293705913865061 ], [ 128.167400369295308, 42.298275608744497 ], [ 128.16569778568325, 42.300313557773741 ], [ 128.163703097107827, 42.302211457625397 ], [ 128.160101706185372, 42.306202815293382 ], [ 128.160101706185372, 42.306202815293382 ], [ 128.160061340330031, 42.30754316403614 ], [ 128.160469712476811, 42.308010051361968 ], [ 128.161220271820042, 42.30818694889571 ], [ 128.162868122500072, 42.308253329998614 ], [ 128.164338626075903, 42.307991213753844 ], [ 128.166930082829367, 42.30666166537609 ], [ 128.169736145574973, 42.305646463421255 ], [ 128.172832751553358, 42.305256886427969 ], [ 128.175854923593903, 42.304711250945836 ], [ 128.178674445995881, 42.30365977550715 ], [ 128.180974061985552, 42.302107203264164 ], [ 128.185262677784664, 42.298712934337985 ], [ 128.187757253320001, 42.297303953514081 ], [ 128.190594082996597, 42.296327844952366 ], [ 128.193543159978191, 42.295523594549614 ], [ 128.196148816549709, 42.29424924265922 ], [ 128.200514504076835, 42.29091746284027 ], [ 128.205516408126215, 42.28807864789291 ], [ 128.206864949429416, 42.287503378876806 ], [ 128.208348706597178, 42.287183699274053 ], [ 128.211446272940861, 42.286741462336636 ], [ 128.216956800368109, 42.28455775990949 ], [ 128.219985558613502, 42.283950247228326 ], [ 128.223098951128065, 42.283716396293613 ], [ 128.226228606193644, 42.284038769052266 ], [ 128.22760278066545, 42.284567642030062 ], [ 128.228767038912366, 42.285351610555672 ], [ 128.230675221805313, 42.28722056559296 ], [ 128.232151407449152, 42.289269652305315 ], [ 128.232980308621904, 42.291505843618367 ], [ 128.233523891170279, 42.293798641269632 ], [ 128.235336173249408, 42.298260939831565 ], [ 128.241777978409004, 42.306210408313873 ], [ 128.243869988198753, 42.307944353610687 ], [ 128.246305989859934, 42.309405870194048 ], [ 128.249208408548355, 42.310289805385587 ], [ 128.25231647356037, 42.31056233115001 ], [ 128.255438829386094, 42.310319794128731 ], [ 128.256765272618793, 42.309724292510609 ], [ 128.257594277411556, 42.308727273859645 ], [ 128.25862188336464, 42.306531468241033 ], [ 128.25939823752924, 42.30552015263909 ], [ 128.26048213149835, 42.304669863258468 ], [ 128.261832700984513, 42.304075263771495 ], [ 128.263370332505616, 42.303839103929683 ], [ 128.264932670499888, 42.303958596454578 ], [ 128.266397566061357, 42.30437972875324 ], [ 128.268904410671752, 42.305769788005385 ], [ 128.270983839535205, 42.307520713937961 ], [ 128.272251950558001, 42.309634112456138 ], [ 128.272921513505423, 42.311914227499024 ], [ 128.273203208169775, 42.316555466715826 ], [ 128.273714093933563, 42.318859049293764 ], [ 128.274982183658096, 42.320970358495458 ], [ 128.275813771641481, 42.322004614880839 ], [ 128.277046913384083, 42.322630279941393 ], [ 128.27868339042368, 42.322755424349864 ], [ 128.279417049145451, 42.322604594655097 ], [ 128.279918341011353, 42.32219245077701 ], [ 128.280403229788504, 42.321033788507378 ], [ 128.28049663761206, 42.319891159439813 ], [ 128.280065599649106, 42.317578842171073 ], [ 128.279871881621659, 42.315261207103489 ], [ 128.280421165667121, 42.312974366563168 ], [ 128.280951354380363, 42.310683491997501 ], [ 128.280766933158588, 42.309522692952548 ], [ 128.280276745314211, 42.308415051490478 ], [ 128.278905779848827, 42.306310801727953 ], [ 128.27785144121799, 42.305479943329267 ], [ 128.276572826784246, 42.304789521295227 ], [ 128.274576982478237, 42.302995484658638 ], [ 128.273041213642699, 42.300978037032685 ], [ 128.270139392266969, 42.296857631199757 ], [ 128.268330506245718, 42.294950842379514 ], [ 128.267172465971782, 42.292799948088536 ], [ 128.264903279055886, 42.288466735194419 ], [ 128.263984468685635, 42.28623279925722 ], [ 128.263600819685081, 42.283936641156345 ], [ 128.263430020624298, 42.281607328324718 ], [ 128.26242432957639, 42.279409134174557 ], [ 128.262085933259499, 42.277092371320784 ], [ 128.262575357762671, 42.27479675403476 ], [ 128.265615806177891, 42.270725098402451 ], [ 128.268431091665803, 42.266573434131374 ], [ 128.269389439443728, 42.26436222476476 ], [ 128.269949896149257, 42.262073844329414 ], [ 128.271098046848465, 42.257499467237679 ], [ 128.271311765778421, 42.255179249790807 ], [ 128.271136045385333, 42.252855417873988 ], [ 128.271169777956885, 42.2482091437804 ], [ 128.270584000520614, 42.243582515600046 ], [ 128.270349940992844, 42.241250013755447 ], [ 128.271003582049275, 42.238986142394779 ], [ 128.271454088027127, 42.237857198991051 ], [ 128.272392480293462, 42.236945291924407 ], [ 128.27389547761112, 42.23658334716135 ], [ 128.275301642069564, 42.236997605086835 ], [ 128.276527417691057, 42.237768749117635 ], [ 128.277952454428686, 42.238233812830615 ], [ 128.281093002531605, 42.238054899907127 ], [ 128.282634041552683, 42.237800966245892 ], [ 128.283986536458571, 42.237288145924772 ], [ 128.286434105865311, 42.235768983385569 ], [ 128.287938927024669, 42.235453965195319 ], [ 128.288724578418623, 42.235603961252714 ], [ 128.289280502311442, 42.235988944854476 ], [ 128.289654706216396, 42.237144076622442 ], [ 128.289626799071129, 42.23829884433232 ], [ 128.288483662105563, 42.242874529631528 ], [ 128.288462878503395, 42.245209343760166 ], [ 128.289051311825745, 42.247522080146972 ], [ 128.289832514261747, 42.248510967998556 ], [ 128.291023325087423, 42.249287292567317 ], [ 128.292466142014518, 42.249766370727436 ], [ 128.294010934645598, 42.249651325857037 ], [ 128.295356935380426, 42.249023130085433 ], [ 128.296365473520609, 42.248130813358145 ], [ 128.297868909800087, 42.246091290006582 ], [ 128.299089882186678, 42.24394416572207 ], [ 128.299842228709991, 42.242924328435571 ], [ 128.300844429374678, 42.24201977166333 ], [ 128.30212257619209, 42.241336958088432 ], [ 128.303632551054932, 42.240986378024139 ], [ 128.305186756066746, 42.241057650314957 ], [ 128.306663008550203, 42.241485191017709 ], [ 128.309444838956978, 42.242550107672841 ], [ 128.311012270658949, 42.242671744033679 ], [ 128.312544813046628, 42.242440616101881 ], [ 128.315326631004723, 42.241319278825195 ], [ 128.317980442292253, 42.240097606612274 ], [ 128.321017549471861, 42.239497571924218 ], [ 128.324136079626811, 42.23968616460953 ], [ 128.327149890358186, 42.240393372026958 ], [ 128.328653198311343, 42.240678149436192 ], [ 128.330209309237858, 42.240727239779481 ], [ 128.3333540665447, 42.240486755396127 ], [ 128.336437786113891, 42.240661727864108 ], [ 128.339373507851917, 42.24151210074794 ], [ 128.341909572234528, 42.242851271034915 ], [ 128.346104180307066, 42.246376345335442 ], [ 128.346105180334717, 42.246376345326631 ] ] ] ] } },
{ "type": "Feature", "properties": { "DSN": "张广才岭玄武岩                          ", "DSO": "βN                 ", "DSO_TXT": "βN", "CHFCAC": "K5215D01D00131", "SHEET": "K5215" }, "geometry": { "type": "MultiPolygon", "coordinates": [ [ [ [ 128.297939036149899, 42.276818981895694 ], [ 128.297271433946179, 42.278170058690634 ], [ 128.295814866822383, 42.279991852027358 ], [ 128.295189349460628, 42.282049806649141 ], [ 128.295537306892669, 42.284144259976095 ], [ 128.296744910563632, 42.286054395969344 ], [ 128.298058380607415, 42.287237321309057 ], [ 128.298058380607415, 42.287237321309057 ], [ 128.301246923678576, 42.288623322029572 ], [ 128.302576499847504, 42.28866083614686 ], [ 128.303821207485157, 42.288086262476938 ], [ 128.304890961483949, 42.287318812060718 ], [ 128.305636674509515, 42.28645083007958 ], [ 128.306047188238693, 42.284350565925699 ], [ 128.306019077698977, 42.282237529326075 ], [ 128.306487080566086, 42.280167047142022 ], [ 128.308899587610455, 42.2763418684616 ], [ 128.310017060052559, 42.274399012563961 ], [ 128.310600969161726, 42.27233519768928 ], [ 128.310531464486587, 42.270225390029232 ], [ 128.309709303975751, 42.268203338309675 ], [ 128.309085738891213, 42.267252961873837 ], [ 128.308169602632717, 42.266453741045943 ], [ 128.305808367817633, 42.265273067500317 ], [ 128.303192782160693, 42.26447732885363 ], [ 128.301479458400564, 42.262768040264611 ], [ 128.299724533048419, 42.261107243100241 ], [ 128.298776848915395, 42.260323570771867 ], [ 128.298128783558184, 42.260095672880894 ], [ 128.297403380998759, 42.260078132425285 ], [ 128.296713017244741, 42.260275296505462 ], [ 128.296206777586946, 42.260642694321653 ], [ 128.2957565879789, 42.261657118197078 ], [ 128.295360935529061, 42.263740981507375 ], [ 128.295472516075222, 42.265853786070615 ], [ 128.295930838775661, 42.267943811083107 ], [ 128.297289180559289, 42.27204026209936 ], [ 128.297289180559289, 42.27204026209936 ], [ 128.298174945836223, 42.274051905249287 ], [ 128.297939036149899, 42.276818981895694 ] ] ] ] } },
{ "type": "Feature", "properties": { "DSN": "长财组未分                              ", "DSO": "J↓3→c             ", "DSO_TXT": "J3c", "CHFCAC": "K5215D01D00132", "SHEET": "K5215" }, "geometry": { "type": "MultiPolygon", "coordinates": [ [ [ [ 128.805889597572104, 42.373462924874708 ], [ 128.806922604849149, 42.37453569393444 ], [ 128.807678231068252, 42.374866079320753 ], [ 128.808586035216507, 42.374857841560839 ], [ 128.810134784845616, 42.374188854998152 ], [ 128.811383924919454, 42.373247293004837 ], [ 128.813017583035418, 42.370891838749934 ], [ 128.813952545622158, 42.368338939898308 ], [ 128.81423930832392, 42.365983003864883 ], [ 128.813922081055495, 42.364392340198435 ], [ 128.813657700997936, 42.363080036200557 ], [ 128.813261981357357, 42.361867612320843 ], [ 128.812106285627294, 42.360836774073817 ], [ 128.81063408535806, 42.360103676108707 ], [ 128.80884267402368, 42.360116308496636 ], [ 128.80884267402368, 42.360116308496636 ], [ 128.805889597572104, 42.373462924874708 ] ] ] ] } },
{ "type": "Feature", "properties": { "DSN": "大拉子组下段                            ", "DSO": "K↓1→d↑1          ", "DSO_TXT": "K1d-1", "CHFCAC": "K5215D01D00133", "SHEET": "K5215" }, "geometry": { "type": "MultiPolygon", "coordinates": [ [ [ [ 128.96448917557683, 42.574175147928877 ], [ 128.964488175549207, 42.574175147937886 ], [ 128.964489131722814, 42.574175329264058 ], [ 128.96448917557683, 42.574175147928877 ] ] ], [ [ [ 128.962573311979668, 42.578941387162146 ], [ 128.961440303006043, 42.581182584429733 ], [ 128.960639445089782, 42.583506019408517 ], [ 128.960445684967112, 42.584698427866975 ], [ 128.960558428639729, 42.585888111371432 ], [ 128.961286776112445, 42.588222279032266 ], [ 128.96156564325949, 42.589408116168549 ], [ 128.961534182066799, 42.590602392602207 ], [ 128.96135981553445, 42.591790812459394 ], [ 128.961586258608918, 42.592976727437197 ], [ 128.963557166287558, 42.593201229611232 ], [ 128.973611913463486, 42.59399740045184 ], [ 128.973803250642106, 42.591753739541971 ], [ 128.97368079584075, 42.589358454712659 ], [ 128.971538315204754, 42.584828076633642 ], [ 128.970862604645561, 42.582482696716944 ], [ 128.970650946520607, 42.580087804275671 ], [ 128.97038194577496, 42.575292826547582 ], [ 128.964489131722814, 42.574175329264058 ], [ 128.963868911525765, 42.576739922660423 ], [ 128.962573311979668, 42.578941387162146 ] ] ] ] } },
{ "type": "Feature", "properties": { "DSN": "长财组下段                              ", "DSO": "J↓3→c↑1          ", "DSO_TXT": "J3c-1", "CHFCAC": "K5215D01D00134", "SHEET": "K5215" }, "geometry": { "type": "MultiPolygon", "coordinates": [ [ [ [ 128.961444836125338, 42.602759255902257 ], [ 128.961246432489844, 42.60779485277989 ], [ 128.960126781206583, 42.612651702873173 ], [ 128.960126781206583, 42.612651702873173 ], [ 128.958875760242506, 42.613674655726079 ], [ 128.957989782870385, 42.614884657132428 ], [ 128.956797477009104, 42.617499677824199 ], [ 128.955437205058786, 42.622916606580937 ], [ 128.955028576457721, 42.625652211498284 ], [ 128.953792096968044, 42.628250065147611 ], [ 128.953276226110972, 42.62957574954752 ], [ 128.952363540302883, 42.630776153596173 ], [ 128.951551416240619, 42.632003352417208 ], [ 128.951302677718104, 42.633225291612469 ], [ 128.951302677718104, 42.633225291612469 ], [ 128.947390619877808, 42.634026597515714 ], [ 128.947390619877808, 42.634026597515714 ], [ 128.948415270978387, 42.632094912667689 ], [ 128.9499672215847, 42.630364055681014 ], [ 128.950313277430013, 42.628281032643017 ], [ 128.950319380410633, 42.626200270759611 ], [ 128.950804964210249, 42.624141390360187 ], [ 128.951736225705616, 42.622172354425331 ], [ 128.95367133713421, 42.618252984636058 ], [ 128.954563946195321, 42.616271462557734 ], [ 128.955768356886949, 42.614387446161203 ], [ 128.956896822165987, 42.612481029267002 ], [ 128.958103312337045, 42.609305952481748 ], [ 128.958103312337045, 42.609305952481748 ], [ 128.958875481194013, 42.606396650932993 ], [ 128.95971102114197, 42.604421351233228 ], [ 128.961443836097686, 42.602759255911266 ], [ 128.961444836125338, 42.602759255902257 ] ] ] ] } },
{ "type": "Feature", "properties": { "DSN": "长财组上段                              ", "DSO": "J↓3→c↑2          ", "DSO_TXT": "J3c-2", "CHFCAC": "K5215D01D00135", "SHEET": "K5215" }, "geometry": { "type": "MultiPolygon", "coordinates": [ [ [ [ 128.951302677718104, 42.633225291612469 ], [ 128.951551416240619, 42.632003352417208 ], [ 128.952363540302883, 42.630776153596173 ], [ 128.953276226110972, 42.62957574954752 ], [ 128.953792096968044, 42.628250065147611 ], [ 128.955028576457721, 42.625652211498284 ], [ 128.955437205058786, 42.622916606580937 ], [ 128.956797477009104, 42.617499677824199 ], [ 128.957989782870385, 42.614884657132428 ], [ 128.958875760242506, 42.613674655726079 ], [ 128.960126781206583, 42.612651702873173 ], [ 128.960126781206583, 42.612651702873173 ], [ 128.958579242867842, 42.617440729006049 ], [ 128.957517029143474, 42.622285804984557 ], [ 128.957172659494461, 42.627204411513866 ], [ 128.956420958756894, 42.632095035144808 ], [ 128.956420958756894, 42.632095035144808 ], [ 128.955175445202258, 42.632341154294373 ], [ 128.955175445202258, 42.632341154294373 ], [ 128.951302677718104, 42.633225291612469 ] ] ] ] } },
{ "type": "Feature", "properties": { "DSN": "长财组未分                              ", "DSO": "J↓3→c             ", "DSO_TXT": "J3c", "CHFCAC": "K5215D01D00136", "SHEET": "K5215" }, "geometry": { "type": "MultiPolygon", "coordinates": [ [ [ [ 128.898840318665833, 42.593874077656288 ], [ 128.898861952133956, 42.588209683333766 ], [ 128.898861952133956, 42.588209683333766 ], [ 128.89587382262448, 42.589083477712812 ], [ 128.893870286141379, 42.590238117155742 ], [ 128.892397005672564, 42.591611035736221 ], [ 128.891225994383831, 42.593333334465179 ], [ 128.891226994411511, 42.593333334456169 ], [ 128.898839318638124, 42.593874077665291 ], [ 128.898840318665833, 42.593874077656288 ] ] ] ] } },
{ "type": "Feature", "properties": { "DSN": "长财组未分                              ", "DSO": "J↓3→c             ", "DSO_TXT": "J3c", "CHFCAC": "K5215D01D00137", "SHEET": "K5215" }, "geometry": { "type": "MultiPolygon", "coordinates": [ [ [ [ 128.898839318638124, 42.593874077665291 ], [ 128.891226994411511, 42.593333334456169 ], [ 128.891225994383831, 42.593333334465179 ], [ 128.890408167396401, 42.593181526337048 ], [ 128.890408167396401, 42.593181526337048 ], [ 128.889495203565843, 42.595413342157755 ], [ 128.889020805948292, 42.597709050733521 ], [ 128.889268399039253, 42.602306941978604 ], [ 128.889329406465151, 42.603461324403263 ], [ 128.889684240640236, 42.604594781628265 ], [ 128.890723590028955, 42.605442575746203 ], [ 128.892154215126425, 42.605936207686604 ], [ 128.893706383016792, 42.606132228347597 ], [ 128.895146930374182, 42.606522820267088 ], [ 128.898193190189659, 42.607704748790077 ], [ 128.898193190189659, 42.607704748790077 ], [ 128.898840318665833, 42.593874077656288 ], [ 128.898839318638124, 42.593874077665291 ] ] ] ] } },
{ "type": "Feature", "properties": { "DSN": "大拉子组上段                            ", "DSO": "K↓1→d↑2          ", "DSO_TXT": "K1d-2", "CHFCAC": "K5215D01D00138", "SHEET": "K5215" }, "geometry": { "type": "MultiPolygon", "coordinates": [ [ [ [ 128.28575626070139, 42.654493424072008 ], [ 128.285139884476848, 42.65331649793572 ], [ 128.284098433354956, 42.652299475880781 ], [ 128.282702778745573, 42.651539754765018 ], [ 128.281067483727071, 42.651180363920403 ], [ 128.277455544311181, 42.651350085318235 ], [ 128.277456544339032, 42.651350085309375 ], [ 128.28422890841702, 42.658738117518148 ], [ 128.286705825944523, 42.65694212516852 ], [ 128.28575626070139, 42.654493424072008 ] ] ], [ [ [ 128.284228307674823, 42.658738553111327 ], [ 128.284229307702702, 42.658738553102459 ], [ 128.28422890841702, 42.658738117518148 ], [ 128.284228307674823, 42.658738553111327 ] ] ] ] } },
{ "type": "Feature", "properties": { "DSN": "冰场组                                  ", "DSO": "τQ↓4↑            ", "DSO_TXT": "τQ4", "CHFCAC": "K5215D01D00139", "SHEET": "K5215" }, "geometry": { "type": "MultiPolygon", "coordinates": [ [ [ [ 128.085175673113184, 42.020283192419498 ], [ 128.085176506885688, 42.020283273104454 ], [ 128.085176673140808, 42.020283192410787 ], [ 128.085175673113184, 42.020283192419498 ] ] ], [ [ [ 128.083199667985298, 42.021787135342763 ], [ 128.081269762445402, 42.023718319912682 ], [ 128.079944722144177, 42.025897804480415 ], [ 128.079861506064816, 42.02650961881259 ], [ 128.080321190677552, 42.026969801834689 ], [ 128.081919584844172, 42.027114998571506 ], [ 128.084857480024482, 42.026142321985951 ], [ 128.08628136785066, 42.025570717164008 ], [ 128.087515377285627, 42.024806532490395 ], [ 128.08843767059949, 42.023807722163461 ], [ 128.088964813873901, 42.022679322457897 ], [ 128.089060971435401, 42.021473916044719 ], [ 128.088792925362753, 42.020633237356414 ], [ 128.085176506885688, 42.020283273104454 ], [ 128.084127662583455, 42.020792340673232 ], [ 128.083199667985298, 42.021787135342763 ] ] ] ] } },
{ "type": "Feature", "properties": { "DSN": "白头山组                                ", "DSO": "τQ↓2              ", "DSO_TXT": "τQ2", "CHFCAC": "K5215D01D00140", "SHEET": "K5215" }, "geometry": { "type": "MultiPolygon", "coordinates": [ [ [ [ 128.151359218235626, 42.023086055511719 ], [ 128.152088575319766, 42.023239631000166 ], [ 128.152679030908558, 42.02356510122636 ], [ 128.153045666647927, 42.024049487195455 ], [ 128.155166108074155, 42.026279205285284 ], [ 128.15587729683574, 42.027527012033026 ], [ 128.155779384416348, 42.028897120523887 ], [ 128.155575677972138, 42.030259777139349 ], [ 128.155779072200488, 42.03161366744655 ], [ 128.156996930298448, 42.034181328849996 ], [ 128.157056949248556, 42.035554960800496 ], [ 128.157477265371767, 42.036883155702725 ], [ 128.158183430340443, 42.037310573955246 ], [ 128.159090621286794, 42.037313430169441 ], [ 128.16082375826818, 42.036803181832767 ], [ 128.162296072831339, 42.036011063548223 ], [ 128.164142669035158, 42.036034919621024 ], [ 128.165974935812756, 42.036091157873095 ], [ 128.167753956230371, 42.03570152932361 ], [ 128.169067653119157, 42.034771585069919 ], [ 128.169799872966479, 42.03350500337347 ], [ 128.170936643805732, 42.032446841460398 ], [ 128.172534363573504, 42.031748396651039 ], [ 128.175936114398269, 42.03072009968524 ], [ 128.177179304661081, 42.029720783244002 ], [ 128.177581292556823, 42.028383038495662 ], [ 128.177342044367407, 42.025652451798472 ], [ 128.177399846563191, 42.023691429493368 ], [ 128.177399846563191, 42.023691429493368 ], [ 128.157116544673642, 42.023081455594081 ], [ 128.15136021826325, 42.023086055503001 ], [ 128.151359218235626, 42.023086055511719 ] ] ] ] } },
{ "type": "Feature", "properties": { "DSN": "冰场组                                  ", "DSO": "τQ↓4↑            ", "DSO_TXT": "τQ4", "CHFCAC": "K5215D01D00141", "SHEET": "K5215" }, "geometry": { "type": "MultiPolygon", "coordinates": [ [ [ [ 128.43075586914361, 42.019189359480606 ], [ 128.430756864712805, 42.019189373207588 ], [ 128.43075686917112, 42.019189359471817 ], [ 128.43075586914361, 42.019189359480606 ] ] ], [ [ [ 128.429988936194036, 42.022764086928056 ], [ 128.430708134967489, 42.024512467141413 ], [ 128.4314431231291, 42.025221013901934 ], [ 128.432503133887252, 42.025699632185038 ], [ 128.43489517108577, 42.026034951233584 ], [ 128.437309517318653, 42.025796305954849 ], [ 128.439745043244329, 42.025746763638288 ], [ 128.442123973539225, 42.026139032071555 ], [ 128.44687700461219, 42.026960467072705 ], [ 128.449301929365106, 42.026942323909765 ], [ 128.450461579115654, 42.026647112789178 ], [ 128.451459429824411, 42.026128414571886 ], [ 128.452223370007715, 42.025406445120808 ], [ 128.452711213754981, 42.024570322775965 ], [ 128.453221456064057, 42.022796083807876 ], [ 128.453689156533699, 42.021005113796079 ], [ 128.454835524527226, 42.019268996119905 ], [ 128.454836524554764, 42.019268996111116 ], [ 128.454349886323996, 42.018446925310492 ], [ 128.453008032516323, 42.01709161571366 ], [ 128.451170672484778, 42.016075940975163 ], [ 128.448883667209373, 42.015935963180652 ], [ 128.447742373793773, 42.015836982938779 ], [ 128.446704169709477, 42.015489359347619 ], [ 128.444588789836843, 42.014828512158552 ], [ 128.4423075882695, 42.014641256334393 ], [ 128.4400867328456, 42.015063376536887 ], [ 128.438096202400033, 42.015900140335454 ], [ 128.435013900538934, 42.018452669893172 ], [ 128.434163033153851, 42.019014632698578 ], [ 128.433058460439156, 42.019221107786173 ], [ 128.430756864712805, 42.019189373207588 ], [ 128.430300292299535, 42.02059603871794 ], [ 128.429988936194036, 42.022764086928056 ] ] ] ] } },
{ "type": "Feature", "properties": { "DSN": "土门子组                                ", "DSO": "Nt                  ", "DSO_TXT": "Nt", "CHFCAC": "K5215D01D00142", "SHEET": "K5215" }, "geometry": { "type": "MultiPolygon", "coordinates": [ [ [ [ 128.390499423403753, 42.152454589243547 ], [ 128.388013914200769, 42.154598153877956 ], [ 128.385529893207973, 42.155836228639828 ], [ 128.384592006105891, 42.156062291698866 ], [ 128.384592006105891, 42.156062291698866 ], [ 128.381806477032001, 42.158073456957155 ], [ 128.37822860728312, 42.159224715292716 ], [ 128.376285137580169, 42.159305559285713 ], [ 128.374406297772737, 42.158931313146532 ], [ 128.372646542429152, 42.158288842618624 ], [ 128.371072523794027, 42.157851733759507 ], [ 128.371072523794027, 42.157851733759507 ], [ 128.369829179666624, 42.158487685778603 ], [ 128.368803592205467, 42.159296647267652 ], [ 128.367913227528732, 42.160200016122793 ], [ 128.367541317725738, 42.161264504068726 ], [ 128.36753142064444, 42.163518677599974 ], [ 128.367989091615271, 42.16571892108918 ], [ 128.368985292555038, 42.167826738276062 ], [ 128.370137785617004, 42.169890905491634 ], [ 128.370983433116947, 42.172027311280011 ], [ 128.372423223779805, 42.177014943754912 ], [ 128.372423223779805, 42.177014943754912 ], [ 128.372868616467599, 42.175183189686372 ], [ 128.372930883758187, 42.173321529383728 ], [ 128.37227380556098, 42.169635582594857 ], [ 128.370931666281024, 42.16603214203159 ], [ 128.370651115118221, 42.164195404791812 ], [ 128.371339083151184, 42.162390075949233 ], [ 128.372105586837648, 42.161622280313757 ], [ 128.37315584916783, 42.161149264525285 ], [ 128.375677723902839, 42.161065229753625 ], [ 128.37815919739694, 42.161205465284461 ], [ 128.380653178256097, 42.161028003466065 ], [ 128.385451972060082, 42.15997567529061 ], [ 128.387750739636914, 42.159231957468293 ], [ 128.389907817255903, 42.158292550364756 ], [ 128.393706037163298, 42.155870509918408 ], [ 128.395457424559055, 42.154528045550414 ], [ 128.396376943894239, 42.15390503496706 ], [ 128.397459825138839, 42.153460709462458 ], [ 128.40201833446153, 42.151888763563612 ], [ 128.406147775936461, 42.149791224840349 ], [ 128.407914067154394, 42.148477560175643 ], [ 128.409457914789584, 42.146990896498288 ], [ 128.410702311435728, 42.145356290738292 ], [ 128.411318597367398, 42.143568185427036 ], [ 128.411277331814347, 42.141693238291282 ], [ 128.410873299115877, 42.139855127591687 ], [ 128.410116293588061, 42.138078257177312 ], [ 128.408873222928889, 42.136465279892278 ], [ 128.408873222928889, 42.136465279892278 ], [ 128.408926560317695, 42.137932255648884 ], [ 128.408292012377132, 42.139697188062655 ], [ 128.408292012377132, 42.139697188062655 ], [ 128.408968055112155, 42.140902305208336 ], [ 128.409125845602773, 42.142201109302555 ], [ 128.408722385930787, 42.143479018181147 ], [ 128.407942076521493, 42.144634522319294 ], [ 128.405178511168799, 42.146245792304036 ], [ 128.403754294649275, 42.147005319244563 ], [ 128.402563692518925, 42.147968885904909 ], [ 128.400415028802797, 42.150047095198381 ], [ 128.398988460185649, 42.150787568916705 ], [ 128.397331846287813, 42.151253166388095 ], [ 128.390499423403753, 42.152454589243547 ] ] ] ] } },
{ "type": "Feature", "properties": { "DSN": "屯田营组下段                            ", "DSO": "J↓2→t↑1          ", "DSO_TXT": "J2t-1", "CHFCAC": "K5215D01D00143", "SHEET": "K5215" }, "geometry": { "type": "MultiPolygon", "coordinates": [ [ [ [ 128.408292012377132, 42.139697188062655 ], [ 128.407532092671232, 42.141120062432883 ], [ 128.405844474417478, 42.142945009940995 ], [ 128.403781627221178, 42.144582028189227 ], [ 128.401583924201049, 42.14609160792272 ], [ 128.399159839431604, 42.147413958109709 ], [ 128.393999766684516, 42.149679034222416 ], [ 128.391615355202788, 42.151042161429345 ], [ 128.390499423403753, 42.152454589243547 ], [ 128.390499423403753, 42.152454589243547 ], [ 128.397331846287813, 42.151253166388095 ], [ 128.398988460185649, 42.150787568916705 ], [ 128.400415028802797, 42.150047095198381 ], [ 128.402563692518925, 42.147968885904909 ], [ 128.403754294649275, 42.147005319244563 ], [ 128.405178511168799, 42.146245792304036 ], [ 128.407942076521493, 42.144634522319294 ], [ 128.408722385930787, 42.143479018181147 ], [ 128.409125845602773, 42.142201109302555 ], [ 128.408968055112155, 42.140902305208336 ], [ 128.408292012377132, 42.139697188062655 ] ] ] ] } },
{ "type": "Feature", "properties": { "DSN": "屯田营组下段                            ", "DSO": "J↓2→t↑1          ", "DSO_TXT": "J2t-1", "CHFCAC": "K5215D01D00144", "SHEET": "K5215" }, "geometry": { "type": "MultiPolygon", "coordinates": [ [ [ [ 128.384592006105891, 42.156062291698866 ], [ 128.382611218315219, 42.156287663266554 ], [ 128.379639124181949, 42.156621562904903 ], [ 128.376903735375066, 42.157505052194097 ], [ 128.375533384172343, 42.157966375783197 ], [ 128.374055067589325, 42.158064035500914 ], [ 128.372537878545529, 42.157853350875627 ], [ 128.371072523794027, 42.157851733759507 ], [ 128.371072523794027, 42.157851733759507 ], [ 128.372646542429152, 42.158288842618624 ], [ 128.374406297772737, 42.158931313146532 ], [ 128.376285137580169, 42.159305559285713 ], [ 128.37822860728312, 42.159224715292716 ], [ 128.381806477032001, 42.158073456957155 ], [ 128.384592006105891, 42.156062291698866 ] ] ] ] } },
{ "type": "Feature", "properties": { "DSN": "屯田营组下段                            ", "DSO": "J↓2→t↑1          ", "DSO_TXT": "J2t-1", "CHFCAC": "K5215D01D00145", "SHEET": "K5215" }, "geometry": { "type": "MultiPolygon", "coordinates": [ [ [ [ 128.198223513790282, 42.337525569663811 ], [ 128.197455151301426, 42.336286193416989 ], [ 128.197109560172379, 42.33494623107844 ], [ 128.197555050041558, 42.333644299783877 ], [ 128.198879200045297, 42.332681561425503 ], [ 128.200591224423079, 42.332274955183877 ], [ 128.202413086401521, 42.332011206542731 ], [ 128.203815858258366, 42.331170238253407 ], [ 128.204681268706366, 42.329951826130639 ], [ 128.205199217726374, 42.328653110779278 ], [ 128.205545242372438, 42.325941880007086 ], [ 128.206115035769443, 42.323252975765094 ], [ 128.205825197214324, 42.321913241215974 ], [ 128.205239020047458, 42.321375851326046 ], [ 128.204345242359324, 42.321317909299118 ], [ 128.20095749916851, 42.322359455627556 ], [ 128.199481231583889, 42.323158230538802 ], [ 128.198248692755413, 42.324170375557685 ], [ 128.196330833350487, 42.326482677942614 ], [ 128.194899453163913, 42.328987806743584 ], [ 128.191755404284891, 42.333900329139958 ], [ 128.190623249160694, 42.334975546884266 ], [ 128.189185560787934, 42.335815556490104 ], [ 128.185809208469522, 42.336893400442463 ], [ 128.182538694879071, 42.338094392403796 ], [ 128.182537694851277, 42.338094392412586 ], [ 128.186822912868195, 42.338450116395734 ], [ 128.190909657566863, 42.338302883481312 ], [ 128.194893853047915, 42.339031336459875 ], [ 128.196784153145614, 42.339630213505245 ], [ 128.198469255401534, 42.340491801355306 ], [ 128.198519700234641, 42.338854243817494 ], [ 128.198223513790282, 42.337525569663811 ] ] ], [ [ [ 128.198470239922358, 42.340492304737921 ], [ 128.198469255401534, 42.340491801355306 ], [ 128.198469239894592, 42.340492304746711 ], [ 128.198470239922358, 42.340492304737921 ] ] ] ] } },
{ "type": "Feature", "properties": { "DSN": "张广才岭玄武岩                          ", "DSO": "βN                 ", "DSO_TXT": "βN", "CHFCAC": "K5215D01D00146", "SHEET": "K5215" }, "geometry": { "type": "MultiPolygon", "coordinates": [ [ [ [ 128.136104575825755, 42.327182536973304 ], [ 128.133340566328286, 42.328172947006607 ], [ 128.132114610944313, 42.328868130395023 ], [ 128.131177866084073, 42.329774525176902 ], [ 128.131177866084073, 42.329774525176902 ], [ 128.130605117853975, 42.33281131505089 ], [ 128.13064121170919, 42.334509081803539 ], [ 128.131139291016211, 42.336205861830841 ], [ 128.131531143787214, 42.337025661159345 ], [ 128.132301901320773, 42.337678570057335 ], [ 128.133391252850458, 42.337914712215749 ], [ 128.134511770289606, 42.337650995674053 ], [ 128.138431933603698, 42.335767665381645 ], [ 128.138431933603698, 42.335767665381645 ], [ 128.140273455355242, 42.334713246610896 ], [ 128.141859524785616, 42.333456946208166 ], [ 128.142357697305897, 42.332660632414807 ], [ 128.14241795248509, 42.331808958396763 ], [ 128.141334141166908, 42.33027564645046 ], [ 128.139593167620319, 42.329134329891147 ], [ 128.137633089407871, 42.328202701275146 ], [ 128.13610557585352, 42.327182536964536 ], [ 128.136104575825755, 42.327182536973304 ] ] ] ] } },
{ "type": "Feature", "properties": { "DSN": "冰场组                                  ", "DSO": "τQ↓4↑            ", "DSO_TXT": "τQ4", "CHFCAC": "K5215D01D00147", "SHEET": "K5215" }, "geometry": { "type": "Polygon", "coordinates": [ [ [ 128.066544966456661, 42.062808383863299 ], [ 128.067591015193898, 42.063743995531929 ], [ 128.068301399463962, 42.064161265153615 ], [ 128.06904546752645, 42.064126111689241 ], [ 128.069497949450778, 42.063600450436653 ], [ 128.069481288118197, 42.062977767428322 ], [ 128.068931295385653, 42.061805356374443 ], [ 128.067956904252071, 42.060810923945731 ], [ 128.067229667968462, 42.060515580002104 ], [ 128.0664034753745, 42.060568120759442 ], [ 128.065941008540619, 42.061063447070694 ], [ 128.065876993008999, 42.061705010398086 ], [ 128.066544966456661, 42.062808383863299 ] ] ] } },
{ "type": "Feature", "properties": { "DSN": "冰场组                                  ", "DSO": "τQ↓4↑            ", "DSO_TXT": "τQ4", "CHFCAC": "K5215D01D00148", "SHEET": "K5215" }, "geometry": { "type": "Polygon", "coordinates": [ [ [ 128.062412578362512, 42.048410599273105 ], [ 128.063034588402104, 42.050059486459553 ], [ 128.063473201659775, 42.050827647659332 ], [ 128.063897336601627, 42.051190699922358 ], [ 128.064371587642256, 42.051218979568461 ], [ 128.064848913595398, 42.050397572314203 ], [ 128.064769363807187, 42.049554801629604 ], [ 128.064527568850423, 42.047851554150476 ], [ 128.063917314429006, 42.046234031078995 ], [ 128.063397350150183, 42.04543350425427 ], [ 128.062984644490058, 42.045144760674624 ], [ 128.062407063683281, 42.045099850007389 ], [ 128.062052874224122, 42.04536166725628 ], [ 128.061969409163254, 42.045824383742421 ], [ 128.062047332517437, 42.046771234315784 ], [ 128.062412578362512, 42.048410599273105 ] ] ] } },
{ "type": "Feature", "properties": { "DSN": "冰场组                                  ", "DSO": "τQ↓4↑            ", "DSO_TXT": "τQ4", "CHFCAC": "K5215D01D00149", "SHEET": "K5215" }, "geometry": { "type": "Polygon", "coordinates": [ [ [ 128.050844884602498, 42.045958725257506 ], [ 128.051718495474375, 42.047567313289477 ], [ 128.052118630691723, 42.048388513908009 ], [ 128.052582738969306, 42.048662691804161 ], [ 128.053159059240073, 42.048583452884778 ], [ 128.053427193046247, 42.048238202273104 ], [ 128.053384544606587, 42.047771063166572 ], [ 128.053196576757045, 42.046846031618614 ], [ 128.052890299449501, 42.045157117654881 ], [ 128.052122628275981, 42.043570468270886 ], [ 128.05140677278871, 42.042807467667835 ], [ 128.050926347977878, 42.042464182988901 ], [ 128.050512944543584, 42.042521590641215 ], [ 128.050122118269115, 42.043446455286151 ], [ 128.050212342409139, 42.044283282853748 ], [ 128.050844884602498, 42.045958725257506 ] ] ] } },
{ "type": "Feature", "properties": { "DSN": "冰场组                                  ", "DSO": "τQ↓4↑            ", "DSO_TXT": "τQ4", "CHFCAC": "K5215D01D00150", "SHEET": "K5215" }, "geometry": { "type": "Polygon", "coordinates": [ [ [ 128.068822426298482, 42.026623209638473 ], [ 128.070238097250837, 42.027203362649423 ], [ 128.071292758139975, 42.028101725671021 ], [ 128.071437169681644, 42.029283326464601 ], [ 128.071150806274744, 42.030483150265191 ], [ 128.070812367477146, 42.031022989917226 ], [ 128.070198123245149, 42.031417240501433 ], [ 128.06860668154286, 42.031530254821384 ], [ 128.067220077961736, 42.030932540968799 ], [ 128.066140967024126, 42.030034847729922 ], [ 128.063709877975271, 42.02846295940023 ], [ 128.063028394173841, 42.027373084070483 ], [ 128.063053239191277, 42.026773594633248 ], [ 128.063407183650185, 42.026238338944779 ], [ 128.064525399223299, 42.025393967214413 ], [ 128.066158350512296, 42.025309848406501 ], [ 128.067541841802466, 42.025889783685443 ], [ 128.068822426298482, 42.026623209638473 ] ] ] } },
{ "type": "Feature", "properties": { "DSN": "冰场组                                  ", "DSO": "τQ↓4↑            ", "DSO_TXT": "τQ4", "CHFCAC": "K5215D01D00151", "SHEET": "K5215" }, "geometry": { "type": "Polygon", "coordinates": [ [ [ 128.030175969824427, 42.018015024307452 ], [ 128.031319669990751, 42.018950702888382 ], [ 128.031597935858656, 42.020175994506864 ], [ 128.03169423978818, 42.021452653200249 ], [ 128.032434026353144, 42.02171472087209 ], [ 128.032951715469096, 42.021274977035908 ], [ 128.033193689211657, 42.019987589761435 ], [ 128.033825770763855, 42.01881092490688 ], [ 128.035977775359129, 42.016837784670372 ], [ 128.036234007891494, 42.016249521193139 ], [ 128.035974081224481, 42.015642008997936 ], [ 128.034815481311256, 42.014706081465022 ], [ 128.033159698208948, 42.014395172613028 ], [ 128.03148407816596, 42.014476370349655 ], [ 128.029911857994108, 42.014973237405798 ], [ 128.028799674123348, 42.01592947283612 ], [ 128.02862403546203, 42.016544055279937 ], [ 128.02895333809343, 42.017119402538995 ], [ 128.030175969824427, 42.018015024307452 ] ] ] } },
{ "type": "Feature", "properties": { "DSN": "广平玄武岩                              ", "DSO": "βQ↓3              ", "DSO_TXT": "βQ3", "CHFCAC": "K5215D01D00152", "SHEET": "K5215" }, "geometry": { "type": "MultiPolygon", "coordinates": [ [ [ [ 128.178494878096075, 42.092270994437371 ], [ 128.175612812298596, 42.09422614480988 ], [ 128.174131056614414, 42.095111008262954 ], [ 128.172417716398428, 42.095728567798567 ], [ 128.1689587331187, 42.096922531664703 ], [ 128.167465998175487, 42.097802928068347 ], [ 128.165886438840488, 42.099055170487411 ], [ 128.165886438840488, 42.099055170487411 ], [ 128.166101074249156, 42.095690159927258 ], [ 128.166082936323818, 42.091053565779568 ], [ 128.166590266709278, 42.086420766676291 ], [ 128.167134772279525, 42.084150805343889 ], [ 128.168007766743273, 42.081900902509354 ], [ 128.168880726228053, 42.080947710158952 ], [ 128.170365041652957, 42.080602329353532 ], [ 128.171741762787121, 42.08107417162087 ], [ 128.1728683591231, 42.081993457471206 ], [ 128.174622188210805, 42.08395701592368 ], [ 128.17607704487088, 42.085959125474098 ], [ 128.177461219804172, 42.088043788069697 ], [ 128.178269367028861, 42.090268485743714 ], [ 128.178494878096075, 42.092270994437371 ] ] ] ] } },
{ "type": "Feature", "properties": { "DSN": "张广才岭玄武岩                          ", "DSO": "βN                 ", "DSO_TXT": "βN", "CHFCAC": "K5215D01D00153", "SHEET": "K5215" }, "geometry": { "type": "Polygon", "coordinates": [ [ [ 128.632344899004977, 42.173204036709038 ], [ 128.633976838412536, 42.172164360183515 ], [ 128.635819528379358, 42.171330266898686 ], [ 128.636574351526065, 42.17076414077389 ], [ 128.636902997671513, 42.170007411979675 ], [ 128.636589140767171, 42.168418439688232 ], [ 128.635862985475541, 42.166919116163882 ], [ 128.635447784435939, 42.16535417669148 ], [ 128.635933034419708, 42.163810555714932 ], [ 128.636112678085908, 42.16299039839145 ], [ 128.635841997637016, 42.162228302623099 ], [ 128.634957922619179, 42.161774674434639 ], [ 128.633878821832269, 42.161795590047895 ], [ 128.632854342880535, 42.162117012541984 ], [ 128.63202565439974, 42.162634960114183 ], [ 128.631109098472933, 42.164061581858689 ], [ 128.630598215941149, 42.164778458009621 ], [ 128.629827012288303, 42.165358738414945 ], [ 128.62888248047355, 42.165713086815792 ], [ 128.627839622599652, 42.165849945467784 ], [ 128.625666184311683, 42.166038991904522 ], [ 128.62379982519758, 42.166816235163743 ], [ 128.622277372633761, 42.167939995641959 ], [ 128.621269848819423, 42.168244116606445 ], [ 128.620197381300954, 42.168285017362543 ], [ 128.618131860451683, 42.167792955271054 ], [ 128.617118043453814, 42.167531026197999 ], [ 128.61598821954999, 42.167592387681147 ], [ 128.615016983855384, 42.168023525381543 ], [ 128.614708423913982, 42.168707928365563 ], [ 128.615180264519466, 42.170345356623386 ], [ 128.615056212336498, 42.171927132668245 ], [ 128.615124332280203, 42.173526643299148 ], [ 128.615600237460569, 42.174243417910709 ], [ 128.616411854866755, 42.174777744764775 ], [ 128.618497449040262, 42.175223378650657 ], [ 128.62063854186718, 42.175018181693126 ], [ 128.622765277487218, 42.174688445696859 ], [ 128.624853674795418, 42.1748574076477 ], [ 128.626958690734909, 42.175320447978862 ], [ 128.628027131783284, 42.175425463665128 ], [ 128.62906720949141, 42.17526534050846 ], [ 128.63080658974684, 42.174312251385146 ], [ 128.632344899004977, 42.173204036709038 ] ] ] } },
{ "type": "Feature", "properties": { "DSN": "张广才岭玄武岩                          ", "DSO": "βN                 ", "DSO_TXT": "βN", "CHFCAC": "K5215D01D00154", "SHEET": "K5215" }, "geometry": { "type": "Polygon", "coordinates": [ [ [ 128.609698436074808, 42.161389877690773 ], [ 128.610883575475498, 42.156796224842687 ], [ 128.612004146330804, 42.154636319499353 ], [ 128.61152214420315, 42.153481080031234 ], [ 128.610919908355697, 42.153159687087182 ], [ 128.610103749870149, 42.153083141597868 ], [ 128.603937879996323, 42.154075424279483 ], [ 128.600797177867634, 42.154002587996871 ], [ 128.599521561346052, 42.154686299724887 ], [ 128.598439587076143, 42.155539712323218 ], [ 128.595697603037593, 42.156710242103614 ], [ 128.595247236499574, 42.157182225835712 ], [ 128.595151598990327, 42.157760798047001 ], [ 128.595402287009961, 42.158932711491339 ], [ 128.596171168387968, 42.159954867246441 ], [ 128.597316065960996, 42.16076342834279 ], [ 128.600333189761471, 42.161401615511991 ], [ 128.602974021516815, 42.162686096380831 ], [ 128.605349315692166, 42.164215194729316 ], [ 128.606133827991471, 42.164315233755822 ], [ 128.60690188444994, 42.164185780887912 ], [ 128.608048648475375, 42.163378614712883 ], [ 128.609698436074808, 42.161389877690773 ] ] ] } },
{ "type": "Feature", "properties": { "DSN": "军舰山玄武岩                            ", "DSO": "βQ↓1              ", "DSO_TXT": "βQ1", "CHFCAC": "K5215D01D00155", "SHEET": "K5215" }, "geometry": { "type": "Polygon", "coordinates": [ [ [ 128.829873404133764, 42.207223804454301 ], [ 128.829509060242458, 42.210465986441498 ], [ 128.829221718270816, 42.211335192419007 ], [ 128.82864596886597, 42.211807529358914 ], [ 128.828053459986819, 42.211718588293678 ], [ 128.827224995705762, 42.211211030298081 ], [ 128.826338479732982, 42.210263107796983 ], [ 128.825808971698848, 42.208824697906088 ], [ 128.82536970709063, 42.20690884598303 ], [ 128.825522666975559, 42.205170001355015 ], [ 128.826386219325855, 42.203652370095746 ], [ 128.828353713786811, 42.202355844939419 ], [ 128.830600326490099, 42.201791283173847 ], [ 128.832831920063086, 42.201297957665609 ], [ 128.833890239543052, 42.201087884078547 ], [ 128.834577350301657, 42.201027930671053 ], [ 128.83491598727565, 42.20136433833062 ], [ 128.834854040802384, 42.201795224191741 ], [ 128.834509506871569, 42.202170408357119 ], [ 128.833633477525723, 42.202769773108898 ], [ 128.831832850275958, 42.203880993961789 ], [ 128.830530495478911, 42.205309590616288 ], [ 128.830205715902849, 42.206195018896452 ], [ 128.829873404133764, 42.207223804454301 ] ] ] } },
{ "type": "Feature", "properties": { "DSN": "军舰山玄武岩                            ", "DSO": "βQ↓1              ", "DSO_TXT": "βQ1", "CHFCAC": "K5215D01D00156", "SHEET": "K5215" }, "geometry": { "type": "Polygon", "coordinates": [ [ [ 128.875220984473316, 42.158882511141542 ], [ 128.871827505113941, 42.160450419114731 ], [ 128.870136920468155, 42.161375484079642 ], [ 128.869430694160144, 42.161779182069687 ], [ 128.869038535141925, 42.162679807525102 ], [ 128.869052386749331, 42.163982709019777 ], [ 128.869316488059582, 42.164778368151552 ], [ 128.870099501399068, 42.165315475084533 ], [ 128.871039821344795, 42.165619614545363 ], [ 128.872261048875686, 42.165620982996202 ], [ 128.874028929745748, 42.165086723397074 ], [ 128.877272680611213, 42.163340285553197 ], [ 128.881024754230879, 42.162291268822266 ], [ 128.882537266910049, 42.161335109527698 ], [ 128.883608878915084, 42.160079675442788 ], [ 128.885395508383084, 42.157544962435786 ], [ 128.887879115350842, 42.15504519358317 ], [ 128.888694997560464, 42.153776058803587 ], [ 128.888976361204556, 42.152251432944851 ], [ 128.888387325285862, 42.150978094931709 ], [ 128.88738507388743, 42.149741481208657 ], [ 128.88660319386392, 42.149157862268432 ], [ 128.885569968331026, 42.148853755907517 ], [ 128.884535201904072, 42.1488527192326 ], [ 128.88362505333896, 42.149294763407518 ], [ 128.882745604446029, 42.150086538947555 ], [ 128.882177627093483, 42.151461476621705 ], [ 128.881674079524487, 42.152976358724835 ], [ 128.880895368873155, 42.154328954309364 ], [ 128.878567534496426, 42.156748329054459 ], [ 128.877150095839994, 42.157793220515593 ], [ 128.875220984473316, 42.158882511141542 ] ] ] } },
{ "type": "Feature", "properties": { "DSN": "大拉子组下段                            ", "DSO": "K↓1→d↑1          ", "DSO_TXT": "K1d-1", "CHFCAC": "K5215D01D00157", "SHEET": "K5215" }, "geometry": { "type": "Polygon", "coordinates": [ [ [ 128.950373979258842, 42.13919598023665 ], [ 128.951918937988637, 42.1381338026302 ], [ 128.953715700149104, 42.137350590769927 ], [ 128.955815958378309, 42.137259266777399 ], [ 128.957873414680193, 42.137575387278694 ], [ 128.959936673646439, 42.13786616752472 ], [ 128.962036130867801, 42.137940733121241 ], [ 128.964091083464837, 42.138264670130184 ], [ 128.966014268786665, 42.138884022959367 ], [ 128.96786704684402, 42.139639689896669 ], [ 128.968565959745916, 42.140211703880908 ], [ 128.968968867175732, 42.140947867538152 ], [ 128.968968549439722, 42.141720002271704 ], [ 128.96854506248016, 42.142444080326918 ], [ 128.967163816399591, 42.143620780170473 ], [ 128.965638450861775, 42.144689886768909 ], [ 128.964643537336428, 42.146066230822626 ], [ 128.963898967927037, 42.147534587897155 ], [ 128.962875719312308, 42.148892035153139 ], [ 128.960572789686864, 42.151511938363981 ], [ 128.958968368136652, 42.152515565753461 ], [ 128.957077975255885, 42.153162155397396 ], [ 128.954950431161933, 42.153098339386815 ], [ 128.952990889156155, 42.152582347016235 ], [ 128.95138349316872, 42.151557636795886 ], [ 128.950345337743187, 42.150207819683288 ], [ 128.94958329822768, 42.148756994059021 ], [ 128.949288146861846, 42.148023628930858 ], [ 128.948625783048499, 42.147402971082556 ], [ 128.947434921223874, 42.14610189349257 ], [ 128.946814255939216, 42.144621217207657 ], [ 128.946639192194709, 42.143837223928998 ], [ 128.946841840661619, 42.143106820092008 ], [ 128.948163015148737, 42.141838877214688 ], [ 128.94938376336421, 42.140588267288955 ], [ 128.950373979258842, 42.13919598023665 ] ] ] } },
{ "type": "Feature", "properties": { "DSN": "军舰山玄武岩                            ", "DSO": "βQ↓1              ", "DSO_TXT": "βQ1", "CHFCAC": "K5215D01D00158", "SHEET": "K5215" }, "geometry": { "type": "Polygon", "coordinates": [ [ [ 128.878771711743696, 42.143706028302155 ], [ 128.876298249637728, 42.143410720311607 ], [ 128.874725105186229, 42.142781869854623 ], [ 128.874051871707593, 42.142028559828518 ], [ 128.874081932769627, 42.141046067638939 ], [ 128.875096048616626, 42.140001934697054 ], [ 128.876306265209081, 42.13929248094604 ], [ 128.877403281235729, 42.138959183334833 ], [ 128.879061806557644, 42.139002752016673 ], [ 128.880896594401293, 42.139485481218799 ], [ 128.8822167428375, 42.140093085052676 ], [ 128.883283477401477, 42.140930367346364 ], [ 128.883646990369499, 42.141996882516409 ], [ 128.883383912771393, 42.142895520674479 ], [ 128.882820634744036, 42.143438471538261 ], [ 128.882033645121709, 42.143698073906734 ], [ 128.880370355719577, 42.143767717735827 ], [ 128.878771711743696, 42.143706028302155 ] ] ] } },
{ "type": "Feature", "properties": { "DSN": "军舰山玄武岩                            ", "DSO": "βQ↓1              ", "DSO_TXT": "βQ1", "CHFCAC": "K5215D01D00159", "SHEET": "K5215" }, "geometry": { "type": "Polygon", "coordinates": [ [ [ 128.915513022941639, 42.117872063574225 ], [ 128.914083287500404, 42.116839330873646 ], [ 128.9131354523781, 42.115632707553246 ], [ 128.912632008702701, 42.114255947321965 ], [ 128.913006622538688, 42.113597597212845 ], [ 128.914222481694594, 42.113112103184704 ], [ 128.915876881356013, 42.113279727588115 ], [ 128.917575445873297, 42.113879995494692 ], [ 128.920794168058364, 42.114780815584204 ], [ 128.922582101629217, 42.11551418929588 ], [ 128.923564726873195, 42.11654651940929 ], [ 128.923787499415312, 42.117245542419859 ], [ 128.923383993089857, 42.118077266813216 ], [ 128.92239777913926, 42.118880218912985 ], [ 128.920668033543706, 42.119476987716418 ], [ 128.918507787168807, 42.119172138852321 ], [ 128.917049846622291, 42.11870998447236 ], [ 128.915513022941639, 42.117872063574225 ] ] ] } },
{ "type": "Feature", "properties": { "DSN": "军舰山玄武岩                            ", "DSO": "βQ↓1              ", "DSO_TXT": "βQ1", "CHFCAC": "K5215D01D00160", "SHEET": "K5215" }, "geometry": { "type": "Polygon", "coordinates": [ [ [ 128.929570836912688, 42.131993242209184 ], [ 128.929596234060682, 42.134672221718311 ], [ 128.929340107095413, 42.135431456276315 ], [ 128.928811024867827, 42.136084970120002 ], [ 128.927928177852635, 42.136262241756221 ], [ 128.926559501617305, 42.136146912703026 ], [ 128.925340583519585, 42.13547111214617 ], [ 128.924667121273927, 42.134145194845701 ], [ 128.924392621584701, 42.132798020803236 ], [ 128.924324438981159, 42.131272699071346 ], [ 128.925070644628505, 42.128960839359898 ], [ 128.925785325261387, 42.127674517956976 ], [ 128.926682941439367, 42.127231338200396 ], [ 128.927532535904987, 42.127464835762588 ], [ 128.928560117021533, 42.128530430464089 ], [ 128.929050776802057, 42.129762082405797 ], [ 128.929570836912688, 42.131993242209184 ] ] ] } },
{ "type": "Feature", "properties": { "DSN": "Ⅲ级阶地                                ", "DSO": "Q↓2                ", "DSO_TXT": "Q2", "CHFCAC": "K5215D01D00161", "SHEET": "K5215" }, "geometry": { "type": "Polygon", "coordinates": [ [ [ 128.794104816592437, 42.050403673148637 ], [ 128.792649330974228, 42.052060072489056 ], [ 128.791074473026697, 42.053171797812851 ], [ 128.789273933162946, 42.054080172286632 ], [ 128.787818065867413, 42.055280100739132 ], [ 128.785053883959421, 42.057784333873997 ], [ 128.783512333906515, 42.058907720511243 ], [ 128.781636805428036, 42.059755628551883 ], [ 128.780685415494617, 42.060135269018019 ], [ 128.779630854052556, 42.060291794068917 ], [ 128.778525255954264, 42.060368941132651 ], [ 128.777400904622652, 42.0600525001271 ], [ 128.776900361720379, 42.059364989137926 ], [ 128.777464418257409, 42.058496542316298 ], [ 128.7786692701128, 42.057146170019656 ], [ 128.780104113469775, 42.055929785561631 ], [ 128.781732113815025, 42.054863936255742 ], [ 128.783707079025419, 42.051882454398566 ], [ 128.784548906018614, 42.050791816227843 ], [ 128.786574291502717, 42.049603054119899 ], [ 128.788621149303367, 42.048583734594104 ], [ 128.790092025727716, 42.04730697284424 ], [ 128.791099966805064, 42.046622271094712 ], [ 128.792396526006996, 42.046081233043687 ], [ 128.793442960817799, 42.045894319930959 ], [ 128.795606008155829, 42.045651559180399 ], [ 128.797677131438832, 42.045168406033305 ], [ 128.799706556226852, 42.044584176206762 ], [ 128.801122082448273, 42.044330800699598 ], [ 128.802085246207241, 42.044519702874858 ], [ 128.802335499439465, 42.044894612345956 ], [ 128.802128444756306, 42.045677300191748 ], [ 128.801366924874173, 42.046221258878994 ], [ 128.80033459057978, 42.046535052359921 ], [ 128.79839684714878, 42.0472648812272 ], [ 128.79637391373862, 42.048472925369275 ], [ 128.794104816592437, 42.050403673148637 ] ] ] } },
{ "type": "Feature", "properties": { "DSN": "Ⅲ级阶地                                ", "DSO": "Q↓2                ", "DSO_TXT": "Q2", "CHFCAC": "K5215D01D00162", "SHEET": "K5215" }, "geometry": { "type": "Polygon", "coordinates": [ [ [ 128.864908259879797, 42.053937108894047 ], [ 128.867730537948063, 42.052201261932638 ], [ 128.868548992917056, 42.051924512438859 ], [ 128.869430010321992, 42.052078882179671 ], [ 128.869978578670811, 42.052624759655842 ], [ 128.870236569755377, 42.053279357411604 ], [ 128.870355653678445, 42.054642634720132 ], [ 128.870094023449582, 42.055986340850787 ], [ 128.869080697478239, 42.05709722434721 ], [ 128.867464508535306, 42.057737293704619 ], [ 128.865751289931438, 42.058204088584965 ], [ 128.863948284504204, 42.058379658271257 ], [ 128.862116676618314, 42.058211353939946 ], [ 128.860509333843339, 42.057676931011841 ], [ 128.86006384458787, 42.057077348578275 ], [ 128.860546951023451, 42.056205453549829 ], [ 128.86218439598926, 42.055643019493964 ], [ 128.863777264237058, 42.054752210708536 ], [ 128.864908259879797, 42.053937108894047 ] ] ] } },
{ "type": "Feature", "properties": { "DSN": "军舰山玄武岩                            ", "DSO": "βQ↓1              ", "DSO_TXT": "βQ1", "CHFCAC": "K5215D01D00163", "SHEET": "K5215" }, "geometry": { "type": "Polygon", "coordinates": [ [ [ 128.931767851707406, 42.066148049065632 ], [ 128.930638372463932, 42.066328137353153 ], [ 128.92949973118624, 42.066242385727016 ], [ 128.929000281337522, 42.066004738419338 ], [ 128.92879142676432, 42.065640944608901 ], [ 128.929241993756364, 42.064789111585682 ], [ 128.930079637457254, 42.064179924942287 ], [ 128.931100312753188, 42.063818476622743 ], [ 128.932187045635857, 42.063451317922812 ], [ 128.932868022013082, 42.062816399995825 ], [ 128.933178753858613, 42.061966398557296 ], [ 128.933866241388102, 42.061282992522941 ], [ 128.934971150108026, 42.061027925273066 ], [ 128.936099340071195, 42.061212058676013 ], [ 128.937959492485646, 42.062195722793298 ], [ 128.940263293904309, 42.062270902174866 ], [ 128.941145767292483, 42.062848040630222 ], [ 128.941450604421192, 42.063619259722067 ], [ 128.941313274687957, 42.064500351524295 ], [ 128.941581847420281, 42.065334316062682 ], [ 128.942018130961856, 42.067018213752682 ], [ 128.941519703456152, 42.067768207599144 ], [ 128.940399018444822, 42.067741273848455 ], [ 128.939430655097112, 42.067234930496326 ], [ 128.938394941792382, 42.067036007608728 ], [ 128.936059138536365, 42.06718603387398 ], [ 128.934985911597721, 42.066923025343016 ], [ 128.93399910574945, 42.066462930879879 ], [ 128.93291789905436, 42.066182139933439 ], [ 128.931767851707406, 42.066148049065632 ] ] ] } },
{ "type": "Feature", "properties": { "DSN": "军舰山玄武岩                            ", "DSO": "βQ↓1              ", "DSO_TXT": "βQ1", "CHFCAC": "K5215D01D00164", "SHEET": "K5215" }, "geometry": { "type": "Polygon", "coordinates": [ [ [ 128.930973489017191, 42.080316840434804 ], [ 128.932491002085158, 42.078353882250987 ], [ 128.933645551903282, 42.076248790788576 ], [ 128.933645679175385, 42.075123139712701 ], [ 128.933289211770756, 42.074010579719236 ], [ 128.932664163177918, 42.072977311512886 ], [ 128.931343765933292, 42.072444904169046 ], [ 128.930583560786175, 42.072500976200409 ], [ 128.929984320404685, 42.072858497704267 ], [ 128.929737368940351, 42.073395482855972 ], [ 128.929831751867766, 42.073956131200674 ], [ 128.929813481739359, 42.075092729857836 ], [ 128.929006502667477, 42.076051056545488 ], [ 128.927920860230728, 42.076855009535691 ], [ 128.927475475249452, 42.077311990303265 ], [ 128.927304838625133, 42.077861118209725 ], [ 128.927355843505751, 42.079029730105958 ], [ 128.927145374219577, 42.079553054483036 ], [ 128.926591225427671, 42.079945435063514 ], [ 128.925078070270899, 42.080121040694657 ], [ 128.924372872471309, 42.08026196976185 ], [ 128.923824955587293, 42.08067160435462 ], [ 128.923032017403727, 42.081641217478925 ], [ 128.922071228945981, 42.082497559668447 ], [ 128.920735582697489, 42.083060685888313 ], [ 128.919701069359945, 42.08387599777425 ], [ 128.91988881114321, 42.084397496216646 ], [ 128.920529759039312, 42.084736967486599 ], [ 128.921967934232953, 42.085090858116338 ], [ 128.923481019661097, 42.085267760289099 ], [ 128.925003532025158, 42.085171444599176 ], [ 128.926415738952358, 42.084741114386745 ], [ 128.927636452003838, 42.084051254537009 ], [ 128.929638218517255, 42.082329918781397 ], [ 128.930484230873702, 42.081386752083226 ], [ 128.930973489017191, 42.080316840434804 ] ] ] } },
{ "type": "Feature", "properties": { "DSN": "军舰山玄武岩                            ", "DSO": "βQ↓1              ", "DSO_TXT": "βQ1", "CHFCAC": "K5215D01D00165", "SHEET": "K5215" }, "geometry": { "type": "Polygon", "coordinates": [ [ [ 128.923460700825359, 42.107190163298291 ], [ 128.922012266231718, 42.106102287263177 ], [ 128.921169583882232, 42.105364660034574 ], [ 128.920672614764555, 42.104670337989845 ], [ 128.9210923517808, 42.103859566018045 ], [ 128.921837332444198, 42.102907306865028 ], [ 128.923581668702354, 42.102442564906887 ], [ 128.926711469165724, 42.102477886794645 ], [ 128.930154655981994, 42.102147234199506 ], [ 128.932032122810199, 42.10254772130105 ], [ 128.932702450710053, 42.102880913585892 ], [ 128.932970023227938, 42.103546666365943 ], [ 128.932835005110888, 42.104378582529847 ], [ 128.931720712701946, 42.105344707712476 ], [ 128.93022247190612, 42.106330735000682 ], [ 128.928799790057184, 42.107397930392679 ], [ 128.927965535016398, 42.107811958894395 ], [ 128.926996251140963, 42.108025708490779 ], [ 128.925229559511791, 42.107934816900425 ], [ 128.923460700825359, 42.107190163298291 ] ] ] } },
{ "type": "Feature", "properties": { "DSN": "军舰山玄武岩                            ", "DSO": "βQ↓1              ", "DSO_TXT": "βQ1", "CHFCAC": "K5215D01D00166", "SHEET": "K5215" }, "geometry": { "type": "Polygon", "coordinates": [ [ [ 128.847285690370427, 42.190271357605802 ], [ 128.847872055113839, 42.191376678409782 ], [ 128.84809369913836, 42.192523193993928 ], [ 128.847643061958394, 42.193293690463648 ], [ 128.846716823933463, 42.193542542263394 ], [ 128.845815196832945, 42.193394286493337 ], [ 128.844443995029081, 42.192614531610921 ], [ 128.843400876896652, 42.191666868439434 ], [ 128.8427463266502, 42.190540617792266 ], [ 128.842598531037254, 42.189308529191152 ], [ 128.842550719315, 42.188180914746013 ], [ 128.843114861493831, 42.18688958127661 ], [ 128.844070700904354, 42.185973905874874 ], [ 128.844857117997151, 42.185516482284534 ], [ 128.845813895677935, 42.185553339653353 ], [ 128.846418895891873, 42.185945297995808 ], [ 128.846796211337363, 42.186560973867188 ], [ 128.846870752776965, 42.187874156407233 ], [ 128.846867785205347, 42.189103736672628 ], [ 128.847285690370427, 42.190271357605802 ] ] ] } },
{ "type": "Feature", "properties": { "DSN": "张广才岭玄武岩                          ", "DSO": "βN                 ", "DSO_TXT": "βN", "CHFCAC": "K5215D01D00167", "SHEET": "K5215" }, "geometry": { "type": "MultiPolygon", "coordinates": [ [ [ [ 128.645353222887422, 42.348029248587366 ], [ 128.645128601875797, 42.3490308031758 ], [ 128.645481634188286, 42.34993041308001 ], [ 128.646630028542205, 42.35029480523351 ], [ 128.648015544658421, 42.350351161041573 ], [ 128.649369703475031, 42.350174873204068 ], [ 128.651726587329193, 42.349628689756258 ], [ 128.651726587329193, 42.349628689756258 ], [ 128.654274620907103, 42.348431295434658 ], [ 128.656043858503239, 42.346878315526759 ], [ 128.656043858503239, 42.346878315526759 ], [ 128.657355465813339, 42.345088789980778 ], [ 128.658358448735669, 42.343194107250014 ], [ 128.658642290987757, 42.341167566465217 ], [ 128.658320357476384, 42.340165333890759 ], [ 128.65750907075261, 42.339353516674848 ], [ 128.656230139402112, 42.339003857979222 ], [ 128.654840422815766, 42.339138474039551 ], [ 128.653650397741558, 42.339641016997732 ], [ 128.652947535559917, 42.340492993875174 ], [ 128.651712370342949, 42.342336711442329 ], [ 128.650005691310781, 42.343554871465756 ], [ 128.647843874072578, 42.344712997678329 ], [ 128.646220405578561, 42.346438467772963 ], [ 128.645353222887422, 42.348029248587366 ] ] ] ] } },
{ "type": "Feature", "properties": { "DSN": "张广才岭玄武岩                          ", "DSO": "βN                 ", "DSO_TXT": "βN", "CHFCAC": "K5215D01D00168", "SHEET": "K5215" }, "geometry": { "type": "Polygon", "coordinates": [ [ [ 128.618378786536482, 42.298314437669632 ], [ 128.620714846090266, 42.299151549146103 ], [ 128.623172706946946, 42.299651144398595 ], [ 128.628321303447763, 42.299949954336327 ], [ 128.630903671603193, 42.299852404950421 ], [ 128.63346323808122, 42.299880908161583 ], [ 128.634651904350164, 42.300254925576745 ], [ 128.63552162136466, 42.300964711321321 ], [ 128.635660333173604, 42.301906010041023 ], [ 128.635300948238552, 42.302851893171507 ], [ 128.633943849360236, 42.304469464919322 ], [ 128.632229357008356, 42.305890139410913 ], [ 128.630333491840588, 42.307187502988327 ], [ 128.627816994054712, 42.307580417489177 ], [ 128.625233800398945, 42.307589486767753 ], [ 128.622998800951166, 42.306650466885088 ], [ 128.619116190154102, 42.304131188253066 ], [ 128.617022383145382, 42.303018493228961 ], [ 128.61474823456166, 42.302123844188067 ], [ 128.610279540088698, 42.30021814110308 ], [ 128.607750415059542, 42.299869184581809 ], [ 128.605639846874624, 42.298792595353753 ], [ 128.603720770664466, 42.297439816863701 ], [ 128.60306469379745, 42.29667335820244 ], [ 128.602739553024179, 42.295776107102107 ], [ 128.602609117901949, 42.294726869344132 ], [ 128.602755991378046, 42.293709584651815 ], [ 128.60308053657684, 42.293371637390251 ], [ 128.60362761452086, 42.293212017663812 ], [ 128.605017598099408, 42.293161728985055 ], [ 128.607583413471588, 42.293228115635785 ], [ 128.609925673626577, 42.293918586018691 ], [ 128.613937736095977, 42.296380818525819 ], [ 128.618378786536482, 42.298314437669632 ] ] ] } },
{ "type": "Feature", "properties": { "DSN": "张广才岭玄武岩                          ", "DSO": "βN                 ", "DSO_TXT": "βN", "CHFCAC": "K5215D01D00169", "SHEET": "K5215" }, "geometry": { "type": "Polygon", "coordinates": [ [ [ 128.519831563294275, 42.548257111326045 ], [ 128.518495963129254, 42.54783826159413 ], [ 128.517061495822134, 42.547703533951314 ], [ 128.515725465325659, 42.548107671804374 ], [ 128.514735241726299, 42.548922964047108 ], [ 128.514397595321981, 42.549957570992561 ], [ 128.514853824646991, 42.55098972526033 ], [ 128.515935138656914, 42.551738282425156 ], [ 128.517319854702691, 42.551988035022653 ], [ 128.520207476534239, 42.551686324522819 ], [ 128.522742188512638, 42.550643300549254 ], [ 128.523274161913349, 42.550282525442931 ], [ 128.523494150699605, 42.549740493150018 ], [ 128.523186700668617, 42.549296365671786 ], [ 128.522516808994254, 42.549024586886667 ], [ 128.519831563294275, 42.548257111326045 ] ] ] } },
{ "type": "Feature", "properties": { "DSN": "张广才岭玄武岩                          ", "DSO": "βN                 ", "DSO_TXT": "βN", "CHFCAC": "K5215D01D00170", "SHEET": "K5215" }, "geometry": { "type": "MultiPolygon", "coordinates": [ [ [ [ 128.384986285283276, 42.319477041779898 ], [ 128.382853926307007, 42.320602988989705 ], [ 128.380508642514656, 42.321457674465769 ], [ 128.377960436695332, 42.321910241321639 ], [ 128.37536240024022, 42.321989235426067 ], [ 128.372694173640781, 42.321917972281376 ], [ 128.371383993911763, 42.322002502805979 ], [ 128.370176558727906, 42.322309398749731 ], [ 128.368201021421243, 42.323601895095912 ], [ 128.366803976976115, 42.325244682691384 ], [ 128.365030328624499, 42.328882325611403 ], [ 128.364198876168672, 42.33076740277172 ], [ 128.361969794244573, 42.331708797159628 ], [ 128.359971559373918, 42.332972704359427 ], [ 128.358728340730693, 42.333282663166244 ], [ 128.35741570061623, 42.33327781001995 ], [ 128.356179295500709, 42.332906387422852 ], [ 128.355370234315671, 42.332166861244929 ], [ 128.35466053162969, 42.330287091752474 ], [ 128.354564146489906, 42.328349577283561 ], [ 128.354865605154913, 42.326420816288724 ], [ 128.355312660690089, 42.324507734841667 ], [ 128.356228460241937, 42.322686756466979 ], [ 128.357008093669549, 42.321906487279541 ], [ 128.358018431568524, 42.321286450212327 ], [ 128.36043341246949, 42.320553815401389 ], [ 128.363006358811305, 42.320187120731418 ], [ 128.364249356836552, 42.319889624155508 ], [ 128.365294421243476, 42.319304447075837 ], [ 128.366707321838589, 42.317672069794405 ], [ 128.368277761236811, 42.316127770303517 ], [ 128.369407743342009, 42.315626107792554 ], [ 128.370675344244518, 42.315370044210987 ], [ 128.373286964009594, 42.31545400394193 ], [ 128.378379814954741, 42.316328504796758 ], [ 128.379723602125438, 42.316304942318077 ], [ 128.380931345059963, 42.315951795283461 ], [ 128.380931345059963, 42.315951795283461 ], [ 128.382914984361292, 42.31467635275002 ], [ 128.384403651135216, 42.313096895778848 ], [ 128.385501265801537, 42.311333336817931 ], [ 128.385501265801537, 42.311333336817931 ], [ 128.386988085243843, 42.307613129391385 ], [ 128.387825518725407, 42.303777831870427 ], [ 128.387717607167218, 42.301840921011205 ], [ 128.386923915699754, 42.299992445394025 ], [ 128.38585097638358, 42.298221388114911 ], [ 128.385601935289202, 42.297274951503375 ], [ 128.385756389865975, 42.296297147739146 ], [ 128.386451318265983, 42.295507245555818 ], [ 128.387670661822256, 42.295095831942056 ], [ 128.390264563929207, 42.294895408795263 ], [ 128.392868466613095, 42.295049395616005 ], [ 128.395424494558455, 42.29547268834591 ], [ 128.397688990417521, 42.296435826494225 ], [ 128.400076110303274, 42.297226172050102 ], [ 128.402661689854966, 42.29761293175725 ], [ 128.403749152346876, 42.298145569580726 ], [ 128.404183028370937, 42.299041860140392 ], [ 128.403805875983267, 42.299998384963928 ], [ 128.402902251164164, 42.300688056226797 ], [ 128.400369931130172, 42.301215830044676 ], [ 128.397815175446738, 42.301622597106075 ], [ 128.396565835447461, 42.301926745541181 ], [ 128.395546685583213, 42.302507688711671 ], [ 128.394277911094747, 42.304242952726504 ], [ 128.393710876176812, 42.306132265836467 ], [ 128.393060204660827, 42.309980577139505 ], [ 128.391604362440603, 42.313726728846738 ], [ 128.390729885701717, 42.315528288979017 ], [ 128.389009531790606, 42.31700126132921 ], [ 128.384986285283276, 42.319477041779898 ] ] ] ] } },
{ "type": "Feature", "properties": { "DSN": "张广才岭玄武岩                          ", "DSO": "βN                 ", "DSO_TXT": "βN", "CHFCAC": "K5215D01D00171", "SHEET": "K5215" }, "geometry": { "type": "Polygon", "coordinates": [ [ [ 128.463320714036229, 42.251066824264754 ], [ 128.464477223360063, 42.252738966346818 ], [ 128.464959440641934, 42.254564375348977 ], [ 128.4648573499951, 42.258329908505395 ], [ 128.464444518157876, 42.260167478982439 ], [ 128.463876580162207, 42.26100944044186 ], [ 128.463268912184731, 42.261135007948511 ], [ 128.462634300322009, 42.261028015826959 ], [ 128.461730917912604, 42.260385071296021 ], [ 128.461244660690852, 42.259507862122163 ], [ 128.46084804486037, 42.257655868638217 ], [ 128.460505656826172, 42.255801463506984 ], [ 128.45981119813672, 42.253984121474289 ], [ 128.458393701097833, 42.252452174314087 ], [ 128.456380362681443, 42.251304654540611 ], [ 128.451859068756562, 42.249642207338432 ], [ 128.451032005241501, 42.248947557102753 ], [ 128.45050462320188, 42.248077196372329 ], [ 128.450169581764413, 42.246205940714546 ], [ 128.45048578968246, 42.244348362942446 ], [ 128.450488905678526, 42.242473965103308 ], [ 128.450216745876929, 42.240634432982297 ], [ 128.450713758432272, 42.238747949101473 ], [ 128.451390149098529, 42.238028760307706 ], [ 128.452646509845266, 42.237675201586434 ], [ 128.453247708123371, 42.237725801334101 ], [ 128.453717941460042, 42.238023775512971 ], [ 128.454674525993823, 42.238600333529824 ], [ 128.457191159600001, 42.238307396012971 ], [ 128.459625134466762, 42.237804484747585 ], [ 128.460746450823535, 42.238211153297129 ], [ 128.461444043350809, 42.23899023941344 ], [ 128.461550500298983, 42.240862789345982 ], [ 128.460092864695724, 42.244444143031934 ], [ 128.459626936545732, 42.246282374272766 ], [ 128.459781178572229, 42.247213930226394 ], [ 128.460270345205458, 42.248079726727944 ], [ 128.463320714036229, 42.251066824264754 ] ] ] } },
{ "type": "Feature", "properties": { "DSN": "张广才岭玄武岩                          ", "DSO": "βN                 ", "DSO_TXT": "βN", "CHFCAC": "K5215D01D00172", "SHEET": "K5215" }, "geometry": { "type": "Polygon", "coordinates": [ [ [ 128.548915127941797, 42.139807372158231 ], [ 128.547615753411947, 42.140487628018008 ], [ 128.547347852351805, 42.141021794692783 ], [ 128.547475413921859, 42.141618028290708 ], [ 128.548278647074568, 42.142613014026757 ], [ 128.549552406161382, 42.143329837424226 ], [ 128.550722390978962, 42.144115959435638 ], [ 128.551610760974199, 42.145092551171921 ], [ 128.552919865121368, 42.14576761685101 ], [ 128.553632569177381, 42.145909548486493 ], [ 128.554278256584354, 42.145526299268433 ], [ 128.55488983975431, 42.144457091082657 ], [ 128.554566265032179, 42.143319371160743 ], [ 128.553029706928072, 42.141268913634114 ], [ 128.552927780296301, 42.140102915712653 ], [ 128.552526326460509, 42.139577025314388 ], [ 128.551921091771931, 42.139212456547924 ], [ 128.550344042098772, 42.139314758133111 ], [ 128.548915127941797, 42.139807372158231 ] ] ] } },
{ "type": "Feature", "properties": { "DSN": "Ⅲ级阶地                                ", "DSO": "Q↓2                ", "DSO_TXT": "Q2", "CHFCAC": "K5215D01D00173", "SHEET": "K5215" }, "geometry": { "type": "MultiPolygon", "coordinates": [ [ [ [ 128.307716470002447, 42.565097509834388 ], [ 128.308056088685959, 42.562997546779613 ], [ 128.308037924952203, 42.560885291717049 ], [ 128.307124225465998, 42.556708277504164 ], [ 128.305959816475252, 42.554779279420828 ], [ 128.305033576414019, 42.553969581012332 ], [ 128.303902230107525, 42.553322163106905 ], [ 128.301229549147735, 42.552551334442768 ], [ 128.298460881347324, 42.55208111518084 ], [ 128.29266586323169, 42.5520879985786 ], [ 128.289813034247913, 42.552271072245482 ], [ 128.288493632868949, 42.552673026196544 ], [ 128.287047544422819, 42.553354444711779 ], [ 128.285622358000552, 42.554799010915836 ], [ 128.284817426811315, 42.557015308429165 ], [ 128.285069361994175, 42.559249698640372 ], [ 128.285151100959808, 42.560308230589072 ], [ 128.285288646937772, 42.561268915471487 ], [ 128.285288646937772, 42.561268915471487 ], [ 128.285317950306762, 42.561954691595446 ], [ 128.284600202559659, 42.563030557611398 ], [ 128.283697801116716, 42.563929906796595 ], [ 128.282493376529715, 42.565348400083515 ], [ 128.281621106634276, 42.566653373554345 ], [ 128.281403598301949, 42.567755127452486 ], [ 128.281886910499566, 42.568817627202463 ], [ 128.282911998677946, 42.569646729961754 ], [ 128.2842813174029, 42.570095314555793 ], [ 128.285787367577939, 42.570115394924954 ], [ 128.288579669528815, 42.569297420842283 ], [ 128.290013334806588, 42.568948255789472 ], [ 128.291517617135128, 42.568877568331459 ], [ 128.292995002709432, 42.569109028498922 ], [ 128.294352819459618, 42.569571242079355 ], [ 128.29684307656899, 42.570858381108401 ], [ 128.298129973298614, 42.571448951815995 ], [ 128.299565067708926, 42.571725052913699 ], [ 128.30107945041371, 42.571636287516299 ], [ 128.302505998033837, 42.571267325528808 ], [ 128.303764773185833, 42.570650874881103 ], [ 128.304781167964592, 42.569830028817393 ], [ 128.306125325499977, 42.56784442611594 ], [ 128.307716470002447, 42.565097509834388 ] ] ] ] } },
{ "type": "Feature", "properties": { "DSN": "Ⅲ级阶地                                ", "DSO": "Q↓2                ", "DSO_TXT": "Q2", "CHFCAC": "K5215D01D00174", "SHEET": "K5215" }, "geometry": { "type": "MultiPolygon", "coordinates": [ [ [ [ 128.339665074063248, 42.557487324682015 ], [ 128.339818736172163, 42.555844829585574 ], [ 128.339166959871648, 42.554272270845978 ], [ 128.337712990877492, 42.553009347331148 ], [ 128.33574195871725, 42.552166586381489 ], [ 128.333544231525508, 42.551774484026581 ], [ 128.331296444123296, 42.551835963278542 ], [ 128.326886770368247, 42.552542638861034 ], [ 128.322900541521193, 42.554123279391845 ], [ 128.31906114750322, 42.555863627491995 ], [ 128.317342152397629, 42.556957775872682 ], [ 128.315922013064068, 42.558256822360981 ], [ 128.315003987423893, 42.559779954570828 ], [ 128.31412333540149, 42.561399993963363 ], [ 128.31412333540149, 42.561399993963363 ], [ 128.314740101880233, 42.561644039134045 ], [ 128.315002307678213, 42.562242659956851 ], [ 128.314932474792727, 42.563387319122796 ], [ 128.314492429617502, 42.564522889709586 ], [ 128.314274697779751, 42.565677550321404 ], [ 128.314515919889487, 42.566833848704817 ], [ 128.314930759106005, 42.567338314105719 ], [ 128.31556269154413, 42.567646520733952 ], [ 128.317186500269827, 42.56781979605578 ], [ 128.318789362719031, 42.567805275569597 ], [ 128.320235593645236, 42.567436965072261 ], [ 128.322921917351863, 42.566143181400214 ], [ 128.328587840630661, 42.564091141384857 ], [ 128.331564975376665, 42.563359894435685 ], [ 128.334768329105657, 42.563278855992884 ], [ 128.336174585928859, 42.562811567470938 ], [ 128.33724882305242, 42.561933873288893 ], [ 128.337838668559073, 42.56086454951425 ], [ 128.338081170417695, 42.559701824748338 ], [ 128.338400764660065, 42.55835555537162 ], [ 128.338956895866147, 42.557562566415037 ], [ 128.339665074063248, 42.557487324682015 ] ] ] ] } },
{ "type": "Feature", "properties": { "DSN": "军舰山玄武岩                            ", "DSO": "βQ↓1              ", "DSO_TXT": "βQ1", "CHFCAC": "K5215D01D00175", "SHEET": "K5215" }, "geometry": { "type": "Polygon", "coordinates": [ [ [ 128.366201697593112, 42.577788099703945 ], [ 128.371414017963502, 42.577192600936847 ], [ 128.374014435729038, 42.576983567299486 ], [ 128.375095668779551, 42.576360129618841 ], [ 128.375377679359644, 42.575923657579843 ], [ 128.375318343974499, 42.575465047901091 ], [ 128.373834362408616, 42.573814426804212 ], [ 128.371387803127163, 42.573096174822865 ], [ 128.369063628508485, 42.572181860383502 ], [ 128.367235650157539, 42.570775975653767 ], [ 128.36626548832777, 42.570126523128003 ], [ 128.365087942183322, 42.569665469232113 ], [ 128.363764063840193, 42.569454060683668 ], [ 128.362628035551637, 42.569855829348512 ], [ 128.36081557832668, 42.57132960837923 ], [ 128.359549503866958, 42.573029907878272 ], [ 128.359465335529052, 42.573996950677767 ], [ 128.35980003809405, 42.574952054338816 ], [ 128.360405836159828, 42.575832128233031 ], [ 128.361261494752739, 42.576573220789392 ], [ 128.362353389382776, 42.577127154960884 ], [ 128.36359194264702, 42.577490322560664 ], [ 128.366201697593112, 42.577788099703945 ] ] ] } },
{ "type": "Feature", "properties": { "DSN": "张广才岭玄武岩                          ", "DSO": "βN                 ", "DSO_TXT": "βN", "CHFCAC": "K5215D01D00176", "SHEET": "K5215" }, "geometry": { "type": "Polygon", "coordinates": [ [ [ 128.36541846764004, 42.618459609886628 ], [ 128.366279953003527, 42.616407058029452 ], [ 128.367148074675924, 42.615524485660806 ], [ 128.368236589724461, 42.614818698329813 ], [ 128.374049553692231, 42.615158822380216 ], [ 128.376979881202743, 42.615157149977385 ], [ 128.377654630014121, 42.615401081798268 ], [ 128.378127615353151, 42.615803358206648 ], [ 128.378365414856546, 42.616880786889048 ], [ 128.377554941175816, 42.618955189641504 ], [ 128.376392229797318, 42.62093806127789 ], [ 128.37564687789245, 42.621877030239823 ], [ 128.374609291618896, 42.622624698083513 ], [ 128.37189268234934, 42.623466507462012 ], [ 128.368988047493758, 42.623594421842434 ], [ 128.366357823069535, 42.624558462923545 ], [ 128.365047975300655, 42.625052157515924 ], [ 128.364346560932574, 42.625059421498484 ], [ 128.363831528259396, 42.624670038040868 ], [ 128.363416464274991, 42.6236137636851 ], [ 128.364073096605267, 42.622628170098587 ], [ 128.365046799668335, 42.620605425044516 ], [ 128.36541846764004, 42.618459609886628 ] ] ] } },
{ "type": "Feature", "properties": { "DSN": "张广才岭玄武岩                          ", "DSO": "βN                 ", "DSO_TXT": "βN", "CHFCAC": "K5215D01D00177", "SHEET": "K5215" }, "geometry": { "type": "Polygon", "coordinates": [ [ [ 128.414739310399256, 42.624757111420976 ], [ 128.418744180267055, 42.623029296694497 ], [ 128.420942984463522, 42.622447941647664 ], [ 128.423218181712457, 42.622703717837879 ], [ 128.425362283061872, 42.623375978596016 ], [ 128.427310760300514, 42.624317325971965 ], [ 128.431658126676751, 42.625467874746292 ], [ 128.432634582170721, 42.625957946814822 ], [ 128.433235671584697, 42.626663095782298 ], [ 128.433386067355741, 42.627534923344392 ], [ 128.432438037207447, 42.627999460509514 ], [ 128.430388767948841, 42.628769986865073 ], [ 128.42858040636267, 42.629855373351511 ], [ 128.427559289743357, 42.631383378036702 ], [ 128.427027030841401, 42.63215655527268 ], [ 128.42625181688831, 42.632798432328251 ], [ 128.425253966111853, 42.633237739490639 ], [ 128.424132274220312, 42.633476750062243 ], [ 128.42181413749492, 42.633583314719147 ], [ 128.417176602246656, 42.6336137471367 ], [ 128.41262487861411, 42.634316741777504 ], [ 128.411467124901236, 42.634392124802226 ], [ 128.410314403051302, 42.634214982034607 ], [ 128.409441094473294, 42.633685446793564 ], [ 128.408881783248148, 42.632921873327355 ], [ 128.408209788233421, 42.632218985023954 ], [ 128.407278377035283, 42.631696866697709 ], [ 128.405087622373316, 42.631177316372948 ], [ 128.403684124307375, 42.629821923285974 ], [ 128.403910669384459, 42.628129142524735 ], [ 128.40401723513412, 42.626410955746771 ], [ 128.404692434907474, 42.625707557681622 ], [ 128.405799630010961, 42.625522043430465 ], [ 128.410424707536293, 42.625922768986214 ], [ 128.412676180759348, 42.625542840275955 ], [ 128.414739310399256, 42.624757111420976 ] ] ] } },
{ "type": "Feature", "properties": { "DSN": "长财组下段                              ", "DSO": "J↓3→c↑1          ", "DSO_TXT": "J3c-1", "CHFCAC": "K5215D01D00178", "SHEET": "K5215" }, "geometry": { "type": "MultiPolygon", "coordinates": [ [ [ [ 128.768445883678993, 42.390025977619977 ], [ 128.768029738563598, 42.392986891115029 ], [ 128.768018340990466, 42.396081730112229 ], [ 128.768775398280468, 42.398146498226176 ], [ 128.769983889170703, 42.399346938316434 ], [ 128.77137368727702, 42.400115114406617 ], [ 128.773168381886677, 42.400451461964217 ], [ 128.774652900221497, 42.400154885649364 ], [ 128.776138298484426, 42.399325844281563 ], [ 128.77781016119792, 42.397589515813209 ], [ 128.778806112873298, 42.395208394029758 ], [ 128.779144123640179, 42.392729197126179 ], [ 128.778800096641618, 42.390249771343171 ], [ 128.777929552637886, 42.38818116522075 ], [ 128.777168370987823, 42.386948401169654 ], [ 128.776032387524822, 42.385808010801696 ], [ 128.774436423380024, 42.384779980576539 ], [ 128.772821891516401, 42.384144507574817 ], [ 128.771475839514636, 42.384341497008506 ], [ 128.770214201176231, 42.385470431693989 ], [ 128.769400551003343, 42.386899759567797 ], [ 128.768445883678993, 42.390025977619977 ] ], [ [ 128.771711716038652, 42.393060839422589 ], [ 128.772113794682184, 42.394492591216569 ], [ 128.772778253736107, 42.395267546987036 ], [ 128.773348512404624, 42.395497370879646 ], [ 128.774131896899235, 42.395395093501335 ], [ 128.77516437750441, 42.395014754036069 ], [ 128.775846625441375, 42.394147874780124 ], [ 128.776207984387355, 42.392637082465669 ], [ 128.776210240267403, 42.391439080275973 ], [ 128.776034126011837, 42.390440392129605 ], [ 128.774915520098176, 42.389240190483612 ], [ 128.773926397410918, 42.389238246279554 ], [ 128.772892563902673, 42.389735371005095 ], [ 128.771992291484679, 42.390831757694329 ], [ 128.771711716038652, 42.393060839422589 ] ] ] ] } },
{ "type": "Feature", "properties": { "DSN": "长财组上段                              ", "DSO": "J↓3→c↑2          ", "DSO_TXT": "J3c-2", "CHFCAC": "K5215D01D00179", "SHEET": "K5215" }, "geometry": { "type": "Polygon", "coordinates": [ [ [ 128.771711716038652, 42.393060839422589 ], [ 128.772113794682184, 42.394492591216569 ], [ 128.772778253736107, 42.395267546987036 ], [ 128.773348512404624, 42.395497370879646 ], [ 128.774131896899235, 42.395395093501335 ], [ 128.77516437750441, 42.395014754036069 ], [ 128.775846625441375, 42.394147874780124 ], [ 128.776207984387355, 42.392637082465669 ], [ 128.776210240267403, 42.391439080275973 ], [ 128.776034126011837, 42.390440392129605 ], [ 128.774915520098176, 42.389240190483612 ], [ 128.773926397410918, 42.389238246279554 ], [ 128.772892563902673, 42.389735371005095 ], [ 128.771992291484679, 42.390831757694329 ], [ 128.771711716038652, 42.393060839422589 ] ] ] } },
{ "type": "Feature", "properties": { "DSN": "张广才岭玄武岩                          ", "DSO": "βN                 ", "DSO_TXT": "βN", "CHFCAC": "K5215D01D00180", "SHEET": "K5215" }, "geometry": { "type": "Polygon", "coordinates": [ [ [ 128.448286021979072, 42.619346039615209 ], [ 128.450233321127087, 42.618080518377212 ], [ 128.452438334775053, 42.61705339518759 ], [ 128.454948155656894, 42.616566201875173 ], [ 128.45624925255504, 42.616638191668059 ], [ 128.457474499186986, 42.616984732226669 ], [ 128.45845426380555, 42.617628020158442 ], [ 128.458976680558322, 42.618510174297299 ], [ 128.458871970795229, 42.61945405568153 ], [ 128.458348012241061, 42.620366405112435 ], [ 128.456804870101109, 42.62192825350337 ], [ 128.454746194172856, 42.623063086982945 ], [ 128.452340825541398, 42.623827860205118 ], [ 128.449837488667328, 42.624387652029768 ], [ 128.447344904020895, 42.62482625819446 ], [ 128.444638537136711, 42.624904815045767 ], [ 128.443564202196114, 42.624429536531508 ], [ 128.443158757565641, 42.623515178909187 ], [ 128.443556247201968, 42.622594550872471 ], [ 128.444323862999482, 42.621806137857476 ], [ 128.448286021979072, 42.619346039615209 ] ] ] } },
{ "type": "Feature", "properties": { "DSN": "Ⅱ级阶地                                ", "DSO": "Q↓3                ", "DSO_TXT": "Q3", "CHFCAC": "K5215D01D00181", "SHEET": "K5215" }, "geometry": { "type": "Polygon", "coordinates": [ [ [ 128.095231175470104, 42.657266260149783 ], [ 128.09714532772378, 42.658182830571867 ], [ 128.097933249621008, 42.65888678376735 ], [ 128.098367294804007, 42.659090836097754 ], [ 128.09888552088475, 42.659039936556219 ], [ 128.100897903414392, 42.658015892788555 ], [ 128.102526059596443, 42.656870915518589 ], [ 128.103152224573165, 42.656167391530964 ], [ 128.10288384730336, 42.655335897116473 ], [ 128.102007461439939, 42.654745576370566 ], [ 128.100887784236676, 42.65451287691026 ], [ 128.098592018774895, 42.654503879517264 ], [ 128.097467333628799, 42.654293560773326 ], [ 128.096625309407329, 42.653774706221689 ], [ 128.095347363340181, 42.652313481486956 ], [ 128.094459729930492, 42.651726523897452 ], [ 128.093393478207815, 42.651398213763507 ], [ 128.092251920844717, 42.65140429107214 ], [ 128.091147002572455, 42.651703384179605 ], [ 128.090191493711899, 42.652212108958366 ], [ 128.089539582016641, 42.65290613879263 ], [ 128.089321421996061, 42.653750864338733 ], [ 128.089539019898154, 42.654607339364439 ], [ 128.090147934553727, 42.655340585233418 ], [ 128.09102960255376, 42.655882130589461 ], [ 128.095231175470104, 42.657266260149783 ] ] ] } },
{ "type": "Feature", "properties": { "DSN": "河漫滩                                  ", "DSO": "Q↓4↑3             ", "DSO_TXT": "Q4-3", "CHFCAC": "K5215D01D00182", "SHEET": "K5215" }, "geometry": { "type": "Polygon", "coordinates": [ [ [ 128.073727612569314, 42.647453454744756 ], [ 128.071714500846525, 42.648786085860927 ], [ 128.069435608385731, 42.64987543529039 ], [ 128.068140560809752, 42.650068881177162 ], [ 128.066768162615801, 42.649835055865559 ], [ 128.065575921364427, 42.649351061718136 ], [ 128.064730666617265, 42.648573806550189 ], [ 128.064566060118722, 42.648076650191577 ], [ 128.064911078796172, 42.647666586637826 ], [ 128.066237838838475, 42.647494258172884 ], [ 128.067605307208765, 42.647532464983726 ], [ 128.068848670504167, 42.647162704800778 ], [ 128.071446651591515, 42.646654863432445 ], [ 128.072737913224898, 42.646731533715091 ], [ 128.073419107942129, 42.647015573224301 ], [ 128.073727612569314, 42.647453454744756 ] ] ] } },
{ "type": "Feature", "properties": { "DSN": "军舰山玄武岩                            ", "DSO": "βQ↓1   ", "DSO_TXT": "βQ1", "CHFCAC": "K5215D01D00183", "SHEET": "K5215" }, "geometry": { "type": "MultiPolygon", "coordinates": [ [ [ [ 128.00100879984231, 42.636058470331974 ], [ 128.001008785867413, 42.627106021393828 ], [ 128.001008785867413, 42.627106021393828 ], [ 128.001828625599188, 42.628001971882661 ], [ 128.002401019550888, 42.629254419539606 ], [ 128.00272888149911, 42.630575952090823 ], [ 128.003378632691863, 42.631826678383845 ], [ 128.003830655373434, 42.633123836566057 ], [ 128.003625477063679, 42.634468121367789 ], [ 128.002553144732929, 42.635541598160565 ], [ 128.00100879984231, 42.636058470331974 ] ] ] ] } }
]
}
